cell,r_center_cm,direction,mu_m,psi_ang_in
0,1.00000000e-02,0,-9.89400935e-01,2.01572795e+00
1,3.00000000e-02,0,-9.89400935e-01,2.01577176e+00
2,5.00000000e-02,0,-9.89400935e-01,2.01581967e+00
3,7.00000000e-02,0,-9.89400935e-01,2.01587164e+00
4,9.00000000e-02,0,-9.89400935e-01,2.01592765e+00
5,1.10000000e-01,0,-9.89400935e-01,2.01598772e+00
6,1.30000000e-01,0,-9.89400935e-01,2.01605183e+00
7,1.50000000e-01,0,-9.89400935e-01,2.01611999e+00
8,1.70000000e-01,0,-9.89400935e-01,2.01619219e+00
9,1.90000000e-01,0,-9.89400935e-01,2.01626845e+00
10,2.10000000e-01,0,-9.89400935e-01,2.01634876e+00
11,2.30000000e-01,0,-9.89400935e-01,2.01643311e+00
12,2.50000000e-01,0,-9.89400935e-01,2.01652151e+00
13,2.70000000e-01,0,-9.89400935e-01,2.01661396e+00
14,2.90000000e-01,0,-9.89400935e-01,2.01671046e+00
15,3.10000000e-01,0,-9.89400935e-01,2.01681100e+00
16,3.30000000e-01,0,-9.89400935e-01,2.01691558e+00
17,3.50000000e-01,0,-9.89400935e-01,2.01702422e+00
18,3.70000000e-01,0,-9.89400935e-01,2.01713689e+00
19,3.90000000e-01,0,-9.89400935e-01,2.01725362e+00
20,4.10000000e-01,0,-9.89400935e-01,2.01737438e+00
21,4.30000000e-01,0,-9.89400935e-01,2.01749920e+00
22,4.50000000e-01,0,-9.89400935e-01,2.01762805e+00
23,4.70000000e-01,0,-9.89400935e-01,2.01776095e+00
24,4.90000000e-01,0,-9.89400935e-01,2.01789790e+00
25,5.10000000e-01,0,-9.89400935e-01,2.01803889e+00
26,5.30000000e-01,0,-9.89400935e-01,2.01818392e+00
27,5.50000000e-01,0,-9.89400935e-01,2.01833301e+00
28,5.70000000e-01,0,-9.89400935e-01,2.01848613e+00
29,5.90000000e-01,0,-9.89400935e-01,2.01864331e+00
30,6.10000000e-01,0,-9.89400935e-01,2.01880452e+00
31,6.30000000e-01,0,-9.89400935e-01,2.01896979e+00
32,6.50000000e-01,0,-9.89400935e-01,2.01913910e+00
33,6.70000000e-01,0,-9.89400935e-01,2.01931246e+00
34,6.90000000e-01,0,-9.89400935e-01,2.01948987e+00
35,7.10000000e-01,0,-9.89400935e-01,2.01967133e+00
36,7.30000000e-01,0,-9.89400935e-01,2.01985683e+00
37,7.50000000e-01,0,-9.89400935e-01,2.02004639e+00
38,7.70000000e-01,0,-9.89400935e-01,2.02023999e+00
39,7.90000000e-01,0,-9.89400935e-01,2.02043765e+00
40,8.10000000e-01,0,-9.89400935e-01,2.02063936e+00
41,8.30000000e-01,0,-9.89400935e-01,2.02084511e+00
42,8.50000000e-01,0,-9.89400935e-01,2.02105492e+00
43,8.70000000e-01,0,-9.89400935e-01,2.02126879e+00
44,8.90000000e-01,0,-9.89400935e-01,2.02148671e+00
45,9.10000000e-01,0,-9.89400935e-01,2.02170868e+00
46,9.30000000e-01,0,-9.89400935e-01,2.02193471e+00
47,9.50000000e-01,0,-9.89400935e-01,2.02216479e+00
48,9.70000000e-01,0,-9.89400935e-01,2.02239893e+00
49,9.90000000e-01,0,-9.89400935e-01,2.02263713e+00
50,1.01000000e+00,0,-9.89400935e-01,2.02287938e+00
51,1.03000000e+00,0,-9.89400935e-01,2.02312570e+00
52,1.05000000e+00,0,-9.89400935e-01,2.02337607e+00
53,1.07000000e+00,0,-9.89400935e-01,2.02363051e+00
54,1.09000000e+00,0,-9.89400935e-01,2.02388901e+00
55,1.11000000e+00,0,-9.89400935e-01,2.02415156e+00
56,1.13000000e+00,0,-9.89400935e-01,2.02441819e+00
57,1.15000000e+00,0,-9.89400935e-01,2.02468888e+00
58,1.17000000e+00,0,-9.89400935e-01,2.02496363e+00
59,1.19000000e+00,0,-9.89400935e-01,2.02524245e+00
60,1.21000000e+00,0,-9.89400935e-01,2.02552533e+00
61,1.23000000e+00,0,-9.89400935e-01,2.02581229e+00
62,1.25000000e+00,0,-9.89400935e-01,2.02610331e+00
63,1.27000000e+00,0,-9.89400935e-01,2.02639840e+00
64,1.29000000e+00,0,-9.89400935e-01,2.02669757e+00
65,1.31000000e+00,0,-9.89400935e-01,2.02700080e+00
66,1.33000000e+00,0,-9.89400935e-01,2.02730811e+00
67,1.35000000e+00,0,-9.89400935e-01,2.02761950e+00
68,1.37000000e+00,0,-9.89400935e-01,2.02793496e+00
69,1.39000000e+00,0,-9.89400935e-01,2.02825449e+00
70,1.41000000e+00,0,-9.89400935e-01,2.02857811e+00
71,1.43000000e+00,0,-9.89400935e-01,2.02890580e+00
72,1.45000000e+00,0,-9.89400935e-01,2.02923757e+00
73,1.47000000e+00,0,-9.89400935e-01,2.02957343e+00
74,1.49000000e+00,0,-9.89400935e-01,2.02991336e+00
75,1.51000000e+00,0,-9.89400935e-01,2.03025738e+00
76,1.53000000e+00,0,-9.89400935e-01,2.03060548e+00
77,1.55000000e+00,0,-9.89400935e-01,2.03095767e+00
78,1.57000000e+00,0,-9.89400935e-01,2.03131395e+00
79,1.59000000e+00,0,-9.89400935e-01,2.03167432e+00
80,1.61000000e+00,0,-9.89400935e-01,2.03203877e+00
81,1.63000000e+00,0,-9.89400935e-01,2.03240732e+00
82,1.65000000e+00,0,-9.89400935e-01,2.03277996e+00
83,1.67000000e+00,0,-9.89400935e-01,2.03315669e+00
84,1.69000000e+00,0,-9.89400935e-01,2.03353752e+00
85,1.71000000e+00,0,-9.89400935e-01,2.03392244e+00
86,1.73000000e+00,0,-9.89400935e-01,2.03431147e+00
87,1.75000000e+00,0,-9.89400935e-01,2.03470459e+00
88,1.77000000e+00,0,-9.89400935e-01,2.03510181e+00
89,1.79000000e+00,0,-9.89400935e-01,2.03550313e+00
90,1.81000000e+00,0,-9.89400935e-01,2.03590856e+00
91,1.83000000e+00,0,-9.89400935e-01,2.03631809e+00
92,1.85000000e+00,0,-9.89400935e-01,2.03673173e+00
93,1.87000000e+00,0,-9.89400935e-01,2.03714947e+00
94,1.89000000e+00,0,-9.89400935e-01,2.03757133e+00
95,1.91000000e+00,0,-9.89400935e-01,2.03799729e+00
96,1.93000000e+00,0,-9.89400935e-01,2.03842737e+00
97,1.95000000e+00,0,-9.89400935e-01,2.03886156e+00
98,1.97000000e+00,0,-9.89400935e-01,2.03929987e+00
99,1.99000000e+00,0,-9.89400935e-01,2.03974230e+00
100,2.01000000e+00,0,-9.89400935e-01,2.04018884e+00
101,2.03000000e+00,0,-9.89400935e-01,2.04063950e+00
102,2.05000000e+00,0,-9.89400935e-01,2.04109429e+00
103,2.07000000e+00,0,-9.89400935e-01,2.04155320e+00
104,2.09000000e+00,0,-9.89400935e-01,2.04201623e+00
105,2.11000000e+00,0,-9.89400935e-01,2.04248339e+00
106,2.13000000e+00,0,-9.89400935e-01,2.04295468e+00
107,2.15000000e+00,0,-9.89400935e-01,2.04343010e+00
108,2.17000000e+00,0,-9.89400935e-01,2.04390965e+00
109,2.19000000e+00,0,-9.89400935e-01,2.04439333e+00
110,2.21000000e+00,0,-9.89400935e-01,2.04488115e+00
111,2.23000000e+00,0,-9.89400935e-01,2.04537310e+00
112,2.25000000e+00,0,-9.89400935e-01,2.04586920e+00
113,2.27000000e+00,0,-9.89400935e-01,2.04636943e+00
114,2.29000000e+00,0,-9.89400935e-01,2.04687381e+00
115,2.31000000e+00,0,-9.89400935e-01,2.04738233e+00
116,2.33000000e+00,0,-9.89400935e-01,2.04789500e+00
117,2.35000000e+00,0,-9.89400935e-01,2.04841182e+00
118,2.37000000e+00,0,-9.89400935e-01,2.04893278e+00
119,2.39000000e+00,0,-9.89400935e-01,2.04945790e+00
120,2.41000000e+00,0,-9.89400935e-01,2.04998717e+00
121,2.43000000e+00,0,-9.89400935e-01,2.05052059e+00
122,2.45000000e+00,0,-9.89400935e-01,2.05105818e+00
123,2.47000000e+00,0,-9.89400935e-01,2.05159992e+00
124,2.49000000e+00,0,-9.89400935e-01,2.05214582e+00
125,2.51000000e+00,0,-9.89400935e-01,2.05269589e+00
126,2.53000000e+00,0,-9.89400935e-01,2.05325012e+00
127,2.55000000e+00,0,-9.89400935e-01,2.05380852e+00
128,2.57000000e+00,0,-9.89400935e-01,2.05437108e+00
129,2.59000000e+00,0,-9.89400935e-01,2.05493782e+00
130,2.61000000e+00,0,-9.89400935e-01,2.05550873e+00
131,2.63000000e+00,0,-9.89400935e-01,2.05608382e+00
132,2.65000000e+00,0,-9.89400935e-01,2.05666308e+00
133,2.67000000e+00,0,-9.89400935e-01,2.05724653e+00
134,2.69000000e+00,0,-9.89400935e-01,2.05783415e+00
135,2.71000000e+00,0,-9.89400935e-01,2.05842596e+00
136,2.73000000e+00,0,-9.89400935e-01,2.05902195e+00
137,2.75000000e+00,0,-9.89400935e-01,2.05962213e+00
138,2.77000000e+00,0,-9.89400935e-01,2.06022651e+00
139,2.79000000e+00,0,-9.89400935e-01,2.06083507e+00
140,2.81000000e+00,0,-9.89400935e-01,2.06144783e+00
141,2.83000000e+00,0,-9.89400935e-01,2.06206478e+00
142,2.85000000e+00,0,-9.89400935e-01,2.06268594e+00
143,2.87000000e+00,0,-9.89400935e-01,2.06331129e+00
144,2.89000000e+00,0,-9.89400935e-01,2.06394085e+00
145,2.91000000e+00,0,-9.89400935e-01,2.06457461e+00
146,2.93000000e+00,0,-9.89400935e-01,2.06521259e+00
147,2.95000000e+00,0,-9.89400935e-01,2.06585477e+00
148,2.97000000e+00,0,-9.89400935e-01,2.06650116e+00
149,2.99000000e+00,0,-9.89400935e-01,2.06715177e+00
150,3.01000000e+00,0,-9.89400935e-01,2.06780660e+00
151,3.03000000e+00,0,-9.89400935e-01,2.06846564e+00
152,3.05000000e+00,0,-9.89400935e-01,2.06912891e+00
153,3.07000000e+00,0,-9.89400935e-01,2.06979640e+00
154,3.09000000e+00,0,-9.89400935e-01,2.07046812e+00
155,3.11000000e+00,0,-9.89400935e-01,2.07114407e+00
156,3.13000000e+00,0,-9.89400935e-01,2.07182424e+00
157,3.15000000e+00,0,-9.89400935e-01,2.07250866e+00
158,3.17000000e+00,0,-9.89400935e-01,2.07319731e+00
159,3.19000000e+00,0,-9.89400935e-01,2.07389019e+00
160,3.21000000e+00,0,-9.89400935e-01,2.07458732e+00
161,3.23000000e+00,0,-9.89400935e-01,2.07528870e+00
162,3.25000000e+00,0,-9.89400935e-01,2.07599432e+00
163,3.27000000e+00,0,-9.89400935e-01,2.07670419e+00
164,3.29000000e+00,0,-9.89400935e-01,2.07741831e+00
165,3.31000000e+00,0,-9.89400935e-01,2.07813668e+00
166,3.33000000e+00,0,-9.89400935e-01,2.07885931e+00
167,3.35000000e+00,0,-9.89400935e-01,2.07958620e+00
168,3.37000000e+00,0,-9.89400935e-01,2.08031736e+00
169,3.39000000e+00,0,-9.89400935e-01,2.08105277e+00
170,3.41000000e+00,0,-9.89400935e-01,2.08179246e+00
171,3.43000000e+00,0,-9.89400935e-01,2.08253641e+00
172,3.45000000e+00,0,-9.89400935e-01,2.08328464e+00
173,3.47000000e+00,0,-9.89400935e-01,2.08403714e+00
174,3.49000000e+00,0,-9.89400935e-01,2.08479393e+00
175,3.51000000e+00,0,-9.89400935e-01,2.08555499e+00
176,3.53000000e+00,0,-9.89400935e-01,2.08632033e+00
177,3.55000000e+00,0,-9.89400935e-01,2.08708996e+00
178,3.57000000e+00,0,-9.89400935e-01,2.08786388e+00
179,3.59000000e+00,0,-9.89400935e-01,2.08864210e+00
180,3.61000000e+00,0,-9.89400935e-01,2.08942460e+00
181,3.63000000e+00,0,-9.89400935e-01,2.09021141e+00
182,3.65000000e+00,0,-9.89400935e-01,2.09100251e+00
183,3.67000000e+00,0,-9.89400935e-01,2.09179792e+00
184,3.69000000e+00,0,-9.89400935e-01,2.09259764e+00
185,3.71000000e+00,0,-9.89400935e-01,2.09340166e+00
186,3.73000000e+00,0,-9.89400935e-01,2.09420999e+00
187,3.75000000e+00,0,-9.89400935e-01,2.09502264e+00
188,3.77000000e+00,0,-9.89400935e-01,2.09583961e+00
189,3.79000000e+00,0,-9.89400935e-01,2.09666090e+00
190,3.81000000e+00,0,-9.89400935e-01,2.09748651e+00
191,3.83000000e+00,0,-9.89400935e-01,2.09831645e+00
192,3.85000000e+00,0,-9.89400935e-01,2.09915072e+00
193,3.87000000e+00,0,-9.89400935e-01,2.09998932e+00
194,3.89000000e+00,0,-9.89400935e-01,2.10083225e+00
195,3.91000000e+00,0,-9.89400935e-01,2.10167953e+00
196,3.93000000e+00,0,-9.89400935e-01,2.10253115e+00
197,3.95000000e+00,0,-9.89400935e-01,2.10338711e+00
198,3.97000000e+00,0,-9.89400935e-01,2.10424742e+00
199,3.99000000e+00,0,-9.89400935e-01,2.10511208e+00
200,4.01000000e+00,0,-9.89400935e-01,2.10598109e+00
201,4.03000000e+00,0,-9.89400935e-01,2.10685447e+00
202,4.05000000e+00,0,-9.89400935e-01,2.10773220e+00
203,4.07000000e+00,0,-9.89400935e-01,2.10861430e+00
204,4.09000000e+00,0,-9.89400935e-01,2.10950076e+00
205,4.11000000e+00,0,-9.89400935e-01,2.11039159e+00
206,4.13000000e+00,0,-9.89400935e-01,2.11128680e+00
207,4.15000000e+00,0,-9.89400935e-01,2.11218638e+00
208,4.17000000e+00,0,-9.89400935e-01,2.11309035e+00
209,4.19000000e+00,0,-9.89400935e-01,2.11399869e+00
210,4.21000000e+00,0,-9.89400935e-01,2.11491143e+00
211,4.23000000e+00,0,-9.89400935e-01,2.11582855e+00
212,4.25000000e+00,0,-9.89400935e-01,2.11675006e+00
213,4.27000000e+00,0,-9.89400935e-01,2.11767598e+00
214,4.29000000e+00,0,-9.89400935e-01,2.11860629e+00
215,4.31000000e+00,0,-9.89400935e-01,2.11954100e+00
216,4.33000000e+00,0,-9.89400935e-01,2.12048012e+00
217,4.35000000e+00,0,-9.89400935e-01,2.12142365e+00
218,4.37000000e+00,0,-9.89400935e-01,2.12237160e+00
219,4.39000000e+00,0,-9.89400935e-01,2.12332396e+00
220,4.41000000e+00,0,-9.89400935e-01,2.12428074e+00
221,4.43000000e+00,0,-9.89400935e-01,2.12524194e+00
222,4.45000000e+00,0,-9.89400935e-01,2.12620757e+00
223,4.47000000e+00,0,-9.89400935e-01,2.12717763e+00
224,4.49000000e+00,0,-9.89400935e-01,2.12815213e+00
225,4.51000000e+00,0,-9.89400935e-01,2.12913106e+00
226,4.53000000e+00,0,-9.89400935e-01,2.13011443e+00
227,4.55000000e+00,0,-9.89400935e-01,2.13110225e+00
228,4.57000000e+00,0,-9.89400935e-01,2.13209452e+00
229,4.59000000e+00,0,-9.89400935e-01,2.13309124e+00
230,4.61000000e+00,0,-9.89400935e-01,2.13409241e+00
231,4.63000000e+00,0,-9.89400935e-01,2.13509805e+00
232,4.65000000e+00,0,-9.89400935e-01,2.13610814e+00
233,4.67000000e+00,0,-9.89400935e-01,2.13712271e+00
234,4.69000000e+00,0,-9.89400935e-01,2.13814174e+00
235,4.71000000e+00,0,-9.89400935e-01,2.13916524e+00
236,4.73000000e+00,0,-9.89400935e-01,2.14019323e+00
237,4.75000000e+00,0,-9.89400935e-01,2.14122569e+00
238,4.77000000e+00,0,-9.89400935e-01,2.14226264e+00
239,4.79000000e+00,0,-9.89400935e-01,2.14330408e+00
240,4.81000000e+00,0,-9.89400935e-01,2.14435001e+00
241,4.83000000e+00,0,-9.89400935e-01,2.14540044e+00
242,4.85000000e+00,0,-9.89400935e-01,2.14645537e+00
243,4.87000000e+00,0,-9.89400935e-01,2.14751480e+00
244,4.89000000e+00,0,-9.89400935e-01,2.14857874e+00
245,4.91000000e+00,0,-9.89400935e-01,2.14964719e+00
246,4.93000000e+00,0,-9.89400935e-01,2.15072015e+00
247,4.95000000e+00,0,-9.89400935e-01,2.15179764e+00
248,4.97000000e+00,0,-9.89400935e-01,2.15287965e+00
249,4.99000000e+00,0,-9.89400935e-01,2.15396618e+00
250,5.01000000e+00,0,-9.89400935e-01,2.15505725e+00
251,5.03000000e+00,0,-9.89400935e-01,2.15615285e+00
252,5.05000000e+00,0,-9.89400935e-01,2.15725299e+00
253,5.07000000e+00,0,-9.89400935e-01,2.15835768e+00
254,5.09000000e+00,0,-9.89400935e-01,2.15946691e+00
255,5.11000000e+00,0,-9.89400935e-01,2.16058069e+00
256,5.13000000e+00,0,-9.89400935e-01,2.16169903e+00
257,5.15000000e+00,0,-9.89400935e-01,2.16282192e+00
258,5.17000000e+00,0,-9.89400935e-01,2.16394938e+00
259,5.19000000e+00,0,-9.89400935e-01,2.16508141e+00
260,5.21000000e+00,0,-9.89400935e-01,2.16621801e+00
261,5.23000000e+00,0,-9.89400935e-01,2.16735918e+00
262,5.25000000e+00,0,-9.89400935e-01,2.16850494e+00
263,5.27000000e+00,0,-9.89400935e-01,2.16965527e+00
264,5.29000000e+00,0,-9.89400935e-01,2.17081020e+00
265,5.31000000e+00,0,-9.89400935e-01,2.17196972e+00
266,5.33000000e+00,0,-9.89400935e-01,2.17313383e+00
267,5.35000000e+00,0,-9.89400935e-01,2.17430254e+00
268,5.37000000e+00,0,-9.89400935e-01,2.17547586e+00
269,5.39000000e+00,0,-9.89400935e-01,2.17665379e+00
270,5.41000000e+00,0,-9.89400935e-01,2.17783634e+00
271,5.43000000e+00,0,-9.89400935e-01,2.17902350e+00
272,5.45000000e+00,0,-9.89400935e-01,2.18021528e+00
273,5.47000000e+00,0,-9.89400935e-01,2.18141169e+00
274,5.49000000e+00,0,-9.89400935e-01,2.18261273e+00
275,5.51000000e+00,0,-9.89400935e-01,2.18381840e+00
276,5.53000000e+00,0,-9.89400935e-01,2.18502871e+00
277,5.55000000e+00,0,-9.89400935e-01,2.18624367e+00
278,5.57000000e+00,0,-9.89400935e-01,2.18746328e+00
279,5.59000000e+00,0,-9.89400935e-01,2.18868754e+00
280,5.61000000e+00,0,-9.89400935e-01,2.18991645e+00
281,5.63000000e+00,0,-9.89400935e-01,2.19115003e+00
282,5.65000000e+00,0,-9.89400935e-01,2.19238827e+00
283,5.67000000e+00,0,-9.89400935e-01,2.19363119e+00
284,5.69000000e+00,0,-9.89400935e-01,2.19487878e+00
285,5.71000000e+00,0,-9.89400935e-01,2.19613105e+00
286,5.73000000e+00,0,-9.89400935e-01,2.19738800e+00
287,5.75000000e+00,0,-9.89400935e-01,2.19864964e+00
288,5.77000000e+00,0,-9.89400935e-01,2.19991598e+00
289,5.79000000e+00,0,-9.89400935e-01,2.20118701e+00
290,5.81000000e+00,0,-9.89400935e-01,2.20246275e+00
291,5.83000000e+00,0,-9.89400935e-01,2.20374319e+00
292,5.85000000e+00,0,-9.89400935e-01,2.20502835e+00
293,5.87000000e+00,0,-9.89400935e-01,2.20631822e+00
294,5.89000000e+00,0,-9.89400935e-01,2.20761282e+00
295,5.91000000e+00,0,-9.89400935e-01,2.20891214e+00
296,5.93000000e+00,0,-9.89400935e-01,2.21021619e+00
297,5.95000000e+00,0,-9.89400935e-01,2.21152498e+00
298,5.97000000e+00,0,-9.89400935e-01,2.21283851e+00
299,5.99000000e+00,0,-9.89400935e-01,2.21415678e+00
300,6.01000000e+00,0,-9.89400935e-01,2.21547981e+00
301,6.03000000e+00,0,-9.89400935e-01,2.21680759e+00
302,6.05000000e+00,0,-9.89400935e-01,2.21814013e+00
303,6.07000000e+00,0,-9.89400935e-01,2.21947743e+00
304,6.09000000e+00,0,-9.89400935e-01,2.22081951e+00
305,6.11000000e+00,0,-9.89400935e-01,2.22216636e+00
306,6.13000000e+00,0,-9.89400935e-01,2.22351799e+00
307,6.15000000e+00,0,-9.89400935e-01,2.22487440e+00
308,6.17000000e+00,0,-9.89400935e-01,2.22623560e+00
309,6.19000000e+00,0,-9.89400935e-01,2.22760160e+00
310,6.21000000e+00,0,-9.89400935e-01,2.22897240e+00
311,6.23000000e+00,0,-9.89400935e-01,2.23034801e+00
312,6.25000000e+00,0,-9.89400935e-01,2.23172843e+00
313,6.27000000e+00,0,-9.89400935e-01,2.23311366e+00
314,6.29000000e+00,0,-9.89400935e-01,2.23450371e+00
315,6.31000000e+00,0,-9.89400935e-01,2.23589859e+00
316,6.33000000e+00,0,-9.89400935e-01,2.23729830e+00
317,6.35000000e+00,0,-9.89400935e-01,2.23870285e+00
318,6.37000000e+00,0,-9.89400935e-01,2.24011225e+00
319,6.39000000e+00,0,-9.89400935e-01,2.24152649e+00
320,6.41000000e+00,0,-9.89400935e-01,2.24294558e+00
321,6.43000000e+00,0,-9.89400935e-01,2.24436954e+00
322,6.45000000e+00,0,-9.89400935e-01,2.24579836e+00
323,6.47000000e+00,0,-9.89400935e-01,2.24723205e+00
324,6.49000000e+00,0,-9.89400935e-01,2.24867061e+00
325,6.51000000e+00,0,-9.89400935e-01,2.25011407e+00
326,6.53000000e+00,0,-9.89400935e-01,2.25156241e+00
327,6.55000000e+00,0,-9.89400935e-01,2.25301564e+00
328,6.57000000e+00,0,-9.89400935e-01,2.25447378e+00
329,6.59000000e+00,0,-9.89400935e-01,2.25593683e+00
330,6.61000000e+00,0,-9.89400935e-01,2.25740479e+00
331,6.63000000e+00,0,-9.89400935e-01,2.25887767e+00
332,6.65000000e+00,0,-9.89400935e-01,2.26035548e+00
333,6.67000000e+00,0,-9.89400935e-01,2.26183823e+00
334,6.69000000e+00,0,-9.89400935e-01,2.26332592e+00
335,6.71000000e+00,0,-9.89400935e-01,2.26481856e+00
336,6.73000000e+00,0,-9.89400935e-01,2.26631616e+00
337,6.75000000e+00,0,-9.89400935e-01,2.26781872e+00
338,6.77000000e+00,0,-9.89400935e-01,2.26932626e+00
339,6.79000000e+00,0,-9.89400935e-01,2.27083879e+00
340,6.81000000e+00,0,-9.89400935e-01,2.27235630e+00
341,6.83000000e+00,0,-9.89400935e-01,2.27387882e+00
342,6.85000000e+00,0,-9.89400935e-01,2.27540635e+00
343,6.87000000e+00,0,-9.89400935e-01,2.27693890e+00
344,6.89000000e+00,0,-9.89400935e-01,2.27847649e+00
345,6.91000000e+00,0,-9.89400935e-01,2.28001912e+00
346,6.93000000e+00,0,-9.89400935e-01,2.28156680e+00
347,6.95000000e+00,0,-9.89400935e-01,2.28311956e+00
348,6.97000000e+00,0,-9.89400935e-01,2.28467740e+00
349,6.99000000e+00,0,-9.89400935e-01,2.28624034e+00
350,7.01000000e+00,0,-9.89400935e-01,2.28780839e+00
351,7.03000000e+00,0,-9.89400935e-01,2.28938157e+00
352,7.05000000e+00,0,-9.89400935e-01,2.29095990e+00
353,7.07000000e+00,0,-9.89400935e-01,2.29254339e+00
354,7.09000000e+00,0,-9.89400935e-01,2.29413207e+00
355,7.11000000e+00,0,-9.89400935e-01,2.29572596e+00
356,7.13000000e+00,0,-9.89400935e-01,2.29732509e+00
357,7.15000000e+00,0,-9.89400935e-01,2.29892947e+00
358,7.17000000e+00,0,-9.89400935e-01,2.30053914e+00
359,7.19000000e+00,0,-9.89400935e-01,2.30215413e+00
360,7.21000000e+00,0,-9.89400935e-01,2.30377447e+00
361,7.23000000e+00,0,-9.89400935e-01,2.30540019e+00
362,7.25000000e+00,0,-9.89400935e-01,2.30703135e+00
363,7.27000000e+00,0,-9.89400935e-01,2.30866797e+00
364,7.29000000e+00,0,-9.89400935e-01,2.31031010e+00
365,7.31000000e+00,0,-9.89400935e-01,2.31195781e+00
366,7.33000000e+00,0,-9.89400935e-01,2.31361113e+00
367,7.35000000e+00,0,-9.89400935e-01,2.31527014e+00
368,7.37000000e+00,0,-9.89400935e-01,2.31693491e+00
369,7.39000000e+00,0,-9.89400935e-01,2.31860550e+00
370,7.41000000e+00,0,-9.89400935e-01,2.32028199e+00
371,7.43000000e+00,0,-9.89400935e-01,2.32196449e+00
372,7.45000000e+00,0,-9.89400935e-01,2.32365308e+00
373,7.47000000e+00,0,-9.89400935e-01,2.32534787e+00
374,7.49000000e+00,0,-9.89400935e-01,2.32704899e+00
375,7.51000000e+00,0,-9.89400935e-01,2.32875656e+00
376,7.53000000e+00,0,-9.89400935e-01,2.33047074e+00
377,7.55000000e+00,0,-9.89400935e-01,2.33219167e+00
378,7.57000000e+00,0,-9.89400935e-01,2.33391954e+00
379,7.59000000e+00,0,-9.89400935e-01,2.33565454e+00
380,7.61000000e+00,0,-9.89400935e-01,2.33739689e+00
381,7.63000000e+00,0,-9.89400935e-01,2.33914682e+00
382,7.65000000e+00,0,-9.89400935e-01,2.34090459e+00
383,7.67000000e+00,0,-9.89400935e-01,2.34267050e+00
384,7.69000000e+00,0,-9.89400935e-01,2.34444486e+00
385,7.71000000e+00,0,-9.89400935e-01,2.34622803e+00
386,7.73000000e+00,0,-9.89400935e-01,2.34802040e+00
387,7.75000000e+00,0,-9.89400935e-01,2.34982240e+00
388,7.77000000e+00,0,-9.89400935e-01,2.35163451e+00
389,7.79000000e+00,0,-9.89400935e-01,2.35345724e+00
390,7.81000000e+00,0,-9.89400935e-01,2.35529120e+00
391,7.83000000e+00,0,-9.89400935e-01,2.35713701e+00
392,7.85000000e+00,0,-9.89400935e-01,2.35899540e+00
393,7.87000000e+00,0,-9.89400935e-01,2.36086716e+00
394,7.89000000e+00,0,-9.89400935e-01,2.36275315e+00
395,7.91000000e+00,0,-9.89400935e-01,2.36465434e+00
396,7.93000000e+00,0,-9.89400935e-01,2.36657180e+00
397,7.95000000e+00,0,-9.89400935e-01,2.36850671e+00
398,7.97000000e+00,0,-9.89400935e-01,2.37046037e+00
399,7.99000000e+00,0,-9.89400935e-01,2.37243424e+00
400,8.01000000e+00,0,-9.89400935e-01,2.37442991e+00
401,8.03000000e+00,0,-9.89400935e-01,2.37644916e+00
402,8.05000000e+00,0,-9.89400935e-01,2.37849393e+00
403,8.07000000e+00,0,-9.89400935e-01,2.38056640e+00
404,8.09000000e+00,0,-9.89400935e-01,2.38266897e+00
405,8.11000000e+00,0,-9.89400935e-01,2.38480428e+00
406,8.13000000e+00,0,-9.89400935e-01,2.38697529e+00
407,8.15000000e+00,0,-9.89400935e-01,2.38918523e+00
408,8.17000000e+00,0,-9.89400935e-01,2.39143770e+00
409,8.19000000e+00,0,-9.89400935e-01,2.39373668e+00
410,8.21000000e+00,0,-9.89400935e-01,2.39608658e+00
411,8.23000000e+00,0,-9.89400935e-01,2.39849226e+00
412,8.25000000e+00,0,-9.89400935e-01,2.40095914e+00
413,8.27000000e+00,0,-9.89400935e-01,2.40349316e+00
414,8.29000000e+00,0,-9.89400935e-01,2.40610095e+00
415,8.31000000e+00,0,-9.89400935e-01,2.40878982e+00
416,8.33000000e+00,0,-9.89400935e-01,2.41156784e+00
417,8.35000000e+00,0,-9.89400935e-01,2.41444399e+00
418,8.37000000e+00,0,-9.89400935e-01,2.41742818e+00
419,8.39000000e+00,0,-9.89400935e-01,2.42053137e+00
420,8.41000000e+00,0,-9.89400935e-01,2.42376570e+00
421,8.43000000e+00,0,-9.89400935e-01,2.42714462e+00
422,8.45000000e+00,0,-9.89400935e-01,2.43068300e+00
423,8.47000000e+00,0,-9.89400935e-01,2.43439730e+00
424,8.49000000e+00,0,-9.89400935e-01,2.43830574e+00
425,8.51000000e+00,0,-9.89400935e-01,2.44242847e+00
426,8.53000000e+00,0,-9.89400935e-01,2.44678784e+00
427,8.55000000e+00,0,-9.89400935e-01,2.45140852e+00
428,8.57000000e+00,0,-9.89400935e-01,2.45631787e+00
429,8.59000000e+00,0,-9.89400935e-01,2.46154615e+00
430,8.61000000e+00,0,-9.89400935e-01,2.46712685e+00
431,8.63000000e+00,0,-9.89400935e-01,2.47309705e+00
432,8.65000000e+00,0,-9.89400935e-01,2.47949779e+00
433,8.67000000e+00,0,-9.89400935e-01,2.48637447e+00
434,8.69000000e+00,0,-9.89400935e-01,2.49377738e+00
435,8.71000000e+00,0,-9.89400935e-01,2.50176217e+00
436,8.73000000e+00,0,-9.89400935e-01,2.51039042e+00
437,8.75000000e+00,0,-9.89400935e-01,2.51973033e+00
438,8.77000000e+00,0,-9.89400935e-01,2.52985735e+00
439,8.79000000e+00,0,-9.89400935e-01,2.54085503e+00
440,8.81000000e+00,0,-9.89400935e-01,2.55281583e+00
441,8.83000000e+00,0,-9.89400935e-01,2.56584211e+00
442,8.85000000e+00,0,-9.89400935e-01,2.58004717e+00
443,8.87000000e+00,0,-9.89400935e-01,2.59555643e+00
444,8.89000000e+00,0,-9.89400935e-01,2.61250872e+00
445,8.91000000e+00,0,-9.89400935e-01,2.63105772e+00
446,8.93000000e+00,0,-9.89400935e-01,2.65137355e+00
447,8.95000000e+00,0,-9.89400935e-01,2.67364452e+00
448,8.97000000e+00,0,-9.89400935e-01,2.69807910e+00
449,8.99000000e+00,0,-9.89400935e-01,2.72490804e+00
450,9.01000000e+00,0,-9.89400935e-01,2.75438678e+00
451,9.03000000e+00,0,-9.89400935e-01,2.78679811e+00
452,9.05000000e+00,0,-9.89400935e-01,2.82245503e+00
453,9.07000000e+00,0,-9.89400935e-01,2.86170406e+00
454,9.09000000e+00,0,-9.89400935e-01,2.90492876e+00
455,9.11000000e+00,0,-9.89400935e-01,2.95255373e+00
456,9.13000000e+00,0,-9.89400935e-01,3.00504899e+00
457,9.15000000e+00,0,-9.89400935e-01,3.06293481e+00
458,9.17000000e+00,0,-9.89400935e-01,3.12678711e+00
459,9.19000000e+00,0,-9.89400935e-01,3.19724339e+00
460,9.21000000e+00,0,-9.89400935e-01,3.27500931e+00
461,9.23000000e+00,0,-9.89400935e-01,3.36086597e+00
462,9.25000000e+00,0,-9.89400935e-01,3.45567795e+00
463,9.27000000e+00,0,-9.89400935e-01,3.56040224e+00
464,9.29000000e+00,0,-9.89400935e-01,3.67609811e+00
465,9.31000000e+00,0,-9.89400935e-01,3.80393799e+00
466,9.33000000e+00,0,-9.89400935e-01,3.94521960e+00
467,9.35000000e+00,0,-9.89400935e-01,4.10137927e+00
468,9.37000000e+00,0,-9.89400935e-01,4.27400683e+00
469,9.39000000e+00,0,-9.89400935e-01,4.46486191e+00
470,9.41000000e+00,0,-9.89400935e-01,4.67589223e+00
471,9.43000000e+00,0,-9.89400935e-01,4.90925361e+00
472,9.45000000e+00,0,-9.89400935e-01,5.16733242e+00
473,9.47000000e+00,0,-9.89400935e-01,5.45277027e+00
474,9.49000000e+00,0,-9.89400935e-01,5.76849154e+00
475,9.51000000e+00,0,-9.89400935e-01,6.11773392e+00
476,9.53000000e+00,0,-9.89400935e-01,6.50408238e+00
477,9.55000000e+00,0,-9.89400935e-01,6.93150692e+00
478,9.57000000e+00,0,-9.89400935e-01,7.40440472e+00
479,9.59000000e+00,0,-9.89400935e-01,7.92764698e+00
480,9.61000000e+00,0,-9.89400935e-01,8.50663130e+00
481,9.63000000e+00,0,-9.89400935e-01,9.14734013e+00
482,9.65000000e+00,0,-9.89400935e-01,9.85640599e+00
483,9.67000000e+00,0,-9.89400935e-01,1.06411844e+01
484,9.69000000e+00,0,-9.89400935e-01,1.15098352e+01
485,9.71000000e+00,0,-9.89400935e-01,1.24714132e+01
486,9.73000000e+00,0,-9.89400935e-01,1.35359683e+01
487,9.75000000e+00,0,-9.89400935e-01,1.47146567e+01
488,9.77000000e+00,0,-9.89400935e-01,1.60198612e+01
489,9.79000000e+00,0,-9.89400935e-01,1.74653212e+01
490,9.81000000e+00,0,-9.89400935e-01,1.90662679e+01
491,9.83000000e+00,0,-9.89400935e-01,2.08395606e+01
492,9.85000000e+00,0,-9.89400935e-01,2.28038126e+01
493,9.87000000e+00,0,-9.89400935e-01,2.49794942e+01
494,9.89000000e+00,0,-9.89400935e-01,2.73889928e+01
495,9.91000000e+00,0,-9.89400935e-01,3.00566273e+01
496,9.93000000e+00,0,-9.89400935e-01,3.30087069e+01
497,9.95000000e+00,0,-9.89400935e-01,3.62741462e+01
498,9.97000000e+00,0,-9.89400935e-01,3.98878655e+01
499,9.99000000e+00,0,-9.89400935e-01,4.39059151e+01
0,1.00000000e-02,1,-9.44575023e-01,2.01573596e+00
1,3.00000000e-02,1,-9.44575023e-01,2.01577401e+00
2,5.00000000e-02,1,-9.44575023e-01,2.01582016e+00
3,7.00000000e-02,1,-9.44575023e-01,2.01587095e+00
4,9.00000000e-02,1,-9.44575023e-01,2.01592596e+00
5,1.10000000e-01,1,-9.44575023e-01,2.01598509e+00
6,1.30000000e-01,1,-9.44575023e-01,2.01604828e+00
7,1.50000000e-01,1,-9.44575023e-01,2.01611554e+00
8,1.70000000e-01,1,-9.44575023e-01,2.01618684e+00
9,1.90000000e-01,1,-9.44575023e-01,2.01626219e+00
10,2.10000000e-01,1,-9.44575023e-01,2.01634158e+00
11,2.30000000e-01,1,-9.44575023e-01,2.01642501e+00
12,2.50000000e-01,1,-9.44575023e-01,2.01651249e+00
13,2.70000000e-01,1,-9.44575023e-01,2.01660400e+00
14,2.90000000e-01,1,-9.44575023e-01,2.01669956e+00
15,3.10000000e-01,1,-9.44575023e-01,2.01679915e+00
16,3.30000000e-01,1,-9.44575023e-01,2.01690279e+00
17,3.50000000e-01,1,-9.44575023e-01,2.01701046e+00
18,3.70000000e-01,1,-9.44575023e-01,2.01712218e+00
19,3.90000000e-01,1,-9.44575023e-01,2.01723793e+00
20,4.10000000e-01,1,-9.44575023e-01,2.01735772e+00
21,4.30000000e-01,1,-9.44575023e-01,2.01748155e+00
22,4.50000000e-01,1,-9.44575023e-01,2.01760943e+00
23,4.70000000e-01,1,-9.44575023e-01,2.01774134e+00
24,4.90000000e-01,1,-9.44575023e-01,2.01787729e+00
25,5.10000000e-01,1,-9.44575023e-01,2.01801729e+00
26,5.30000000e-01,1,-9.44575023e-01,2.01816132e+00
27,5.50000000e-01,1,-9.44575023e-01,2.01830940e+00
28,5.70000000e-01,1,-9.44575023e-01,2.01846152e+00
29,5.90000000e-01,1,-9.44575023e-01,2.01861768e+00
30,6.10000000e-01,1,-9.44575023e-01,2.01877789e+00
31,6.30000000e-01,1,-9.44575023e-01,2.01894214e+00
32,6.50000000e-01,1,-9.44575023e-01,2.01911043e+00
33,6.70000000e-01,1,-9.44575023e-01,2.01928277e+00
34,6.90000000e-01,1,-9.44575023e-01,2.01945916e+00
35,7.10000000e-01,1,-9.44575023e-01,2.01963959e+00
36,7.30000000e-01,1,-9.44575023e-01,2.01982406e+00
37,7.50000000e-01,1,-9.44575023e-01,2.02001259e+00
38,7.70000000e-01,1,-9.44575023e-01,2.02020516e+00
39,7.90000000e-01,1,-9.44575023e-01,2.02040178e+00
40,8.10000000e-01,1,-9.44575023e-01,2.02060245e+00
41,8.30000000e-01,1,-9.44575023e-01,2.02080717e+00
42,8.50000000e-01,1,-9.44575023e-01,2.02101594e+00
43,8.70000000e-01,1,-9.44575023e-01,2.02122876e+00
44,8.90000000e-01,1,-9.44575023e-01,2.02144564e+00
45,9.10000000e-01,1,-9.44575023e-01,2.02166656e+00
46,9.30000000e-01,1,-9.44575023e-01,2.02189154e+00
47,9.50000000e-01,1,-9.44575023e-01,2.02212058e+00
48,9.70000000e-01,1,-9.44575023e-01,2.02235367e+00
49,9.90000000e-01,1,-9.44575023e-01,2.02259081e+00
50,1.01000000e+00,1,-9.44575023e-01,2.02283202e+00
51,1.03000000e+00,1,-9.44575023e-01,2.02307728e+00
52,1.05000000e+00,1,-9.44575023e-01,2.02332659e+00
53,1.07000000e+00,1,-9.44575023e-01,2.02357997e+00
54,1.09000000e+00,1,-9.44575023e-01,2.02383741e+00
55,1.11000000e+00,1,-9.44575023e-01,2.02409891e+00
56,1.13000000e+00,1,-9.44575023e-01,2.02436447e+00
57,1.15000000e+00,1,-9.44575023e-01,2.02463410e+00
58,1.17000000e+00,1,-9.44575023e-01,2.02490779e+00
59,1.19000000e+00,1,-9.44575023e-01,2.02518554e+00
60,1.21000000e+00,1,-9.44575023e-01,2.02546736e+00
61,1.23000000e+00,1,-9.44575023e-01,2.02575325e+00
62,1.25000000e+00,1,-9.44575023e-01,2.02604320e+00
63,1.27000000e+00,1,-9.44575023e-01,2.02633723e+00
64,1.29000000e+00,1,-9.44575023e-01,2.02663532e+00
65,1.31000000e+00,1,-9.44575023e-01,2.02693749e+00
66,1.33000000e+00,1,-9.44575023e-01,2.02724372e+00
67,1.35000000e+00,1,-9.44575023e-01,2.02755404e+00
68,1.37000000e+00,1,-9.44575023e-01,2.02786842e+00
69,1.39000000e+00,1,-9.44575023e-01,2.02818688e+00
70,1.41000000e+00,1,-9.44575023e-01,2.02850942e+00
71,1.43000000e+00,1,-9.44575023e-01,2.02883604e+00
72,1.45000000e+00,1,-9.44575023e-01,2.02916673e+00
73,1.47000000e+00,1,-9.44575023e-01,2.02950151e+00
74,1.49000000e+00,1,-9.44575023e-01,2.02984036e+00
75,1.51000000e+00,1,-9.44575023e-01,2.03018330e+00
76,1.53000000e+00,1,-9.44575023e-01,2.03053033e+00
77,1.55000000e+00,1,-9.44575023e-01,2.03088143e+00
78,1.57000000e+00,1,-9.44575023e-01,2.03123663e+00
79,1.59000000e+00,1,-9.44575023e-01,2.03159591e+00
80,1.61000000e+00,1,-9.44575023e-01,2.03195928e+00
81,1.63000000e+00,1,-9.44575023e-01,2.03232674e+00
82,1.65000000e+00,1,-9.44575023e-01,2.03269830e+00
83,1.67000000e+00,1,-9.44575023e-01,2.03307394e+00
84,1.69000000e+00,1,-9.44575023e-01,2.03345368e+00
85,1.71000000e+00,1,-9.44575023e-01,2.03383752e+00
86,1.73000000e+00,1,-9.44575023e-01,2.03422545e+00
87,1.75000000e+00,1,-9.44575023e-01,2.03461748e+00
88,1.77000000e+00,1,-9.44575023e-01,2.03501361e+00
89,1.79000000e+00,1,-9.44575023e-01,2.03541385e+00
90,1.81000000e+00,1,-9.44575023e-01,2.03581818e+00
91,1.83000000e+00,1,-9.44575023e-01,2.03622662e+00
92,1.85000000e+00,1,-9.44575023e-01,2.03663916e+00
93,1.87000000e+00,1,-9.44575023e-01,2.03705582e+00
94,1.89000000e+00,1,-9.44575023e-01,2.03747658e+00
95,1.91000000e+00,1,-9.44575023e-01,2.03790145e+00
96,1.93000000e+00,1,-9.44575023e-01,2.03833043e+00
97,1.95000000e+00,1,-9.44575023e-01,2.03876352e+00
98,1.97000000e+00,1,-9.44575023e-01,2.03920073e+00
99,1.99000000e+00,1,-9.44575023e-01,2.03964206e+00
100,2.01000000e+00,1,-9.44575023e-01,2.04008750e+00
101,2.03000000e+00,1,-9.44575023e-01,2.04053706e+00
102,2.05000000e+00,1,-9.44575023e-01,2.04099075e+00
103,2.07000000e+00,1,-9.44575023e-01,2.04144856e+00
104,2.09000000e+00,1,-9.44575023e-01,2.04191049e+00
105,2.11000000e+00,1,-9.44575023e-01,2.04237654e+00
106,2.13000000e+00,1,-9.44575023e-01,2.04284673e+00
107,2.15000000e+00,1,-9.44575023e-01,2.04332104e+00
108,2.17000000e+00,1,-9.44575023e-01,2.04379949e+00
109,2.19000000e+00,1,-9.44575023e-01,2.04428207e+00
110,2.21000000e+00,1,-9.44575023e-01,2.04476878e+00
111,2.23000000e+00,1,-9.44575023e-01,2.04525963e+00
112,2.25000000e+00,1,-9.44575023e-01,2.04575461e+00
113,2.27000000e+00,1,-9.44575023e-01,2.04625374e+00
114,2.29000000e+00,1,-9.44575023e-01,2.04675701e+00
115,2.31000000e+00,1,-9.44575023e-01,2.04726442e+00
116,2.33000000e+00,1,-9.44575023e-01,2.04777598e+00
117,2.35000000e+00,1,-9.44575023e-01,2.04829168e+00
118,2.37000000e+00,1,-9.44575023e-01,2.04881154e+00
119,2.39000000e+00,1,-9.44575023e-01,2.04933554e+00
120,2.41000000e+00,1,-9.44575023e-01,2.04986370e+00
121,2.43000000e+00,1,-9.44575023e-01,2.05039601e+00
122,2.45000000e+00,1,-9.44575023e-01,2.05093248e+00
123,2.47000000e+00,1,-9.44575023e-01,2.05147310e+00
124,2.49000000e+00,1,-9.44575023e-01,2.05201789e+00
125,2.51000000e+00,1,-9.44575023e-01,2.05256684e+00
126,2.53000000e+00,1,-9.44575023e-01,2.05311995e+00
127,2.55000000e+00,1,-9.44575023e-01,2.05367723e+00
128,2.57000000e+00,1,-9.44575023e-01,2.05423868e+00
129,2.59000000e+00,1,-9.44575023e-01,2.05480430e+00
130,2.61000000e+00,1,-9.44575023e-01,2.05537409e+00
131,2.63000000e+00,1,-9.44575023e-01,2.05594805e+00
132,2.65000000e+00,1,-9.44575023e-01,2.05652620e+00
133,2.67000000e+00,1,-9.44575023e-01,2.05710852e+00
134,2.69000000e+00,1,-9.44575023e-01,2.05769502e+00
135,2.71000000e+00,1,-9.44575023e-01,2.05828570e+00
136,2.73000000e+00,1,-9.44575023e-01,2.05888057e+00
137,2.75000000e+00,1,-9.44575023e-01,2.05947963e+00
138,2.77000000e+00,1,-9.44575023e-01,2.06008287e+00
139,2.79000000e+00,1,-9.44575023e-01,2.06069031e+00
140,2.81000000e+00,1,-9.44575023e-01,2.06130194e+00
141,2.83000000e+00,1,-9.44575023e-01,2.06191777e+00
142,2.85000000e+00,1,-9.44575023e-01,2.06253779e+00
143,2.87000000e+00,1,-9.44575023e-01,2.06316202e+00
144,2.89000000e+00,1,-9.44575023e-01,2.06379045e+00
145,2.91000000e+00,1,-9.44575023e-01,2.06442308e+00
146,2.93000000e+00,1,-9.44575023e-01,2.06505992e+00
147,2.95000000e+00,1,-9.44575023e-01,2.06570097e+00
148,2.97000000e+00,1,-9.44575023e-01,2.06634623e+00
149,2.99000000e+00,1,-9.44575023e-01,2.06699570e+00
150,3.01000000e+00,1,-9.44575023e-01,2.06764939e+00
151,3.03000000e+00,1,-9.44575023e-01,2.06830730e+00
152,3.05000000e+00,1,-9.44575023e-01,2.06896943e+00
153,3.07000000e+00,1,-9.44575023e-01,2.06963579e+00
154,3.09000000e+00,1,-9.44575023e-01,2.07030637e+00
155,3.11000000e+00,1,-9.44575023e-01,2.07098118e+00
156,3.13000000e+00,1,-9.44575023e-01,2.07166022e+00
157,3.15000000e+00,1,-9.44575023e-01,2.07234349e+00
158,3.17000000e+00,1,-9.44575023e-01,2.07303100e+00
159,3.19000000e+00,1,-9.44575023e-01,2.07372274e+00
160,3.21000000e+00,1,-9.44575023e-01,2.07441873e+00
161,3.23000000e+00,1,-9.44575023e-01,2.07511896e+00
162,3.25000000e+00,1,-9.44575023e-01,2.07582344e+00
163,3.27000000e+00,1,-9.44575023e-01,2.07653216e+00
164,3.29000000e+00,1,-9.44575023e-01,2.07724513e+00
165,3.31000000e+00,1,-9.44575023e-01,2.07796236e+00
166,3.33000000e+00,1,-9.44575023e-01,2.07868385e+00
167,3.35000000e+00,1,-9.44575023e-01,2.07940959e+00
168,3.37000000e+00,1,-9.44575023e-01,2.08013959e+00
169,3.39000000e+00,1,-9.44575023e-01,2.08087386e+00
170,3.41000000e+00,1,-9.44575023e-01,2.08161240e+00
171,3.43000000e+00,1,-9.44575023e-01,2.08235520e+00
172,3.45000000e+00,1,-9.44575023e-01,2.08310228e+00
173,3.47000000e+00,1,-9.44575023e-01,2.08385363e+00
174,3.49000000e+00,1,-9.44575023e-01,2.08460925e+00
175,3.51000000e+00,1,-9.44575023e-01,2.08536916e+00
176,3.53000000e+00,1,-9.44575023e-01,2.08613335e+00
177,3.55000000e+00,1,-9.44575023e-01,2.08690182e+00
178,3.57000000e+00,1,-9.44575023e-01,2.08767459e+00
179,3.59000000e+00,1,-9.44575023e-01,2.08845164e+00
180,3.61000000e+00,1,-9.44575023e-01,2.08923299e+00
181,3.63000000e+00,1,-9.44575023e-01,2.09001864e+00
182,3.65000000e+00,1,-9.44575023e-01,2.09080858e+00
183,3.67000000e+00,1,-9.44575023e-01,2.09160283e+00
184,3.69000000e+00,1,-9.44575023e-01,2.09240138e+00
185,3.71000000e+00,1,-9.44575023e-01,2.09320424e+00
186,3.73000000e+00,1,-9.44575023e-01,2.09401141e+00
187,3.75000000e+00,1,-9.44575023e-01,2.09482290e+00
188,3.77000000e+00,1,-9.44575023e-01,2.09563870e+00
189,3.79000000e+00,1,-9.44575023e-01,2.09645882e+00
190,3.81000000e+00,1,-9.44575023e-01,2.09728327e+00
191,3.83000000e+00,1,-9.44575023e-01,2.09811204e+00
192,3.85000000e+00,1,-9.44575023e-01,2.09894514e+00
193,3.87000000e+00,1,-9.44575023e-01,2.09978257e+00
194,3.89000000e+00,1,-9.44575023e-01,2.10062433e+00
195,3.91000000e+00,1,-9.44575023e-01,2.10147044e+00
196,3.93000000e+00,1,-9.44575023e-01,2.10232088e+00
197,3.95000000e+00,1,-9.44575023e-01,2.10317567e+00
198,3.97000000e+00,1,-9.44575023e-01,2.10403481e+00
199,3.99000000e+00,1,-9.44575023e-01,2.10489829e+00
200,4.01000000e+00,1,-9.44575023e-01,2.10576613e+00
201,4.03000000e+00,1,-9.44575023e-01,2.10663833e+00
202,4.05000000e+00,1,-9.44575023e-01,2.10751488e+00
203,4.07000000e+00,1,-9.44575023e-01,2.10839580e+00
204,4.09000000e+00,1,-9.44575023e-01,2.10928108e+00
205,4.11000000e+00,1,-9.44575023e-01,2.11017074e+00
206,4.13000000e+00,1,-9.44575023e-01,2.11106476e+00
207,4.15000000e+00,1,-9.44575023e-01,2.11196316e+00
208,4.17000000e+00,1,-9.44575023e-01,2.11286594e+00
209,4.19000000e+00,1,-9.44575023e-01,2.11377310e+00
210,4.21000000e+00,1,-9.44575023e-01,2.11468465e+00
211,4.23000000e+00,1,-9.44575023e-01,2.11560059e+00
212,4.25000000e+00,1,-9.44575023e-01,2.11652091e+00
213,4.27000000e+00,1,-9.44575023e-01,2.11744564e+00
214,4.29000000e+00,1,-9.44575023e-01,2.11837476e+00
215,4.31000000e+00,1,-9.44575023e-01,2.11930828e+00
216,4.33000000e+00,1,-9.44575023e-01,2.12024621e+00
217,4.35000000e+00,1,-9.44575023e-01,2.12118855e+00
218,4.37000000e+00,1,-9.44575023e-01,2.12213530e+00
219,4.39000000e+00,1,-9.44575023e-01,2.12308647e+00
220,4.41000000e+00,1,-9.44575023e-01,2.12404205e+00
221,4.43000000e+00,1,-9.44575023e-01,2.12500206e+00
222,4.45000000e+00,1,-9.44575023e-01,2.12596650e+00
223,4.47000000e+00,1,-9.44575023e-01,2.12693536e+00
224,4.49000000e+00,1,-9.44575023e-01,2.12790866e+00
225,4.51000000e+00,1,-9.44575023e-01,2.12888639e+00
226,4.53000000e+00,1,-9.44575023e-01,2.12986856e+00
227,4.55000000e+00,1,-9.44575023e-01,2.13085518e+00
228,4.57000000e+00,1,-9.44575023e-01,2.13184624e+00
229,4.59000000e+00,1,-9.44575023e-01,2.13284176e+00
230,4.61000000e+00,1,-9.44575023e-01,2.13384173e+00
231,4.63000000e+00,1,-9.44575023e-01,2.13484616e+00
232,4.65000000e+00,1,-9.44575023e-01,2.13585505e+00
233,4.67000000e+00,1,-9.44575023e-01,2.13686840e+00
234,4.69000000e+00,1,-9.44575023e-01,2.13788622e+00
235,4.71000000e+00,1,-9.44575023e-01,2.13890852e+00
236,4.73000000e+00,1,-9.44575023e-01,2.13993529e+00
237,4.75000000e+00,1,-9.44575023e-01,2.14096655e+00
238,4.77000000e+00,1,-9.44575023e-01,2.14200228e+00
239,4.79000000e+00,1,-9.44575023e-01,2.14304251e+00
240,4.81000000e+00,1,-9.44575023e-01,2.14408722e+00
241,4.83000000e+00,1,-9.44575023e-01,2.14513643e+00
242,4.85000000e+00,1,-9.44575023e-01,2.14619014e+00
243,4.87000000e+00,1,-9.44575023e-01,2.14724836e+00
244,4.89000000e+00,1,-9.44575023e-01,2.14831108e+00
245,4.91000000e+00,1,-9.44575023e-01,2.14937830e+00
246,4.93000000e+00,1,-9.44575023e-01,2.15045005e+00
247,4.95000000e+00,1,-9.44575023e-01,2.15152631e+00
248,4.97000000e+00,1,-9.44575023e-01,2.15260710e+00
249,4.99000000e+00,1,-9.44575023e-01,2.15369241e+00
250,5.01000000e+00,1,-9.44575023e-01,2.15478225e+00
251,5.03000000e+00,1,-9.44575023e-01,2.15587662e+00
252,5.05000000e+00,1,-9.44575023e-01,2.15697553e+00
253,5.07000000e+00,1,-9.44575023e-01,2.15807899e+00
254,5.09000000e+00,1,-9.44575023e-01,2.15918699e+00
255,5.11000000e+00,1,-9.44575023e-01,2.16029954e+00
256,5.13000000e+00,1,-9.44575023e-01,2.16141664e+00
257,5.15000000e+00,1,-9.44575023e-01,2.16253831e+00
258,5.17000000e+00,1,-9.44575023e-01,2.16366453e+00
259,5.19000000e+00,1,-9.44575023e-01,2.16479532e+00
260,5.21000000e+00,1,-9.44575023e-01,2.16593068e+00
261,5.23000000e+00,1,-9.44575023e-01,2.16707062e+00
262,5.25000000e+00,1,-9.44575023e-01,2.16821513e+00
263,5.27000000e+00,1,-9.44575023e-01,2.16936423e+00
264,5.29000000e+00,1,-9.44575023e-01,2.17051791e+00
265,5.31000000e+00,1,-9.44575023e-01,2.17167618e+00
266,5.33000000e+00,1,-9.44575023e-01,2.17283905e+00
267,5.35000000e+00,1,-9.44575023e-01,2.17400652e+00
268,5.37000000e+00,1,-9.44575023e-01,2.17517860e+00
269,5.39000000e+00,1,-9.44575023e-01,2.17635528e+00
270,5.41000000e+00,1,-9.44575023e-01,2.17753657e+00
271,5.43000000e+00,1,-9.44575023e-01,2.17872248e+00
272,5.45000000e+00,1,-9.44575023e-01,2.17991301e+00
273,5.47000000e+00,1,-9.44575023e-01,2.18110817e+00
274,5.49000000e+00,1,-9.44575023e-01,2.18230795e+00
275,5.51000000e+00,1,-9.44575023e-01,2.18351237e+00
276,5.53000000e+00,1,-9.44575023e-01,2.18472143e+00
277,5.55000000e+00,1,-9.44575023e-01,2.18593513e+00
278,5.57000000e+00,1,-9.44575023e-01,2.18715347e+00
279,5.59000000e+00,1,-9.44575023e-01,2.18837647e+00
280,5.61000000e+00,1,-9.44575023e-01,2.18960413e+00
281,5.63000000e+00,1,-9.44575023e-01,2.19083644e+00
282,5.65000000e+00,1,-9.44575023e-01,2.19207342e+00
283,5.67000000e+00,1,-9.44575023e-01,2.19331507e+00
284,5.69000000e+00,1,-9.44575023e-01,2.19456139e+00
285,5.71000000e+00,1,-9.44575023e-01,2.19581240e+00
286,5.73000000e+00,1,-9.44575023e-01,2.19706808e+00
287,5.75000000e+00,1,-9.44575023e-01,2.19832845e+00
288,5.77000000e+00,1,-9.44575023e-01,2.19959352e+00
289,5.79000000e+00,1,-9.44575023e-01,2.20086328e+00
290,5.81000000e+00,1,-9.44575023e-01,2.20213774e+00
291,5.83000000e+00,1,-9.44575023e-01,2.20341691e+00
292,5.85000000e+00,1,-9.44575023e-01,2.20470079e+00
293,5.87000000e+00,1,-9.44575023e-01,2.20598938e+00
294,5.89000000e+00,1,-9.44575023e-01,2.20728270e+00
295,5.91000000e+00,1,-9.44575023e-01,2.20858073e+00
296,5.93000000e+00,1,-9.44575023e-01,2.20988350e+00
297,5.95000000e+00,1,-9.44575023e-01,2.21119101e+00
298,5.97000000e+00,1,-9.44575023e-01,2.21250325e+00
299,5.99000000e+00,1,-9.44575023e-01,2.21382024e+00
300,6.01000000e+00,1,-9.44575023e-01,2.21514197e+00
301,6.03000000e+00,1,-9.44575023e-01,2.21646846e+00
302,6.05000000e+00,1,-9.44575023e-01,2.21779971e+00
303,6.07000000e+00,1,-9.44575023e-01,2.21913572e+00
304,6.09000000e+00,1,-9.44575023e-01,2.22047649e+00
305,6.11000000e+00,1,-9.44575023e-01,2.22182205e+00
306,6.13000000e+00,1,-9.44575023e-01,2.22317238e+00
307,6.15000000e+00,1,-9.44575023e-01,2.22452749e+00
308,6.17000000e+00,1,-9.44575023e-01,2.22588739e+00
309,6.19000000e+00,1,-9.44575023e-01,2.22725208e+00
310,6.21000000e+00,1,-9.44575023e-01,2.22862158e+00
311,6.23000000e+00,1,-9.44575023e-01,2.22999587e+00
312,6.25000000e+00,1,-9.44575023e-01,2.23137498e+00
313,6.27000000e+00,1,-9.44575023e-01,2.23275889e+00
314,6.29000000e+00,1,-9.44575023e-01,2.23414763e+00
315,6.31000000e+00,1,-9.44575023e-01,2.23554119e+00
316,6.33000000e+00,1,-9.44575023e-01,2.23693958e+00
317,6.35000000e+00,1,-9.44575023e-01,2.23834281e+00
318,6.37000000e+00,1,-9.44575023e-01,2.23975087e+00
319,6.39000000e+00,1,-9.44575023e-01,2.24116378e+00
320,6.41000000e+00,1,-9.44575023e-01,2.24258154e+00
321,6.43000000e+00,1,-9.44575023e-01,2.24400415e+00
322,6.45000000e+00,1,-9.44575023e-01,2.24543163e+00
323,6.47000000e+00,1,-9.44575023e-01,2.24686397e+00
324,6.49000000e+00,1,-9.44575023e-01,2.24830119e+00
325,6.51000000e+00,1,-9.44575023e-01,2.24974329e+00
326,6.53000000e+00,1,-9.44575023e-01,2.25119027e+00
327,6.55000000e+00,1,-9.44575023e-01,2.25264213e+00
328,6.57000000e+00,1,-9.44575023e-01,2.25409890e+00
329,6.59000000e+00,1,-9.44575023e-01,2.25556056e+00
330,6.61000000e+00,1,-9.44575023e-01,2.25702714e+00
331,6.63000000e+00,1,-9.44575023e-01,2.25849863e+00
332,6.65000000e+00,1,-9.44575023e-01,2.25997503e+00
333,6.67000000e+00,1,-9.44575023e-01,2.26145637e+00
334,6.69000000e+00,1,-9.44575023e-01,2.26294263e+00
335,6.71000000e+00,1,-9.44575023e-01,2.26443384e+00
336,6.73000000e+00,1,-9.44575023e-01,2.26592999e+00
337,6.75000000e+00,1,-9.44575023e-01,2.26743110e+00
338,6.77000000e+00,1,-9.44575023e-01,2.26893716e+00
339,6.79000000e+00,1,-9.44575023e-01,2.27044819e+00
340,6.81000000e+00,1,-9.44575023e-01,2.27196420e+00
341,6.83000000e+00,1,-9.44575023e-01,2.27348519e+00
342,6.85000000e+00,1,-9.44575023e-01,2.27501117e+00
343,6.87000000e+00,1,-9.44575023e-01,2.27654214e+00
344,6.89000000e+00,1,-9.44575023e-01,2.27807813e+00
345,6.91000000e+00,1,-9.44575023e-01,2.27961913e+00
346,6.93000000e+00,1,-9.44575023e-01,2.28116515e+00
347,6.95000000e+00,1,-9.44575023e-01,2.28271621e+00
348,6.97000000e+00,1,-9.44575023e-01,2.28427231e+00
349,6.99000000e+00,1,-9.44575023e-01,2.28583347e+00
350,7.01000000e+00,1,-9.44575023e-01,2.28739969e+00
351,7.03000000e+00,1,-9.44575023e-01,2.28897099e+00
352,7.05000000e+00,1,-9.44575023e-01,2.29054738e+00
353,7.07000000e+00,1,-9.44575023e-01,2.29212888e+00
354,7.09000000e+00,1,-9.44575023e-01,2.29371548e+00
355,7.11000000e+00,1,-9.44575023e-01,2.29530722e+00
356,7.13000000e+00,1,-9.44575023e-01,2.29690411e+00
357,7.15000000e+00,1,-9.44575023e-01,2.29850616e+00
358,7.17000000e+00,1,-9.44575023e-01,2.30011338e+00
359,7.19000000e+00,1,-9.44575023e-01,2.30172581e+00
360,7.21000000e+00,1,-9.44575023e-01,2.30334346e+00
361,7.23000000e+00,1,-9.44575023e-01,2.30496634e+00
362,7.25000000e+00,1,-9.44575023e-01,2.30659450e+00
363,7.27000000e+00,1,-9.44575023e-01,2.30822794e+00
364,7.29000000e+00,1,-9.44575023e-01,2.30986670e+00
365,7.31000000e+00,1,-9.44575023e-01,2.31151081e+00
366,7.33000000e+00,1,-9.44575023e-01,2.31316030e+00
367,7.35000000e+00,1,-9.44575023e-01,2.31481521e+00
368,7.37000000e+00,1,-9.44575023e-01,2.31647557e+00
369,7.39000000e+00,1,-9.44575023e-01,2.31814143e+00
370,7.41000000e+00,1,-9.44575023e-01,2.31981283e+00
371,7.43000000e+00,1,-9.44575023e-01,2.32148982e+00
372,7.45000000e+00,1,-9.44575023e-01,2.32317246e+00
373,7.47000000e+00,1,-9.44575023e-01,2.32486080e+00
374,7.49000000e+00,1,-9.44575023e-01,2.32655492e+00
375,7.51000000e+00,1,-9.44575023e-01,2.32825488e+00
376,7.53000000e+00,1,-9.44575023e-01,2.32996077e+00
377,7.55000000e+00,1,-9.44575023e-01,2.33167266e+00
378,7.57000000e+00,1,-9.44575023e-01,2.33339066e+00
379,7.59000000e+00,1,-9.44575023e-01,2.33511486e+00
380,7.61000000e+00,1,-9.44575023e-01,2.33684540e+00
381,7.63000000e+00,1,-9.44575023e-01,2.33858238e+00
382,7.65000000e+00,1,-9.44575023e-01,2.34032594e+00
383,7.67000000e+00,1,-9.44575023e-01,2.34207626e+00
384,7.69000000e+00,1,-9.44575023e-01,2.34383348e+00
385,7.71000000e+00,1,-9.44575023e-01,2.34559780e+00
386,7.73000000e+00,1,-9.44575023e-01,2.34736942e+00
387,7.75000000e+00,1,-9.44575023e-01,2.34914857e+00
388,7.77000000e+00,1,-9.44575023e-01,2.35093549e+00
389,7.79000000e+00,1,-9.44575023e-01,2.35273047e+00
390,7.81000000e+00,1,-9.44575023e-01,2.35453380e+00
391,7.83000000e+00,1,-9.44575023e-01,2.35634582e+00
392,7.85000000e+00,1,-9.44575023e-01,2.35816690e+00
393,7.87000000e+00,1,-9.44575023e-01,2.35999745e+00
394,7.89000000e+00,1,-9.44575023e-01,2.36183791e+00
395,7.91000000e+00,1,-9.44575023e-01,2.36368879e+00
396,7.93000000e+00,1,-9.44575023e-01,2.36555063e+00
397,7.95000000e+00,1,-9.44575023e-01,2.36742405e+00
398,7.97000000e+00,1,-9.44575023e-01,2.36930969e+00
399,7.99000000e+00,1,-9.44575023e-01,2.37120832e+00
400,8.01000000e+00,1,-9.44575023e-01,2.37312075e+00
401,8.03000000e+00,1,-9.44575023e-01,2.37504787e+00
402,8.05000000e+00,1,-9.44575023e-01,2.37699069e+00
403,8.07000000e+00,1,-9.44575023e-01,2.37895030e+00
404,8.09000000e+00,1,-9.44575023e-01,2.38092793e+00
405,8.11000000e+00,1,-9.44575023e-01,2.38292492e+00
406,8.13000000e+00,1,-9.44575023e-01,2.38494276e+00
407,8.15000000e+00,1,-9.44575023e-01,2.38698310e+00
408,8.17000000e+00,1,-9.44575023e-01,2.38904773e+00
409,8.19000000e+00,1,-9.44575023e-01,2.39113869e+00
410,8.21000000e+00,1,-9.44575023e-01,2.39325817e+00
411,8.23000000e+00,1,-9.44575023e-01,2.39540864e+00
412,8.25000000e+00,1,-9.44575023e-01,2.39759281e+00
413,8.27000000e+00,1,-9.44575023e-01,2.39981367e+00
414,8.29000000e+00,1,-9.44575023e-01,2.40207452e+00
415,8.31000000e+00,1,-9.44575023e-01,2.40437904e+00
416,8.33000000e+00,1,-9.44575023e-01,2.40673126e+00
417,8.35000000e+00,1,-9.44575023e-01,2.40913566e+00
418,8.37000000e+00,1,-9.44575023e-01,2.41159719e+00
419,8.39000000e+00,1,-9.44575023e-01,2.41412130e+00
420,8.41000000e+00,1,-9.44575023e-01,2.41671403e+00
421,8.43000000e+00,1,-9.44575023e-01,2.41938208e+00
422,8.45000000e+00,1,-9.44575023e-01,2.42213281e+00
423,8.47000000e+00,1,-9.44575023e-01,2.42497440e+00
424,8.49000000e+00,1,-9.44575023e-01,2.42791586e+00
425,8.51000000e+00,1,-9.44575023e-01,2.43096717e+00
426,8.53000000e+00,1,-9.44575023e-01,2.43413938e+00
427,8.55000000e+00,1,-9.44575023e-01,2.43744466e+00
428,8.57000000e+00,1,-9.44575023e-01,2.44089651e+00
429,8.59000000e+00,1,-9.44575023e-01,2.44450983e+00
430,8.61000000e+00,1,-9.44575023e-01,2.44830112e+00
431,8.63000000e+00,1,-9.44575023e-01,2.45228860e+00
432,8.65000000e+00,1,-9.44575023e-01,2.45649243e+00
433,8.67000000e+00,1,-9.44575023e-01,2.46093489e+00
434,8.69000000e+00,1,-9.44575023e-01,2.46564065e+00
435,8.71000000e+00,1,-9.44575023e-01,2.47063696e+00
436,8.73000000e+00,1,-9.44575023e-01,2.47595395e+00
437,8.75000000e+00,1,-9.44575023e-01,2.48162497e+00
438,8.77000000e+00,1,-9.44575023e-01,2.48768688e+00
439,8.79000000e+00,1,-9.44575023e-01,2.49418046e+00
440,8.81000000e+00,1,-9.44575023e-01,2.50115079e+00
441,8.83000000e+00,1,-9.44575023e-01,2.50864775e+00
442,8.85000000e+00,1,-9.44575023e-01,2.51672651e+00
443,8.87000000e+00,1,-9.44575023e-01,2.52544808e+00
444,8.89000000e+00,1,-9.44575023e-01,2.53487993e+00
445,8.91000000e+00,1,-9.44575023e-01,2.54509673e+00
446,8.93000000e+00,1,-9.44575023e-01,2.55618103e+00
447,8.95000000e+00,1,-9.44575023e-01,2.56822417e+00
448,8.97000000e+00,1,-9.44575023e-01,2.58132718e+00
449,8.99000000e+00,1,-9.44575023e-01,2.59560182e+00
450,9.01000000e+00,1,-9.44575023e-01,2.61117171e+00
451,9.03000000e+00,1,-9.44575023e-01,2.62817362e+00
452,9.05000000e+00,1,-9.44575023e-01,2.64675881e+00
453,9.07000000e+00,1,-9.44575023e-01,2.66709466e+00
454,9.09000000e+00,1,-9.44575023e-01,2.68936630e+00
455,9.11000000e+00,1,-9.44575023e-01,2.71377852e+00
456,9.13000000e+00,1,-9.44575023e-01,2.74055788e+00
457,9.15000000e+00,1,-9.44575023e-01,2.76995502e+00
458,9.17000000e+00,1,-9.44575023e-01,2.80224716e+00
459,9.19000000e+00,1,-9.44575023e-01,2.83774099e+00
460,9.21000000e+00,1,-9.44575023e-01,2.87677578e+00
461,9.23000000e+00,1,-9.44575023e-01,2.91972679e+00
462,9.25000000e+00,1,-9.44575023e-01,2.96700912e+00
463,9.27000000e+00,1,-9.44575023e-01,3.01908194e+00
464,9.29000000e+00,1,-9.44575023e-01,3.07645313e+00
465,9.31000000e+00,1,-9.44575023e-01,3.13968447e+00
466,9.33000000e+00,1,-9.44575023e-01,3.20939734e+00
467,9.35000000e+00,1,-9.44575023e-01,3.28627903e+00
468,9.37000000e+00,1,-9.44575023e-01,3.37108975e+00
469,9.39000000e+00,1,-9.44575023e-01,3.46467041e+00
470,9.41000000e+00,1,-9.44575023e-01,3.56795115e+00
471,9.43000000e+00,1,-9.44575023e-01,3.68196095e+00
472,9.45000000e+00,1,-9.44575023e-01,3.80783815e+00
473,9.47000000e+00,1,-9.44575023e-01,3.94684230e+00
474,9.49000000e+00,1,-9.44575023e-01,4.10036719e+00
475,9.51000000e+00,1,-9.44575023e-01,4.26995554e+00
476,9.53000000e+00,1,-9.44575023e-01,4.45731528e+00
477,9.55000000e+00,1,-9.44575023e-01,4.66433785e+00
478,9.57000000e+00,1,-9.44575023e-01,4.89311867e+00
479,9.59000000e+00,1,-9.44575023e-01,5.14598020e+00
480,9.61000000e+00,1,-9.44575023e-01,5.42549779e+00
481,9.63000000e+00,1,-9.44575023e-01,5.73452892e+00
482,9.65000000e+00,1,-9.44575023e-01,6.07624606e+00
483,9.67000000e+00,1,-9.44575023e-01,6.45417381e+00
484,9.69000000e+00,1,-9.44575023e-01,6.87223063e+00
485,9.71000000e+00,1,-9.44575023e-01,7.33477558e+00
486,9.73000000e+00,1,-9.44575023e-01,7.84666035e+00
487,9.75000000e+00,1,-9.44575023e-01,8.41328630e+00
488,9.77000000e+00,1,-9.44575023e-01,9.04066588e+00
489,9.79000000e+00,1,-9.44575023e-01,9.73548635e+00
490,9.81000000e+00,1,-9.44575023e-01,1.05051722e+01
491,9.83000000e+00,1,-9.44575023e-01,1.13579399e+01
492,9.85000000e+00,1,-9.44575023e-01,1.23028329e+01
493,9.87000000e+00,1,-9.44575023e-01,1.33497234e+01
494,9.89000000e+00,1,-9.44575023e-01,1.45092572e+01
495,9.91000000e+00,1,-9.44575023e-01,1.57927400e+01
496,9.93000000e+00,1,-9.44575023e-01,1.72120538e+01
497,9.95000000e+00,1,-9.44575023e-01,1.87801305e+01
498,9.97000000e+00,1,-9.44575023e-01,2.05142749e+01
499,9.99000000e+00,1,-9.44575023e-01,2.24515432e+01
0,1.00000000e-02,2,-8.65631202e-01,2.01573642e+00
1,3.00000000e-02,2,-8.65631202e-01,2.01577157e+00
2,5.00000000e-02,2,-8.65631202e-01,2.01581522e+00
3,7.00000000e-02,2,-8.65631202e-01,2.01586355e+00
4,9.00000000e-02,2,-8.65631202e-01,2.01591608e+00
5,1.10000000e-01,2,-8.65631202e-01,2.01597268e+00
6,1.30000000e-01,2,-8.65631202e-01,2.01603332e+00
7,1.50000000e-01,2,-8.65631202e-01,2.01609800e+00
8,1.70000000e-01,2,-8.65631202e-01,2.01616671e+00
9,1.90000000e-01,2,-8.65631202e-01,2.01623944e+00
10,2.10000000e-01,2,-8.65631202e-01,2.01631621e+00
11,2.30000000e-01,2,-8.65631202e-01,2.01639700e+00
12,2.50000000e-01,2,-8.65631202e-01,2.01648183e+00
13,2.70000000e-01,2,-8.65631202e-01,2.01657069e+00
14,2.90000000e-01,2,-8.65631202e-01,2.01666359e+00
15,3.10000000e-01,2,-8.65631202e-01,2.01676052e+00
16,3.30000000e-01,2,-8.65631202e-01,2.01686149e+00
17,3.50000000e-01,2,-8.65631202e-01,2.01696649e+00
18,3.70000000e-01,2,-8.65631202e-01,2.01707554e+00
19,3.90000000e-01,2,-8.65631202e-01,2.01718862e+00
20,4.10000000e-01,2,-8.65631202e-01,2.01730574e+00
21,4.30000000e-01,2,-8.65631202e-01,2.01742690e+00
22,4.50000000e-01,2,-8.65631202e-01,2.01755210e+00
23,4.70000000e-01,2,-8.65631202e-01,2.01768135e+00
24,4.90000000e-01,2,-8.65631202e-01,2.01781463e+00
25,5.10000000e-01,2,-8.65631202e-01,2.01795196e+00
26,5.30000000e-01,2,-8.65631202e-01,2.01809332e+00
27,5.50000000e-01,2,-8.65631202e-01,2.01823873e+00
28,5.70000000e-01,2,-8.65631202e-01,2.01838819e+00
29,5.90000000e-01,2,-8.65631202e-01,2.01854169e+00
30,6.10000000e-01,2,-8.65631202e-01,2.01869923e+00
31,6.30000000e-01,2,-8.65631202e-01,2.01886082e+00
32,6.50000000e-01,2,-8.65631202e-01,2.01902646e+00
33,6.70000000e-01,2,-8.65631202e-01,2.01919614e+00
34,6.90000000e-01,2,-8.65631202e-01,2.01936986e+00
35,7.10000000e-01,2,-8.65631202e-01,2.01954764e+00
36,7.30000000e-01,2,-8.65631202e-01,2.01972946e+00
37,7.50000000e-01,2,-8.65631202e-01,2.01991533e+00
38,7.70000000e-01,2,-8.65631202e-01,2.02010526e+00
39,7.90000000e-01,2,-8.65631202e-01,2.02029923e+00
40,8.10000000e-01,2,-8.65631202e-01,2.02049725e+00
41,8.30000000e-01,2,-8.65631202e-01,2.02069932e+00
42,8.50000000e-01,2,-8.65631202e-01,2.02090545e+00
43,8.70000000e-01,2,-8.65631202e-01,2.02111562e+00
44,8.90000000e-01,2,-8.65631202e-01,2.02132986e+00
45,9.10000000e-01,2,-8.65631202e-01,2.02154814e+00
46,9.30000000e-01,2,-8.65631202e-01,2.02177048e+00
47,9.50000000e-01,2,-8.65631202e-01,2.02199688e+00
48,9.70000000e-01,2,-8.65631202e-01,2.02222733e+00
49,9.90000000e-01,2,-8.65631202e-01,2.02246184e+00
50,1.01000000e+00,2,-8.65631202e-01,2.02270040e+00
51,1.03000000e+00,2,-8.65631202e-01,2.02294303e+00
52,1.05000000e+00,2,-8.65631202e-01,2.02318971e+00
53,1.07000000e+00,2,-8.65631202e-01,2.02344046e+00
54,1.09000000e+00,2,-8.65631202e-01,2.02369526e+00
55,1.11000000e+00,2,-8.65631202e-01,2.02395413e+00
56,1.13000000e+00,2,-8.65631202e-01,2.02421707e+00
57,1.15000000e+00,2,-8.65631202e-01,2.02448406e+00
58,1.17000000e+00,2,-8.65631202e-01,2.02475512e+00
59,1.19000000e+00,2,-8.65631202e-01,2.02503025e+00
60,1.21000000e+00,2,-8.65631202e-01,2.02530944e+00
61,1.23000000e+00,2,-8.65631202e-01,2.02559270e+00
62,1.25000000e+00,2,-8.65631202e-01,2.02588003e+00
63,1.27000000e+00,2,-8.65631202e-01,2.02617143e+00
64,1.29000000e+00,2,-8.65631202e-01,2.02646690e+00
65,1.31000000e+00,2,-8.65631202e-01,2.02676644e+00
66,1.33000000e+00,2,-8.65631202e-01,2.02707006e+00
67,1.35000000e+00,2,-8.65631202e-01,2.02737774e+00
68,1.37000000e+00,2,-8.65631202e-01,2.02768951e+00
69,1.39000000e+00,2,-8.65631202e-01,2.02800535e+00
70,1.41000000e+00,2,-8.65631202e-01,2.02832526e+00
71,1.43000000e+00,2,-8.65631202e-01,2.02864926e+00
72,1.45000000e+00,2,-8.65631202e-01,2.02897733e+00
73,1.47000000e+00,2,-8.65631202e-01,2.02930948e+00
74,1.49000000e+00,2,-8.65631202e-01,2.02964572e+00
75,1.51000000e+00,2,-8.65631202e-01,2.02998604e+00
76,1.53000000e+00,2,-8.65631202e-01,2.03033044e+00
77,1.55000000e+00,2,-8.65631202e-01,2.03067893e+00
78,1.57000000e+00,2,-8.65631202e-01,2.03103150e+00
79,1.59000000e+00,2,-8.65631202e-01,2.03138817e+00
80,1.61000000e+00,2,-8.65631202e-01,2.03174892e+00
81,1.63000000e+00,2,-8.65631202e-01,2.03211376e+00
82,1.65000000e+00,2,-8.65631202e-01,2.03248269e+00
83,1.67000000e+00,2,-8.65631202e-01,2.03285572e+00
84,1.69000000e+00,2,-8.65631202e-01,2.03323284e+00
85,1.71000000e+00,2,-8.65631202e-01,2.03361406e+00
86,1.73000000e+00,2,-8.65631202e-01,2.03399937e+00
87,1.75000000e+00,2,-8.65631202e-01,2.03438878e+00
88,1.77000000e+00,2,-8.65631202e-01,2.03478229e+00
89,1.79000000e+00,2,-8.65631202e-01,2.03517990e+00
90,1.81000000e+00,2,-8.65631202e-01,2.03558162e+00
91,1.83000000e+00,2,-8.65631202e-01,2.03598744e+00
92,1.85000000e+00,2,-8.65631202e-01,2.03639736e+00
93,1.87000000e+00,2,-8.65631202e-01,2.03681139e+00
94,1.89000000e+00,2,-8.65631202e-01,2.03722953e+00
95,1.91000000e+00,2,-8.65631202e-01,2.03765178e+00
96,1.93000000e+00,2,-8.65631202e-01,2.03807814e+00
97,1.95000000e+00,2,-8.65631202e-01,2.03850861e+00
98,1.97000000e+00,2,-8.65631202e-01,2.03894320e+00
99,1.99000000e+00,2,-8.65631202e-01,2.03938190e+00
100,2.01000000e+00,2,-8.65631202e-01,2.03982472e+00
101,2.03000000e+00,2,-8.65631202e-01,2.04027166e+00
102,2.05000000e+00,2,-8.65631202e-01,2.04072272e+00
103,2.07000000e+00,2,-8.65631202e-01,2.04117790e+00
104,2.09000000e+00,2,-8.65631202e-01,2.04163721e+00
105,2.11000000e+00,2,-8.65631202e-01,2.04210064e+00
106,2.13000000e+00,2,-8.65631202e-01,2.04256820e+00
107,2.15000000e+00,2,-8.65631202e-01,2.04303989e+00
108,2.17000000e+00,2,-8.65631202e-01,2.04351570e+00
109,2.19000000e+00,2,-8.65631202e-01,2.04399565e+00
110,2.21000000e+00,2,-8.65631202e-01,2.04447974e+00
111,2.23000000e+00,2,-8.65631202e-01,2.04496796e+00
112,2.25000000e+00,2,-8.65631202e-01,2.04546032e+00
113,2.27000000e+00,2,-8.65631202e-01,2.04595681e+00
114,2.29000000e+00,2,-8.65631202e-01,2.04645745e+00
115,2.31000000e+00,2,-8.65631202e-01,2.04696223e+00
116,2.33000000e+00,2,-8.65631202e-01,2.04747115e+00
117,2.35000000e+00,2,-8.65631202e-01,2.04798423e+00
118,2.37000000e+00,2,-8.65631202e-01,2.04850144e+00
119,2.39000000e+00,2,-8.65631202e-01,2.04902281e+00
120,2.41000000e+00,2,-8.65631202e-01,2.04954834e+00
121,2.43000000e+00,2,-8.65631202e-01,2.05007801e+00
122,2.45000000e+00,2,-8.65631202e-01,2.05061184e+00
123,2.47000000e+00,2,-8.65631202e-01,2.05114983e+00
124,2.49000000e+00,2,-8.65631202e-01,2.05169198e+00
125,2.51000000e+00,2,-8.65631202e-01,2.05223829e+00
126,2.53000000e+00,2,-8.65631202e-01,2.05278876e+00
127,2.55000000e+00,2,-8.65631202e-01,2.05334340e+00
128,2.57000000e+00,2,-8.65631202e-01,2.05390221e+00
129,2.59000000e+00,2,-8.65631202e-01,2.05446518e+00
130,2.61000000e+00,2,-8.65631202e-01,2.05503233e+00
131,2.63000000e+00,2,-8.65631202e-01,2.05560365e+00
132,2.65000000e+00,2,-8.65631202e-01,2.05617915e+00
133,2.67000000e+00,2,-8.65631202e-01,2.05675882e+00
134,2.69000000e+00,2,-8.65631202e-01,2.05734268e+00
135,2.71000000e+00,2,-8.65631202e-01,2.05793071e+00
136,2.73000000e+00,2,-8.65631202e-01,2.05852293e+00
137,2.75000000e+00,2,-8.65631202e-01,2.05911934e+00
138,2.77000000e+00,2,-8.65631202e-01,2.05971993e+00
139,2.79000000e+00,2,-8.65631202e-01,2.06032472e+00
140,2.81000000e+00,2,-8.65631202e-01,2.06093369e+00
141,2.83000000e+00,2,-8.65631202e-01,2.06154687e+00
142,2.85000000e+00,2,-8.65631202e-01,2.06216424e+00
143,2.87000000e+00,2,-8.65631202e-01,2.06278580e+00
144,2.89000000e+00,2,-8.65631202e-01,2.06341157e+00
145,2.91000000e+00,2,-8.65631202e-01,2.06404155e+00
146,2.93000000e+00,2,-8.65631202e-01,2.06467572e+00
147,2.95000000e+00,2,-8.65631202e-01,2.06531411e+00
148,2.97000000e+00,2,-8.65631202e-01,2.06595671e+00
149,2.99000000e+00,2,-8.65631202e-01,2.06660352e+00
150,3.01000000e+00,2,-8.65631202e-01,2.06725455e+00
151,3.03000000e+00,2,-8.65631202e-01,2.06790979e+00
152,3.05000000e+00,2,-8.65631202e-01,2.06856925e+00
153,3.07000000e+00,2,-8.65631202e-01,2.06923294e+00
154,3.09000000e+00,2,-8.65631202e-01,2.06990085e+00
155,3.11000000e+00,2,-8.65631202e-01,2.07057299e+00
156,3.13000000e+00,2,-8.65631202e-01,2.07124935e+00
157,3.15000000e+00,2,-8.65631202e-01,2.07192995e+00
158,3.17000000e+00,2,-8.65631202e-01,2.07261478e+00
159,3.19000000e+00,2,-8.65631202e-01,2.07330385e+00
160,3.21000000e+00,2,-8.65631202e-01,2.07399716e+00
161,3.23000000e+00,2,-8.65631202e-01,2.07469471e+00
162,3.25000000e+00,2,-8.65631202e-01,2.07539651e+00
163,3.27000000e+00,2,-8.65631202e-01,2.07610255e+00
164,3.29000000e+00,2,-8.65631202e-01,2.07681284e+00
165,3.31000000e+00,2,-8.65631202e-01,2.07752738e+00
166,3.33000000e+00,2,-8.65631202e-01,2.07824618e+00
167,3.35000000e+00,2,-8.65631202e-01,2.07896924e+00
168,3.37000000e+00,2,-8.65631202e-01,2.07969655e+00
169,3.39000000e+00,2,-8.65631202e-01,2.08042813e+00
170,3.41000000e+00,2,-8.65631202e-01,2.08116397e+00
171,3.43000000e+00,2,-8.65631202e-01,2.08190408e+00
172,3.45000000e+00,2,-8.65631202e-01,2.08264846e+00
173,3.47000000e+00,2,-8.65631202e-01,2.08339711e+00
174,3.49000000e+00,2,-8.65631202e-01,2.08415004e+00
175,3.51000000e+00,2,-8.65631202e-01,2.08490725e+00
176,3.53000000e+00,2,-8.65631202e-01,2.08566874e+00
177,3.55000000e+00,2,-8.65631202e-01,2.08643451e+00
178,3.57000000e+00,2,-8.65631202e-01,2.08720457e+00
179,3.59000000e+00,2,-8.65631202e-01,2.08797892e+00
180,3.61000000e+00,2,-8.65631202e-01,2.08875756e+00
181,3.63000000e+00,2,-8.65631202e-01,2.08954050e+00
182,3.65000000e+00,2,-8.65631202e-01,2.09032773e+00
183,3.67000000e+00,2,-8.65631202e-01,2.09111926e+00
184,3.69000000e+00,2,-8.65631202e-01,2.09191510e+00
185,3.71000000e+00,2,-8.65631202e-01,2.09271525e+00
186,3.73000000e+00,2,-8.65631202e-01,2.09351970e+00
187,3.75000000e+00,2,-8.65631202e-01,2.09432847e+00
188,3.77000000e+00,2,-8.65631202e-01,2.09514155e+00
189,3.79000000e+00,2,-8.65631202e-01,2.09595895e+00
190,3.81000000e+00,2,-8.65631202e-01,2.09678067e+00
191,3.83000000e+00,2,-8.65631202e-01,2.09760671e+00
192,3.85000000e+00,2,-8.65631202e-01,2.09843708e+00
193,3.87000000e+00,2,-8.65631202e-01,2.09927178e+00
194,3.89000000e+00,2,-8.65631202e-01,2.10011082e+00
195,3.91000000e+00,2,-8.65631202e-01,2.10095419e+00
196,3.93000000e+00,2,-8.65631202e-01,2.10180190e+00
197,3.95000000e+00,2,-8.65631202e-01,2.10265395e+00
198,3.97000000e+00,2,-8.65631202e-01,2.10351035e+00
199,3.99000000e+00,2,-8.65631202e-01,2.10437109e+00
200,4.01000000e+00,2,-8.65631202e-01,2.10523619e+00
201,4.03000000e+00,2,-8.65631202e-01,2.10610564e+00
202,4.05000000e+00,2,-8.65631202e-01,2.10697945e+00
203,4.07000000e+00,2,-8.65631202e-01,2.10785762e+00
204,4.09000000e+00,2,-8.65631202e-01,2.10874015e+00
205,4.11000000e+00,2,-8.65631202e-01,2.10962706e+00
206,4.13000000e+00,2,-8.65631202e-01,2.11051833e+00
207,4.15000000e+00,2,-8.65631202e-01,2.11141397e+00
208,4.17000000e+00,2,-8.65631202e-01,2.11231400e+00
209,4.19000000e+00,2,-8.65631202e-01,2.11321840e+00
210,4.21000000e+00,2,-8.65631202e-01,2.11412718e+00
211,4.23000000e+00,2,-8.65631202e-01,2.11504036e+00
212,4.25000000e+00,2,-8.65631202e-01,2.11595792e+00
213,4.27000000e+00,2,-8.65631202e-01,2.11687988e+00
214,4.29000000e+00,2,-8.65631202e-01,2.11780623e+00
215,4.31000000e+00,2,-8.65631202e-01,2.11873698e+00
216,4.33000000e+00,2,-8.65631202e-01,2.11967214e+00
217,4.35000000e+00,2,-8.65631202e-01,2.12061170e+00
218,4.37000000e+00,2,-8.65631202e-01,2.12155567e+00
219,4.39000000e+00,2,-8.65631202e-01,2.12250406e+00
220,4.41000000e+00,2,-8.65631202e-01,2.12345687e+00
221,4.43000000e+00,2,-8.65631202e-01,2.12441409e+00
222,4.45000000e+00,2,-8.65631202e-01,2.12537574e+00
223,4.47000000e+00,2,-8.65631202e-01,2.12634181e+00
224,4.49000000e+00,2,-8.65631202e-01,2.12731232e+00
225,4.51000000e+00,2,-8.65631202e-01,2.12828726e+00
226,4.53000000e+00,2,-8.65631202e-01,2.12926664e+00
227,4.55000000e+00,2,-8.65631202e-01,2.13025046e+00
228,4.57000000e+00,2,-8.65631202e-01,2.13123873e+00
229,4.59000000e+00,2,-8.65631202e-01,2.13223144e+00
230,4.61000000e+00,2,-8.65631202e-01,2.13322861e+00
231,4.63000000e+00,2,-8.65631202e-01,2.13423023e+00
232,4.65000000e+00,2,-8.65631202e-01,2.13523631e+00
233,4.67000000e+00,2,-8.65631202e-01,2.13624686e+00
234,4.69000000e+00,2,-8.65631202e-01,2.13726187e+00
235,4.71000000e+00,2,-8.65631202e-01,2.13828135e+00
236,4.73000000e+00,2,-8.65631202e-01,2.13930531e+00
237,4.75000000e+00,2,-8.65631202e-01,2.14033374e+00
238,4.77000000e+00,2,-8.65631202e-01,2.14136666e+00
239,4.79000000e+00,2,-8.65631202e-01,2.14240406e+00
240,4.81000000e+00,2,-8.65631202e-01,2.14344595e+00
241,4.83000000e+00,2,-8.65631202e-01,2.14449233e+00
242,4.85000000e+00,2,-8.65631202e-01,2.14554321e+00
243,4.87000000e+00,2,-8.65631202e-01,2.14659859e+00
244,4.89000000e+00,2,-8.65631202e-01,2.14765848e+00
245,4.91000000e+00,2,-8.65631202e-01,2.14872287e+00
246,4.93000000e+00,2,-8.65631202e-01,2.14979178e+00
247,4.95000000e+00,2,-8.65631202e-01,2.15086520e+00
248,4.97000000e+00,2,-8.65631202e-01,2.15194314e+00
249,4.99000000e+00,2,-8.65631202e-01,2.15302560e+00
250,5.01000000e+00,2,-8.65631202e-01,2.15411259e+00
251,5.03000000e+00,2,-8.65631202e-01,2.15520412e+00
252,5.05000000e+00,2,-8.65631202e-01,2.15630017e+00
253,5.07000000e+00,2,-8.65631202e-01,2.15740077e+00
254,5.09000000e+00,2,-8.65631202e-01,2.15850591e+00
255,5.11000000e+00,2,-8.65631202e-01,2.15961560e+00
256,5.13000000e+00,2,-8.65631202e-01,2.16072984e+00
257,5.15000000e+00,2,-8.65631202e-01,2.16184864e+00
258,5.17000000e+00,2,-8.65631202e-01,2.16297199e+00
259,5.19000000e+00,2,-8.65631202e-01,2.16409991e+00
260,5.21000000e+00,2,-8.65631202e-01,2.16523240e+00
261,5.23000000e+00,2,-8.65631202e-01,2.16636946e+00
262,5.25000000e+00,2,-8.65631202e-01,2.16751109e+00
263,5.27000000e+00,2,-8.65631202e-01,2.16865731e+00
264,5.29000000e+00,2,-8.65631202e-01,2.16980811e+00
265,5.31000000e+00,2,-8.65631202e-01,2.17096350e+00
266,5.33000000e+00,2,-8.65631202e-01,2.17212348e+00
267,5.35000000e+00,2,-8.65631202e-01,2.17328805e+00
268,5.37000000e+00,2,-8.65631202e-01,2.17445723e+00
269,5.39000000e+00,2,-8.65631202e-01,2.17563102e+00
270,5.41000000e+00,2,-8.65631202e-01,2.17680941e+00
271,5.43000000e+00,2,-8.65631202e-01,2.17799242e+00
272,5.45000000e+00,2,-8.65631202e-01,2.17918004e+00
273,5.47000000e+00,2,-8.65631202e-01,2.18037229e+00
274,5.49000000e+00,2,-8.65631202e-01,2.18156916e+00
275,5.51000000e+00,2,-8.65631202e-01,2.18277067e+00
276,5.53000000e+00,2,-8.65631202e-01,2.18397681e+00
277,5.55000000e+00,2,-8.65631202e-01,2.18518759e+00
278,5.57000000e+00,2,-8.65631202e-01,2.18640302e+00
279,5.59000000e+00,2,-8.65631202e-01,2.18762309e+00
280,5.61000000e+00,2,-8.65631202e-01,2.18884782e+00
281,5.63000000e+00,2,-8.65631202e-01,2.19007720e+00
282,5.65000000e+00,2,-8.65631202e-01,2.19131125e+00
283,5.67000000e+00,2,-8.65631202e-01,2.19254996e+00
284,5.69000000e+00,2,-8.65631202e-01,2.19379335e+00
285,5.71000000e+00,2,-8.65631202e-01,2.19504141e+00
286,5.73000000e+00,2,-8.65631202e-01,2.19629414e+00
287,5.75000000e+00,2,-8.65631202e-01,2.19755157e+00
288,5.77000000e+00,2,-8.65631202e-01,2.19881368e+00
289,5.79000000e+00,2,-8.65631202e-01,2.20008049e+00
290,5.81000000e+00,2,-8.65631202e-01,2.20135200e+00
291,5.83000000e+00,2,-8.65631202e-01,2.20262820e+00
292,5.85000000e+00,2,-8.65631202e-01,2.20390912e+00
293,5.87000000e+00,2,-8.65631202e-01,2.20519475e+00
294,5.89000000e+00,2,-8.65631202e-01,2.20648510e+00
295,5.91000000e+00,2,-8.65631202e-01,2.20778016e+00
296,5.93000000e+00,2,-8.65631202e-01,2.20907996e+00
297,5.95000000e+00,2,-8.65631202e-01,2.21038448e+00
298,5.97000000e+00,2,-8.65631202e-01,2.21169374e+00
299,5.99000000e+00,2,-8.65631202e-01,2.21300774e+00
300,6.01000000e+00,2,-8.65631202e-01,2.21432649e+00
301,6.03000000e+00,2,-8.65631202e-01,2.21564999e+00
302,6.05000000e+00,2,-8.65631202e-01,2.21697824e+00
303,6.07000000e+00,2,-8.65631202e-01,2.21831125e+00
304,6.09000000e+00,2,-8.65631202e-01,2.21964902e+00
305,6.11000000e+00,2,-8.65631202e-01,2.22099157e+00
306,6.13000000e+00,2,-8.65631202e-01,2.22233889e+00
307,6.15000000e+00,2,-8.65631202e-01,2.22369099e+00
308,6.17000000e+00,2,-8.65631202e-01,2.22504787e+00
309,6.19000000e+00,2,-8.65631202e-01,2.22640954e+00
310,6.21000000e+00,2,-8.65631202e-01,2.22777601e+00
311,6.23000000e+00,2,-8.65631202e-01,2.22914727e+00
312,6.25000000e+00,2,-8.65631202e-01,2.23052334e+00
313,6.27000000e+00,2,-8.65631202e-01,2.23190421e+00
314,6.29000000e+00,2,-8.65631202e-01,2.23328990e+00
315,6.31000000e+00,2,-8.65631202e-01,2.23468041e+00
316,6.33000000e+00,2,-8.65631202e-01,2.23607575e+00
317,6.35000000e+00,2,-8.65631202e-01,2.23747591e+00
318,6.37000000e+00,2,-8.65631202e-01,2.23888091e+00
319,6.39000000e+00,2,-8.65631202e-01,2.24029074e+00
320,6.41000000e+00,2,-8.65631202e-01,2.24170542e+00
321,6.43000000e+00,2,-8.65631202e-01,2.24312495e+00
322,6.45000000e+00,2,-8.65631202e-01,2.24454933e+00
323,6.47000000e+00,2,-8.65631202e-01,2.24597857e+00
324,6.49000000e+00,2,-8.65631202e-01,2.24741267e+00
325,6.51000000e+00,2,-8.65631202e-01,2.24885165e+00
326,6.53000000e+00,2,-8.65631202e-01,2.25029550e+00
327,6.55000000e+00,2,-8.65631202e-01,2.25174423e+00
328,6.57000000e+00,2,-8.65631202e-01,2.25319784e+00
329,6.59000000e+00,2,-8.65631202e-01,2.25465634e+00
330,6.61000000e+00,2,-8.65631202e-01,2.25611974e+00
331,6.63000000e+00,2,-8.65631202e-01,2.25758804e+00
332,6.65000000e+00,2,-8.65631202e-01,2.25906124e+00
333,6.67000000e+00,2,-8.65631202e-01,2.26053935e+00
334,6.69000000e+00,2,-8.65631202e-01,2.26202238e+00
335,6.71000000e+00,2,-8.65631202e-01,2.26351033e+00
336,6.73000000e+00,2,-8.65631202e-01,2.26500320e+00
337,6.75000000e+00,2,-8.65631202e-01,2.26650100e+00
338,6.77000000e+00,2,-8.65631202e-01,2.26800374e+00
339,6.79000000e+00,2,-8.65631202e-01,2.26951142e+00
340,6.81000000e+00,2,-8.65631202e-01,2.27102404e+00
341,6.83000000e+00,2,-8.65631202e-01,2.27254161e+00
342,6.85000000e+00,2,-8.65631202e-01,2.27406413e+00
343,6.87000000e+00,2,-8.65631202e-01,2.27559161e+00
344,6.89000000e+00,2,-8.65631202e-01,2.27712406e+00
345,6.91000000e+00,2,-8.65631202e-01,2.27866147e+00
346,6.93000000e+00,2,-8.65631202e-01,2.28020386e+00
347,6.95000000e+00,2,-8.65631202e-01,2.28175122e+00
348,6.97000000e+00,2,-8.65631202e-01,2.28330355e+00
349,6.99000000e+00,2,-8.65631202e-01,2.28486088e+00
350,7.01000000e+00,2,-8.65631202e-01,2.28642319e+00
351,7.03000000e+00,2,-8.65631202e-01,2.28799049e+00
352,7.05000000e+00,2,-8.65631202e-01,2.28956278e+00
353,7.07000000e+00,2,-8.65631202e-01,2.29114007e+00
354,7.09000000e+00,2,-8.65631202e-01,2.29272236e+00
355,7.11000000e+00,2,-8.65631202e-01,2.29430965e+00
356,7.13000000e+00,2,-8.65631202e-01,2.29590194e+00
357,7.15000000e+00,2,-8.65631202e-01,2.29749923e+00
358,7.17000000e+00,2,-8.65631202e-01,2.29910153e+00
359,7.19000000e+00,2,-8.65631202e-01,2.30070883e+00
360,7.21000000e+00,2,-8.65631202e-01,2.30232114e+00
361,7.23000000e+00,2,-8.65631202e-01,2.30393845e+00
362,7.25000000e+00,2,-8.65631202e-01,2.30556076e+00
363,7.27000000e+00,2,-8.65631202e-01,2.30718807e+00
364,7.29000000e+00,2,-8.65631202e-01,2.30882037e+00
365,7.31000000e+00,2,-8.65631202e-01,2.31045766e+00
366,7.33000000e+00,2,-8.65631202e-01,2.31209993e+00
367,7.35000000e+00,2,-8.65631202e-01,2.31374718e+00
368,7.37000000e+00,2,-8.65631202e-01,2.31539939e+00
369,7.39000000e+00,2,-8.65631202e-01,2.31705655e+00
370,7.41000000e+00,2,-8.65631202e-01,2.31871865e+00
371,7.43000000e+00,2,-8.65631202e-01,2.32038568e+00
372,7.45000000e+00,2,-8.65631202e-01,2.32205762e+00
373,7.47000000e+00,2,-8.65631202e-01,2.32373444e+00
374,7.49000000e+00,2,-8.65631202e-01,2.32541612e+00
375,7.51000000e+00,2,-8.65631202e-01,2.32710263e+00
376,7.53000000e+00,2,-8.65631202e-01,2.32879395e+00
377,7.55000000e+00,2,-8.65631202e-01,2.33049003e+00
378,7.57000000e+00,2,-8.65631202e-01,2.33219084e+00
379,7.59000000e+00,2,-8.65631202e-01,2.33389633e+00
380,7.61000000e+00,2,-8.65631202e-01,2.33560645e+00
381,7.63000000e+00,2,-8.65631202e-01,2.33732113e+00
382,7.65000000e+00,2,-8.65631202e-01,2.33904032e+00
383,7.67000000e+00,2,-8.65631202e-01,2.34076392e+00
384,7.69000000e+00,2,-8.65631202e-01,2.34249187e+00
385,7.71000000e+00,2,-8.65631202e-01,2.34422406e+00
386,7.73000000e+00,2,-8.65631202e-01,2.34596039e+00
387,7.75000000e+00,2,-8.65631202e-01,2.34770073e+00
388,7.77000000e+00,2,-8.65631202e-01,2.34944494e+00
389,7.79000000e+00,2,-8.65631202e-01,2.35119288e+00
390,7.81000000e+00,2,-8.65631202e-01,2.35294437e+00
391,7.83000000e+00,2,-8.65631202e-01,2.35469922e+00
392,7.85000000e+00,2,-8.65631202e-01,2.35645720e+00
393,7.87000000e+00,2,-8.65631202e-01,2.35821809e+00
394,7.89000000e+00,2,-8.65631202e-01,2.35998160e+00
395,7.91000000e+00,2,-8.65631202e-01,2.36174742e+00
396,7.93000000e+00,2,-8.65631202e-01,2.36351523e+00
397,7.95000000e+00,2,-8.65631202e-01,2.36528462e+00
398,7.97000000e+00,2,-8.65631202e-01,2.36705518e+00
399,7.99000000e+00,2,-8.65631202e-01,2.36882642e+00
400,8.01000000e+00,2,-8.65631202e-01,2.37059781e+00
401,8.03000000e+00,2,-8.65631202e-01,2.37236873e+00
402,8.05000000e+00,2,-8.65631202e-01,2.37413852e+00
403,8.07000000e+00,2,-8.65631202e-01,2.37590642e+00
404,8.09000000e+00,2,-8.65631202e-01,2.37767158e+00
405,8.11000000e+00,2,-8.65631202e-01,2.37943306e+00
406,8.13000000e+00,2,-8.65631202e-01,2.38118980e+00
407,8.15000000e+00,2,-8.65631202e-01,2.38294061e+00
408,8.17000000e+00,2,-8.65631202e-01,2.38468417e+00
409,8.19000000e+00,2,-8.65631202e-01,2.38641899e+00
410,8.21000000e+00,2,-8.65631202e-01,2.38814343e+00
411,8.23000000e+00,2,-8.65631202e-01,2.38985561e+00
412,8.25000000e+00,2,-8.65631202e-01,2.39155347e+00
413,8.27000000e+00,2,-8.65631202e-01,2.39323467e+00
414,8.29000000e+00,2,-8.65631202e-01,2.39489663e+00
415,8.31000000e+00,2,-8.65631202e-01,2.39653644e+00
416,8.33000000e+00,2,-8.65631202e-01,2.39815085e+00
417,8.35000000e+00,2,-8.65631202e-01,2.39973621e+00
418,8.37000000e+00,2,-8.65631202e-01,2.40128847e+00
419,8.39000000e+00,2,-8.65631202e-01,2.40280308e+00
420,8.41000000e+00,2,-8.65631202e-01,2.40427495e+00
421,8.43000000e+00,2,-8.65631202e-01,2.40569840e+00
422,8.45000000e+00,2,-8.65631202e-01,2.40706705e+00
423,8.47000000e+00,2,-8.65631202e-01,2.40837380e+00
424,8.49000000e+00,2,-8.65631202e-01,2.40961068e+00
425,8.51000000e+00,2,-8.65631202e-01,2.41076880e+00
426,8.53000000e+00,2,-8.65631202e-01,2.41183821e+00
427,8.55000000e+00,2,-8.65631202e-01,2.41280778e+00
428,8.57000000e+00,2,-8.65631202e-01,2.41366505e+00
429,8.59000000e+00,2,-8.65631202e-01,2.41439613e+00
430,8.61000000e+00,2,-8.65631202e-01,2.41498542e+00
431,8.63000000e+00,2,-8.65631202e-01,2.41541555e+00
432,8.65000000e+00,2,-8.65631202e-01,2.41566704e+00
433,8.67000000e+00,2,-8.65631202e-01,2.41571813e+00
434,8.69000000e+00,2,-8.65631202e-01,2.41554449e+00
435,8.71000000e+00,2,-8.65631202e-01,2.41511891e+00
436,8.73000000e+00,2,-8.65631202e-01,2.41441096e+00
437,8.75000000e+00,2,-8.65631202e-01,2.41338662e+00
438,8.77000000e+00,2,-8.65631202e-01,2.41200785e+00
439,8.79000000e+00,2,-8.65631202e-01,2.41023212e+00
440,8.81000000e+00,2,-8.65631202e-01,2.40801187e+00
441,8.83000000e+00,2,-8.65631202e-01,2.40529393e+00
442,8.85000000e+00,2,-8.65631202e-01,2.40201884e+00
443,8.87000000e+00,2,-8.65631202e-01,2.39812013e+00
444,8.89000000e+00,2,-8.65631202e-01,2.39352346e+00
445,8.91000000e+00,2,-8.65631202e-01,2.38814575e+00
446,8.93000000e+00,2,-8.65631202e-01,2.38189406e+00
447,8.95000000e+00,2,-8.65631202e-01,2.37466451e+00
448,8.97000000e+00,2,-8.65631202e-01,2.36634096e+00
449,8.99000000e+00,2,-8.65631202e-01,2.35679351e+00
450,9.01000000e+00,2,-8.65631202e-01,2.34587698e+00
451,9.03000000e+00,2,-8.65631202e-01,2.33342899e+00
452,9.05000000e+00,2,-8.65631202e-01,2.31926802e+00
453,9.07000000e+00,2,-8.65631202e-01,2.30319107e+00
454,9.09000000e+00,2,-8.65631202e-01,2.28497120e+00
455,9.11000000e+00,2,-8.65631202e-01,2.26435462e+00
456,9.13000000e+00,2,-8.65631202e-01,2.24105756e+00
457,9.15000000e+00,2,-8.65631202e-01,2.21476270e+00
458,9.17000000e+00,2,-8.65631202e-01,2.18511520e+00
459,9.19000000e+00,2,-8.65631202e-01,2.15171826e+00
460,9.21000000e+00,2,-8.65631202e-01,2.11412812e+00
461,9.23000000e+00,2,-8.65631202e-01,2.07184855e+00
462,9.25000000e+00,2,-8.65631202e-01,2.02432453e+00
463,9.27000000e+00,2,-8.65631202e-01,1.97093539e+00
464,9.29000000e+00,2,-8.65631202e-01,1.91098690e+00
465,9.31000000e+00,2,-8.65631202e-01,1.84370262e+00
466,9.33000000e+00,2,-8.65631202e-01,1.76821414e+00
467,9.35000000e+00,2,-8.65631202e-01,1.68355012e+00
468,9.37000000e+00,2,-8.65631202e-01,1.58862412e+00
469,9.39000000e+00,2,-8.65631202e-01,1.48222095e+00
470,9.41000000e+00,2,-8.65631202e-01,1.36298145e+00
471,9.43000000e+00,2,-8.65631202e-01,1.22938545e+00
472,9.45000000e+00,2,-8.65631202e-01,1.07973276e+00
473,9.47000000e+00,2,-8.65631202e-01,9.12122022e-01
474,9.49000000e+00,2,-8.65631202e-01,7.24427070e-01
475,9.51000000e+00,2,-8.65631202e-01,5.14270634e-01
476,9.53000000e+00,2,-8.65631202e-01,2.78995089e-01
477,9.55000000e+00,2,-8.65631202e-01,1.56299543e-02
478,9.57000000e+00,2,-8.65631202e-01,-2.79144192e-01
479,9.59000000e+00,2,-8.65631202e-01,-6.09035704e-01
480,9.61000000e+00,2,-8.65631202e-01,-9.78186159e-01
481,9.63000000e+00,2,-8.65631202e-01,-1.39121935e+00
482,9.65000000e+00,2,-8.65631202e-01,-1.85329544e+00
483,9.67000000e+00,2,-8.65631202e-01,-2.37017088e+00
484,9.69000000e+00,2,-8.65631202e-01,-2.94826464e+00
485,9.71000000e+00,2,-8.65631202e-01,-3.59473181e+00
486,9.73000000e+00,2,-8.65631202e-01,-4.31754567e+00
487,9.75000000e+00,2,-8.65631202e-01,-5.12559001e+00
488,9.77000000e+00,2,-8.65631202e-01,-6.02876444e+00
489,9.79000000e+00,2,-8.65631202e-01,-7.03810660e+00
490,9.81000000e+00,2,-8.65631202e-01,-8.16593773e+00
491,9.83000000e+00,2,-8.65631202e-01,-9.42604101e+00
492,9.85000000e+00,2,-8.65631202e-01,-1.08338875e+01
493,9.87000000e+00,2,-8.65631202e-01,-1.24069301e+01
494,9.89000000e+00,2,-8.65631202e-01,-1.41649909e+01
495,9.91000000e+00,2,-8.65631202e-01,-1.61307525e+01
496,9.93000000e+00,2,-8.65631202e-01,-1.83302592e+01
497,9.95000000e+00,2,-8.65631202e-01,-2.07928728e+01
498,9.97000000e+00,2,-8.65631202e-01,-2.35482256e+01
499,9.99000000e+00,2,-8.65631202e-01,-2.66102973e+01
0,1.00000000e-02,3,-7.55404408e-01,2.01573477e+00
1,3.00000000e-02,3,-7.55404408e-01,2.01576634e+00
2,5.00000000e-02,3,-7.55404408e-01,2.01580621e+00
3,7.00000000e-02,3,-7.55404408e-01,2.01585068e+00
4,9.00000000e-02,3,-7.55404408e-01,2.01589929e+00
5,1.10000000e-01,3,-7.55404408e-01,2.01595195e+00
6,1.30000000e-01,3,-7.55404408e-01,2.01600862e+00
7,1.50000000e-01,3,-7.55404408e-01,2.01606933e+00
8,1.70000000e-01,3,-7.55404408e-01,2.01613405e+00
9,1.90000000e-01,3,-7.55404408e-01,2.01620281e+00
10,2.10000000e-01,3,-7.55404408e-01,2.01627561e+00
11,2.30000000e-01,3,-7.55404408e-01,2.01635244e+00
12,2.50000000e-01,3,-7.55404408e-01,2.01643331e+00
13,2.70000000e-01,3,-7.55404408e-01,2.01651823e+00
14,2.90000000e-01,3,-7.55404408e-01,2.01660719e+00
15,3.10000000e-01,3,-7.55404408e-01,2.01670019e+00
16,3.30000000e-01,3,-7.55404408e-01,2.01679724e+00
17,3.50000000e-01,3,-7.55404408e-01,2.01689833e+00
18,3.70000000e-01,3,-7.55404408e-01,2.01700347e+00
19,3.90000000e-01,3,-7.55404408e-01,2.01711266e+00
20,4.10000000e-01,3,-7.55404408e-01,2.01722589e+00
21,4.30000000e-01,3,-7.55404408e-01,2.01734317e+00
22,4.50000000e-01,3,-7.55404408e-01,2.01746449e+00
23,4.70000000e-01,3,-7.55404408e-01,2.01758987e+00
24,4.90000000e-01,3,-7.55404408e-01,2.01771929e+00
25,5.10000000e-01,3,-7.55404408e-01,2.01785275e+00
26,5.30000000e-01,3,-7.55404408e-01,2.01799027e+00
27,5.50000000e-01,3,-7.55404408e-01,2.01813183e+00
28,5.70000000e-01,3,-7.55404408e-01,2.01827744e+00
29,5.90000000e-01,3,-7.55404408e-01,2.01842710e+00
30,6.10000000e-01,3,-7.55404408e-01,2.01858081e+00
31,6.30000000e-01,3,-7.55404408e-01,2.01873856e+00
32,6.50000000e-01,3,-7.55404408e-01,2.01890037e+00
33,6.70000000e-01,3,-7.55404408e-01,2.01906622e+00
34,6.90000000e-01,3,-7.55404408e-01,2.01923613e+00
35,7.10000000e-01,3,-7.55404408e-01,2.01941008e+00
36,7.30000000e-01,3,-7.55404408e-01,2.01958809e+00
37,7.50000000e-01,3,-7.55404408e-01,2.01977014e+00
38,7.70000000e-01,3,-7.55404408e-01,2.01995625e+00
39,7.90000000e-01,3,-7.55404408e-01,2.02014640e+00
40,8.10000000e-01,3,-7.55404408e-01,2.02034061e+00
41,8.30000000e-01,3,-7.55404408e-01,2.02053888e+00
42,8.50000000e-01,3,-7.55404408e-01,2.02074119e+00
43,8.70000000e-01,3,-7.55404408e-01,2.02094756e+00
44,8.90000000e-01,3,-7.55404408e-01,2.02115798e+00
45,9.10000000e-01,3,-7.55404408e-01,2.02137246e+00
46,9.30000000e-01,3,-7.55404408e-01,2.02159100e+00
47,9.50000000e-01,3,-7.55404408e-01,2.02181359e+00
48,9.70000000e-01,3,-7.55404408e-01,2.02204023e+00
49,9.90000000e-01,3,-7.55404408e-01,2.02227094e+00
50,1.01000000e+00,3,-7.55404408e-01,2.02250570e+00
51,1.03000000e+00,3,-7.55404408e-01,2.02274452e+00
52,1.05000000e+00,3,-7.55404408e-01,2.02298740e+00
53,1.07000000e+00,3,-7.55404408e-01,2.02323434e+00
54,1.09000000e+00,3,-7.55404408e-01,2.02348534e+00
55,1.11000000e+00,3,-7.55404408e-01,2.02374041e+00
56,1.13000000e+00,3,-7.55404408e-01,2.02399953e+00
57,1.15000000e+00,3,-7.55404408e-01,2.02426272e+00
58,1.17000000e+00,3,-7.55404408e-01,2.02452998e+00
59,1.19000000e+00,3,-7.55404408e-01,2.02480130e+00
60,1.21000000e+00,3,-7.55404408e-01,2.02507668e+00
61,1.23000000e+00,3,-7.55404408e-01,2.02535613e+00
62,1.25000000e+00,3,-7.55404408e-01,2.02563965e+00
63,1.27000000e+00,3,-7.55404408e-01,2.02592724e+00
64,1.29000000e+00,3,-7.55404408e-01,2.02621890e+00
65,1.31000000e+00,3,-7.55404408e-01,2.02651463e+00
66,1.33000000e+00,3,-7.55404408e-01,2.02681444e+00
67,1.35000000e+00,3,-7.55404408e-01,2.02711831e+00
68,1.37000000e+00,3,-7.55404408e-01,2.02742626e+00
69,1.39000000e+00,3,-7.55404408e-01,2.02773828e+00
70,1.41000000e+00,3,-7.55404408e-01,2.02805438e+00
71,1.43000000e+00,3,-7.55404408e-01,2.02837456e+00
72,1.45000000e+00,3,-7.55404408e-01,2.02869882e+00
73,1.47000000e+00,3,-7.55404408e-01,2.02902715e+00
74,1.49000000e+00,3,-7.55404408e-01,2.02935956e+00
75,1.51000000e+00,3,-7.55404408e-01,2.02969606e+00
76,1.53000000e+00,3,-7.55404408e-01,2.03003664e+00
77,1.55000000e+00,3,-7.55404408e-01,2.03038130e+00
78,1.57000000e+00,3,-7.55404408e-01,2.03073005e+00
79,1.59000000e+00,3,-7.55404408e-01,2.03108289e+00
80,1.61000000e+00,3,-7.55404408e-01,2.03143981e+00
81,1.63000000e+00,3,-7.55404408e-01,2.03180082e+00
82,1.65000000e+00,3,-7.55404408e-01,2.03216592e+00
83,1.67000000e+00,3,-7.55404408e-01,2.03253512e+00
84,1.69000000e+00,3,-7.55404408e-01,2.03290840e+00
85,1.71000000e+00,3,-7.55404408e-01,2.03328578e+00
86,1.73000000e+00,3,-7.55404408e-01,2.03366726e+00
87,1.75000000e+00,3,-7.55404408e-01,2.03405283e+00
88,1.77000000e+00,3,-7.55404408e-01,2.03444250e+00
89,1.79000000e+00,3,-7.55404408e-01,2.03483627e+00
90,1.81000000e+00,3,-7.55404408e-01,2.03523414e+00
91,1.83000000e+00,3,-7.55404408e-01,2.03563611e+00
92,1.85000000e+00,3,-7.55404408e-01,2.03604219e+00
93,1.87000000e+00,3,-7.55404408e-01,2.03645237e+00
94,1.89000000e+00,3,-7.55404408e-01,2.03686666e+00
95,1.91000000e+00,3,-7.55404408e-01,2.03728505e+00
96,1.93000000e+00,3,-7.55404408e-01,2.03770756e+00
97,1.95000000e+00,3,-7.55404408e-01,2.03813417e+00
98,1.97000000e+00,3,-7.55404408e-01,2.03856490e+00
99,1.99000000e+00,3,-7.55404408e-01,2.03899975e+00
100,2.01000000e+00,3,-7.55404408e-01,2.03943871e+00
101,2.03000000e+00,3,-7.55404408e-01,2.03988178e+00
102,2.05000000e+00,3,-7.55404408e-01,2.04032898e+00
103,2.07000000e+00,3,-7.55404408e-01,2.04078029e+00
104,2.09000000e+00,3,-7.55404408e-01,2.04123573e+00
105,2.11000000e+00,3,-7.55404408e-01,2.04169529e+00
106,2.13000000e+00,3,-7.55404408e-01,2.04215897e+00
107,2.15000000e+00,3,-7.55404408e-01,2.04262679e+00
108,2.17000000e+00,3,-7.55404408e-01,2.04309873e+00
109,2.19000000e+00,3,-7.55404408e-01,2.04357480e+00
110,2.21000000e+00,3,-7.55404408e-01,2.04405500e+00
111,2.23000000e+00,3,-7.55404408e-01,2.04453934e+00
112,2.25000000e+00,3,-7.55404408e-01,2.04502781e+00
113,2.27000000e+00,3,-7.55404408e-01,2.04552042e+00
114,2.29000000e+00,3,-7.55404408e-01,2.04601717e+00
115,2.31000000e+00,3,-7.55404408e-01,2.04651806e+00
116,2.33000000e+00,3,-7.55404408e-01,2.04702309e+00
117,2.35000000e+00,3,-7.55404408e-01,2.04753227e+00
118,2.37000000e+00,3,-7.55404408e-01,2.04804559e+00
119,2.39000000e+00,3,-7.55404408e-01,2.04856306e+00
120,2.41000000e+00,3,-7.55404408e-01,2.04908468e+00
121,2.43000000e+00,3,-7.55404408e-01,2.04961045e+00
122,2.45000000e+00,3,-7.55404408e-01,2.05014038e+00
123,2.47000000e+00,3,-7.55404408e-01,2.05067446e+00
124,2.49000000e+00,3,-7.55404408e-01,2.05121270e+00
125,2.51000000e+00,3,-7.55404408e-01,2.05175510e+00
126,2.53000000e+00,3,-7.55404408e-01,2.05230166e+00
127,2.55000000e+00,3,-7.55404408e-01,2.05285238e+00
128,2.57000000e+00,3,-7.55404408e-01,2.05340727e+00
129,2.59000000e+00,3,-7.55404408e-01,2.05396632e+00
130,2.61000000e+00,3,-7.55404408e-01,2.05452954e+00
131,2.63000000e+00,3,-7.55404408e-01,2.05509694e+00
132,2.65000000e+00,3,-7.55404408e-01,2.05566851e+00
133,2.67000000e+00,3,-7.55404408e-01,2.05624425e+00
134,2.69000000e+00,3,-7.55404408e-01,2.05682417e+00
135,2.71000000e+00,3,-7.55404408e-01,2.05740828e+00
136,2.73000000e+00,3,-7.55404408e-01,2.05799656e+00
137,2.75000000e+00,3,-7.55404408e-01,2.05858902e+00
138,2.77000000e+00,3,-7.55404408e-01,2.05918568e+00
139,2.79000000e+00,3,-7.55404408e-01,2.05978652e+00
140,2.81000000e+00,3,-7.55404408e-01,2.06039155e+00
141,2.83000000e+00,3,-7.55404408e-01,2.06100077e+00
142,2.85000000e+00,3,-7.55404408e-01,2.06161419e+00
143,2.87000000e+00,3,-7.55404408e-01,2.06223180e+00
144,2.89000000e+00,3,-7.55404408e-01,2.06285361e+00
145,2.91000000e+00,3,-7.55404408e-01,2.06347963e+00
146,2.93000000e+00,3,-7.55404408e-01,2.06410985e+00
147,2.95000000e+00,3,-7.55404408e-01,2.06474427e+00
148,2.97000000e+00,3,-7.55404408e-01,2.06538290e+00
149,2.99000000e+00,3,-7.55404408e-01,2.06602574e+00
150,3.01000000e+00,3,-7.55404408e-01,2.06667280e+00
151,3.03000000e+00,3,-7.55404408e-01,2.06732407e+00
152,3.05000000e+00,3,-7.55404408e-01,2.06797956e+00
153,3.07000000e+00,3,-7.55404408e-01,2.06863926e+00
154,3.09000000e+00,3,-7.55404408e-01,2.06930319e+00
155,3.11000000e+00,3,-7.55404408e-01,2.06997134e+00
156,3.13000000e+00,3,-7.55404408e-01,2.07064372e+00
157,3.15000000e+00,3,-7.55404408e-01,2.07132033e+00
158,3.17000000e+00,3,-7.55404408e-01,2.07200117e+00
159,3.19000000e+00,3,-7.55404408e-01,2.07268625e+00
160,3.21000000e+00,3,-7.55404408e-01,2.07337556e+00
161,3.23000000e+00,3,-7.55404408e-01,2.07406911e+00
162,3.25000000e+00,3,-7.55404408e-01,2.07476691e+00
163,3.27000000e+00,3,-7.55404408e-01,2.07546894e+00
164,3.29000000e+00,3,-7.55404408e-01,2.07617523e+00
165,3.31000000e+00,3,-7.55404408e-01,2.07688576e+00
166,3.33000000e+00,3,-7.55404408e-01,2.07760054e+00
167,3.35000000e+00,3,-7.55404408e-01,2.07831958e+00
168,3.37000000e+00,3,-7.55404408e-01,2.07904288e+00
169,3.39000000e+00,3,-7.55404408e-01,2.07977043e+00
170,3.41000000e+00,3,-7.55404408e-01,2.08050225e+00
171,3.43000000e+00,3,-7.55404408e-01,2.08123834e+00
172,3.45000000e+00,3,-7.55404408e-01,2.08197869e+00
173,3.47000000e+00,3,-7.55404408e-01,2.08272331e+00
174,3.49000000e+00,3,-7.55404408e-01,2.08347220e+00
175,3.51000000e+00,3,-7.55404408e-01,2.08422537e+00
176,3.53000000e+00,3,-7.55404408e-01,2.08498282e+00
177,3.55000000e+00,3,-7.55404408e-01,2.08574454e+00
178,3.57000000e+00,3,-7.55404408e-01,2.08651056e+00
179,3.59000000e+00,3,-7.55404408e-01,2.08728085e+00
180,3.61000000e+00,3,-7.55404408e-01,2.08805544e+00
181,3.63000000e+00,3,-7.55404408e-01,2.08883432e+00
182,3.65000000e+00,3,-7.55404408e-01,2.08961750e+00
183,3.67000000e+00,3,-7.55404408e-01,2.09040497e+00
184,3.69000000e+00,3,-7.55404408e-01,2.09119674e+00
185,3.71000000e+00,3,-7.55404408e-01,2.09199282e+00
186,3.73000000e+00,3,-7.55404408e-01,2.09279320e+00
187,3.75000000e+00,3,-7.55404408e-01,2.09359790e+00
188,3.77000000e+00,3,-7.55404408e-01,2.09440690e+00
189,3.79000000e+00,3,-7.55404408e-01,2.09522022e+00
190,3.81000000e+00,3,-7.55404408e-01,2.09603786e+00
191,3.83000000e+00,3,-7.55404408e-01,2.09685982e+00
192,3.85000000e+00,3,-7.55404408e-01,2.09768610e+00
193,3.87000000e+00,3,-7.55404408e-01,2.09851671e+00
194,3.89000000e+00,3,-7.55404408e-01,2.09935165e+00
195,3.91000000e+00,3,-7.55404408e-01,2.10019092e+00
196,3.93000000e+00,3,-7.55404408e-01,2.10103453e+00
197,3.95000000e+00,3,-7.55404408e-01,2.10188248e+00
198,3.97000000e+00,3,-7.55404408e-01,2.10273477e+00
199,3.99000000e+00,3,-7.55404408e-01,2.10359140e+00
200,4.01000000e+00,3,-7.55404408e-01,2.10445239e+00
201,4.03000000e+00,3,-7.55404408e-01,2.10531772e+00
202,4.05000000e+00,3,-7.55404408e-01,2.10618741e+00
203,4.07000000e+00,3,-7.55404408e-01,2.10706146e+00
204,4.09000000e+00,3,-7.55404408e-01,2.10793987e+00
205,4.11000000e+00,3,-7.55404408e-01,2.10882264e+00
206,4.13000000e+00,3,-7.55404408e-01,2.10970978e+00
207,4.15000000e+00,3,-7.55404408e-01,2.11060129e+00
208,4.17000000e+00,3,-7.55404408e-01,2.11149717e+00
209,4.19000000e+00,3,-7.55404408e-01,2.11239743e+00
210,4.21000000e+00,3,-7.55404408e-01,2.11330207e+00
211,4.23000000e+00,3,-7.55404408e-01,2.11421109e+00
212,4.25000000e+00,3,-7.55404408e-01,2.11512450e+00
213,4.27000000e+00,3,-7.55404408e-01,2.11604230e+00
214,4.29000000e+00,3,-7.55404408e-01,2.11696449e+00
215,4.31000000e+00,3,-7.55404408e-01,2.11789108e+00
216,4.33000000e+00,3,-7.55404408e-01,2.11882207e+00
217,4.35000000e+00,3,-7.55404408e-01,2.11975747e+00
218,4.37000000e+00,3,-7.55404408e-01,2.12069727e+00
219,4.39000000e+00,3,-7.55404408e-01,2.12164148e+00
220,4.41000000e+00,3,-7.55404408e-01,2.12259010e+00
221,4.43000000e+00,3,-7.55404408e-01,2.12354314e+00
222,4.45000000e+00,3,-7.55404408e-01,2.12450060e+00
223,4.47000000e+00,3,-7.55404408e-01,2.12546249e+00
224,4.49000000e+00,3,-7.55404408e-01,2.12642880e+00
225,4.51000000e+00,3,-7.55404408e-01,2.12739954e+00
226,4.53000000e+00,3,-7.55404408e-01,2.12837472e+00
227,4.55000000e+00,3,-7.55404408e-01,2.12935434e+00
228,4.57000000e+00,3,-7.55404408e-01,2.13033840e+00
229,4.59000000e+00,3,-7.55404408e-01,2.13132690e+00
230,4.61000000e+00,3,-7.55404408e-01,2.13231985e+00
231,4.63000000e+00,3,-7.55404408e-01,2.13331725e+00
232,4.65000000e+00,3,-7.55404408e-01,2.13431911e+00
233,4.67000000e+00,3,-7.55404408e-01,2.13532543e+00
234,4.69000000e+00,3,-7.55404408e-01,2.13633621e+00
235,4.71000000e+00,3,-7.55404408e-01,2.13735146e+00
236,4.73000000e+00,3,-7.55404408e-01,2.13837118e+00
237,4.75000000e+00,3,-7.55404408e-01,2.13939537e+00
238,4.77000000e+00,3,-7.55404408e-01,2.14042404e+00
239,4.79000000e+00,3,-7.55404408e-01,2.14145720e+00
240,4.81000000e+00,3,-7.55404408e-01,2.14249484e+00
241,4.83000000e+00,3,-7.55404408e-01,2.14353696e+00
242,4.85000000e+00,3,-7.55404408e-01,2.14458358e+00
243,4.87000000e+00,3,-7.55404408e-01,2.14563470e+00
244,4.89000000e+00,3,-7.55404408e-01,2.14669032e+00
245,4.91000000e+00,3,-7.55404408e-01,2.14775044e+00
246,4.93000000e+00,3,-7.55404408e-01,2.14881507e+00
247,4.95000000e+00,3,-7.55404408e-01,2.14988421e+00
248,4.97000000e+00,3,-7.55404408e-01,2.15095787e+00
249,4.99000000e+00,3,-7.55404408e-01,2.15203604e+00
250,5.01000000e+00,3,-7.55404408e-01,2.15311875e+00
251,5.03000000e+00,3,-7.55404408e-01,2.15420597e+00
252,5.05000000e+00,3,-7.55404408e-01,2.15529773e+00
253,5.07000000e+00,3,-7.55404408e-01,2.15639403e+00
254,5.09000000e+00,3,-7.55404408e-01,2.15749487e+00
255,5.11000000e+00,3,-7.55404408e-01,2.15860024e+00
256,5.13000000e+00,3,-7.55404408e-01,2.15971017e+00
257,5.15000000e+00,3,-7.55404408e-01,2.16082465e+00
258,5.17000000e+00,3,-7.55404408e-01,2.16194368e+00
259,5.19000000e+00,3,-7.55404408e-01,2.16306727e+00
260,5.21000000e+00,3,-7.55404408e-01,2.16419543e+00
261,5.23000000e+00,3,-7.55404408e-01,2.16532815e+00
262,5.25000000e+00,3,-7.55404408e-01,2.16646545e+00
263,5.27000000e+00,3,-7.55404408e-01,2.16760732e+00
264,5.29000000e+00,3,-7.55404408e-01,2.16875378e+00
265,5.31000000e+00,3,-7.55404408e-01,2.16990481e+00
266,5.33000000e+00,3,-7.55404408e-01,2.17106044e+00
267,5.35000000e+00,3,-7.55404408e-01,2.17222066e+00
268,5.37000000e+00,3,-7.55404408e-01,2.17338547e+00
269,5.39000000e+00,3,-7.55404408e-01,2.17455489e+00
270,5.41000000e+00,3,-7.55404408e-01,2.17572891e+00
271,5.43000000e+00,3,-7.55404408e-01,2.17690754e+00
272,5.45000000e+00,3,-7.55404408e-01,2.17809079e+00
273,5.47000000e+00,3,-7.55404408e-01,2.17927865e+00
274,5.49000000e+00,3,-7.55404408e-01,2.18047113e+00
275,5.51000000e+00,3,-7.55404408e-01,2.18166825e+00
276,5.53000000e+00,3,-7.55404408e-01,2.18286999e+00
277,5.55000000e+00,3,-7.55404408e-01,2.18407637e+00
278,5.57000000e+00,3,-7.55404408e-01,2.18528739e+00
279,5.59000000e+00,3,-7.55404408e-01,2.18650305e+00
280,5.61000000e+00,3,-7.55404408e-01,2.18772337e+00
281,5.63000000e+00,3,-7.55404408e-01,2.18894833e+00
282,5.65000000e+00,3,-7.55404408e-01,2.19017795e+00
283,5.67000000e+00,3,-7.55404408e-01,2.19141224e+00
284,5.69000000e+00,3,-7.55404408e-01,2.19265119e+00
285,5.71000000e+00,3,-7.55404408e-01,2.19389482e+00
286,5.73000000e+00,3,-7.55404408e-01,2.19514311e+00
287,5.75000000e+00,3,-7.55404408e-01,2.19639609e+00
288,5.77000000e+00,3,-7.55404408e-01,2.19765376e+00
289,5.79000000e+00,3,-7.55404408e-01,2.19891611e+00
290,5.81000000e+00,3,-7.55404408e-01,2.20018316e+00
291,5.83000000e+00,3,-7.55404408e-01,2.20145490e+00
292,5.85000000e+00,3,-7.55404408e-01,2.20273135e+00
293,5.87000000e+00,3,-7.55404408e-01,2.20401250e+00
294,5.89000000e+00,3,-7.55404408e-01,2.20529837e+00
295,5.91000000e+00,3,-7.55404408e-01,2.20658896e+00
296,5.93000000e+00,3,-7.55404408e-01,2.20788426e+00
297,5.95000000e+00,3,-7.55404408e-01,2.20918430e+00
298,5.97000000e+00,3,-7.55404408e-01,2.21048906e+00
299,5.99000000e+00,3,-7.55404408e-01,2.21179856e+00
300,6.01000000e+00,3,-7.55404408e-01,2.21311280e+00
301,6.03000000e+00,3,-7.55404408e-01,2.21443179e+00
302,6.05000000e+00,3,-7.55404408e-01,2.21575553e+00
303,6.07000000e+00,3,-7.55404408e-01,2.21708402e+00
304,6.09000000e+00,3,-7.55404408e-01,2.21841727e+00
305,6.11000000e+00,3,-7.55404408e-01,2.21975528e+00
306,6.13000000e+00,3,-7.55404408e-01,2.22109807e+00
307,6.15000000e+00,3,-7.55404408e-01,2.22244563e+00
308,6.17000000e+00,3,-7.55404408e-01,2.22379796e+00
309,6.19000000e+00,3,-7.55404408e-01,2.22515509e+00
310,6.21000000e+00,3,-7.55404408e-01,2.22651700e+00
311,6.23000000e+00,3,-7.55404408e-01,2.22788370e+00
312,6.25000000e+00,3,-7.55404408e-01,2.22925521e+00
313,6.27000000e+00,3,-7.55404408e-01,2.23063151e+00
314,6.29000000e+00,3,-7.55404408e-01,2.23201263e+00
315,6.31000000e+00,3,-7.55404408e-01,2.23339856e+00
316,6.33000000e+00,3,-7.55404408e-01,2.23478931e+00
317,6.35000000e+00,3,-7.55404408e-01,2.23618488e+00
318,6.37000000e+00,3,-7.55404408e-01,2.23758528e+00
319,6.39000000e+00,3,-7.55404408e-01,2.23899051e+00
320,6.41000000e+00,3,-7.55404408e-01,2.24040059e+00
321,6.43000000e+00,3,-7.55404408e-01,2.24181550e+00
322,6.45000000e+00,3,-7.55404408e-01,2.24323527e+00
323,6.47000000e+00,3,-7.55404408e-01,2.24465988e+00
324,6.49000000e+00,3,-7.55404408e-01,2.24608936e+00
325,6.51000000e+00,3,-7.55404408e-01,2.24752370e+00
326,6.53000000e+00,3,-7.55404408e-01,2.24896291e+00
327,6.55000000e+00,3,-7.55404408e-01,2.25040700e+00
328,6.57000000e+00,3,-7.55404408e-01,2.25185596e+00
329,6.59000000e+00,3,-7.55404408e-01,2.25330980e+00
330,6.61000000e+00,3,-7.55404408e-01,2.25476854e+00
331,6.63000000e+00,3,-7.55404408e-01,2.25623217e+00
332,6.65000000e+00,3,-7.55404408e-01,2.25770069e+00
333,6.67000000e+00,3,-7.55404408e-01,2.25917412e+00
334,6.69000000e+00,3,-7.55404408e-01,2.26065246e+00
335,6.71000000e+00,3,-7.55404408e-01,2.26213572e+00
336,6.73000000e+00,3,-7.55404408e-01,2.26362389e+00
337,6.75000000e+00,3,-7.55404408e-01,2.26511698e+00
338,6.77000000e+00,3,-7.55404408e-01,2.26661501e+00
339,6.79000000e+00,3,-7.55404408e-01,2.26811796e+00
340,6.81000000e+00,3,-7.55404408e-01,2.26962585e+00
341,6.83000000e+00,3,-7.55404408e-01,2.27113869e+00
342,6.85000000e+00,3,-7.55404408e-01,2.27265647e+00
343,6.87000000e+00,3,-7.55404408e-01,2.27417920e+00
344,6.89000000e+00,3,-7.55404408e-01,2.27570689e+00
345,6.91000000e+00,3,-7.55404408e-01,2.27723954e+00
346,6.93000000e+00,3,-7.55404408e-01,2.27877715e+00
347,6.95000000e+00,3,-7.55404408e-01,2.28031973e+00
348,6.97000000e+00,3,-7.55404408e-01,2.28186728e+00
349,6.99000000e+00,3,-7.55404408e-01,2.28341980e+00
350,7.01000000e+00,3,-7.55404408e-01,2.28497731e+00
351,7.03000000e+00,3,-7.55404408e-01,2.28653979e+00
352,7.05000000e+00,3,-7.55404408e-01,2.28810726e+00
353,7.07000000e+00,3,-7.55404408e-01,2.28967972e+00
354,7.09000000e+00,3,-7.55404408e-01,2.29125717e+00
355,7.11000000e+00,3,-7.55404408e-01,2.29283961e+00
356,7.13000000e+00,3,-7.55404408e-01,2.29442705e+00
357,7.15000000e+00,3,-7.55404408e-01,2.29601948e+00
358,7.17000000e+00,3,-7.55404408e-01,2.29761690e+00
359,7.19000000e+00,3,-7.55404408e-01,2.29921932e+00
360,7.21000000e+00,3,-7.55404408e-01,2.30082674e+00
361,7.23000000e+00,3,-7.55404408e-01,2.30243916e+00
362,7.25000000e+00,3,-7.55404408e-01,2.30405656e+00
363,7.27000000e+00,3,-7.55404408e-01,2.30567896e+00
364,7.29000000e+00,3,-7.55404408e-01,2.30730635e+00
365,7.31000000e+00,3,-7.55404408e-01,2.30893873e+00
366,7.33000000e+00,3,-7.55404408e-01,2.31057608e+00
367,7.35000000e+00,3,-7.55404408e-01,2.31221841e+00
368,7.37000000e+00,3,-7.55404408e-01,2.31386570e+00
369,7.39000000e+00,3,-7.55404408e-01,2.31551796e+00
370,7.41000000e+00,3,-7.55404408e-01,2.31717516e+00
371,7.43000000e+00,3,-7.55404408e-01,2.31883729e+00
372,7.45000000e+00,3,-7.55404408e-01,2.32050435e+00
373,7.47000000e+00,3,-7.55404408e-01,2.32217632e+00
374,7.49000000e+00,3,-7.55404408e-01,2.32385317e+00
375,7.51000000e+00,3,-7.55404408e-01,2.32553490e+00
376,7.53000000e+00,3,-7.55404408e-01,2.32722147e+00
377,7.55000000e+00,3,-7.55404408e-01,2.32891286e+00
378,7.57000000e+00,3,-7.55404408e-01,2.33060904e+00
379,7.59000000e+00,3,-7.55404408e-01,2.33230997e+00
380,7.61000000e+00,3,-7.55404408e-01,2.33401563e+00
381,7.63000000e+00,3,-7.55404408e-01,2.33572597e+00
382,7.65000000e+00,3,-7.55404408e-01,2.33744095e+00
383,7.67000000e+00,3,-7.55404408e-01,2.33916050e+00
384,7.69000000e+00,3,-7.55404408e-01,2.34088459e+00
385,7.71000000e+00,3,-7.55404408e-01,2.34261313e+00
386,7.73000000e+00,3,-7.55404408e-01,2.34434607e+00
387,7.75000000e+00,3,-7.55404408e-01,2.34608333e+00
388,7.77000000e+00,3,-7.55404408e-01,2.34782481e+00
389,7.79000000e+00,3,-7.55404408e-01,2.34957044e+00
390,7.81000000e+00,3,-7.55404408e-01,2.35132009e+00
391,7.83000000e+00,3,-7.55404408e-01,2.35307366e+00
392,7.85000000e+00,3,-7.55404408e-01,2.35483101e+00
393,7.87000000e+00,3,-7.55404408e-01,2.35659201e+00
394,7.89000000e+00,3,-7.55404408e-01,2.35835651e+00
395,7.91000000e+00,3,-7.55404408e-01,2.36012433e+00
396,7.93000000e+00,3,-7.55404408e-01,2.36189528e+00
397,7.95000000e+00,3,-7.55404408e-01,2.36366916e+00
398,7.97000000e+00,3,-7.55404408e-01,2.36544575e+00
399,7.99000000e+00,3,-7.55404408e-01,2.36722480e+00
400,8.01000000e+00,3,-7.55404408e-01,2.36900604e+00
401,8.03000000e+00,3,-7.55404408e-01,2.37078918e+00
402,8.05000000e+00,3,-7.55404408e-01,2.37257388e+00
403,8.07000000e+00,3,-7.55404408e-01,2.37435980e+00
404,8.09000000e+00,3,-7.55404408e-01,2.37614656e+00
405,8.11000000e+00,3,-7.55404408e-01,2.37793373e+00
406,8.13000000e+00,3,-7.55404408e-01,2.37972087e+00
407,8.15000000e+00,3,-7.55404408e-01,2.38150746e+00
408,8.17000000e+00,3,-7.55404408e-01,2.38329299e+00
409,8.19000000e+00,3,-7.55404408e-01,2.38507685e+00
410,8.21000000e+00,3,-7.55404408e-01,2.38685842e+00
411,8.23000000e+00,3,-7.55404408e-01,2.38863702e+00
412,8.25000000e+00,3,-7.55404408e-01,2.39041190e+00
413,8.27000000e+00,3,-7.55404408e-01,2.39218228e+00
414,8.29000000e+00,3,-7.55404408e-01,2.39394729e+00
415,8.31000000e+00,3,-7.55404408e-01,2.39570602e+00
416,8.33000000e+00,3,-7.55404408e-01,2.39745748e+00
417,8.35000000e+00,3,-7.55404408e-01,2.39920062e+00
418,8.37000000e+00,3,-7.55404408e-01,2.40093433e+00
419,8.39000000e+00,3,-7.55404408e-01,2.40265741e+00
420,8.41000000e+00,3,-7.55404408e-01,2.40436860e+00
421,8.43000000e+00,3,-7.55404408e-01,2.40606659e+00
422,8.45000000e+00,3,-7.55404408e-01,2.40774998e+00
423,8.47000000e+00,3,-7.55404408e-01,2.40941732e+00
424,8.49000000e+00,3,-7.55404408e-01,2.41106711e+00
425,8.51000000e+00,3,-7.55404408e-01,2.41269778e+00
426,8.53000000e+00,3,-7.55404408e-01,2.41430778e+00
427,8.55000000e+00,3,-7.55404408e-01,2.41589548e+00
428,8.57000000e+00,3,-7.55404408e-01,2.41745931e+00
429,8.59000000e+00,3,-7.55404408e-01,2.41899770e+00
430,8.61000000e+00,3,-7.55404408e-01,2.42050915e+00
431,8.63000000e+00,3,-7.55404408e-01,2.42199226e+00
432,8.65000000e+00,3,-7.55404408e-01,2.42344581e+00
433,8.67000000e+00,3,-7.55404408e-01,2.42486876e+00
434,8.69000000e+00,3,-7.55404408e-01,2.42626038e+00
435,8.71000000e+00,3,-7.55404408e-01,2.42762032e+00
436,8.73000000e+00,3,-7.55404408e-01,2.42894870e+00
437,8.75000000e+00,3,-7.55404408e-01,2.43024628e+00
438,8.77000000e+00,3,-7.55404408e-01,2.43151456e+00
439,8.79000000e+00,3,-7.55404408e-01,2.43275600e+00
440,8.81000000e+00,3,-7.55404408e-01,2.43397422e+00
441,8.83000000e+00,3,-7.55404408e-01,2.43517425e+00
442,8.85000000e+00,3,-7.55404408e-01,2.43636285e+00
443,8.87000000e+00,3,-7.55404408e-01,2.43754884e+00
444,8.89000000e+00,3,-7.55404408e-01,2.43874353e+00
445,8.91000000e+00,3,-7.55404408e-01,2.43996117e+00
446,8.93000000e+00,3,-7.55404408e-01,2.44121960e+00
447,8.95000000e+00,3,-7.55404408e-01,2.44254082e+00
448,8.97000000e+00,3,-7.55404408e-01,2.44395183e+00
449,8.99000000e+00,3,-7.55404408e-01,2.44548553e+00
450,9.01000000e+00,3,-7.55404408e-01,2.44718174e+00
451,9.03000000e+00,3,-7.55404408e-01,2.44908847e+00
452,9.05000000e+00,3,-7.55404408e-01,2.45126333e+00
453,9.07000000e+00,3,-7.55404408e-01,2.45377520e+00
454,9.09000000e+00,3,-7.55404408e-01,2.45670611e+00
455,9.11000000e+00,3,-7.55404408e-01,2.46015355e+00
456,9.13000000e+00,3,-7.55404408e-01,2.46423297e+00
457,9.15000000e+00,3,-7.55404408e-01,2.46908082e+00
458,9.17000000e+00,3,-7.55404408e-01,2.47485798e+00
459,9.19000000e+00,3,-7.55404408e-01,2.48175377e+00
460,9.21000000e+00,3,-7.55404408e-01,2.48999055e+00
461,9.23000000e+00,3,-7.55404408e-01,2.49982903e+00
462,9.25000000e+00,3,-7.55404408e-01,2.51157445e+00
463,9.27000000e+00,3,-7.55404408e-01,2.52558360e+00
464,9.29000000e+00,3,-7.55404408e-01,2.54227304e+00
465,9.31000000e+00,3,-7.55404408e-01,2.56212845e+00
466,9.33000000e+00,3,-7.55404408e-01,2.58571549e+00
467,9.35000000e+00,3,-7.55404408e-01,2.61369227e+00
468,9.37000000e+00,3,-7.55404408e-01,2.64682368e+00
469,9.39000000e+00,3,-7.55404408e-01,2.68599795e+00
470,9.41000000e+00,3,-7.55404408e-01,2.73224562e+00
471,9.43000000e+00,3,-7.55404408e-01,2.78676151e+00
472,9.45000000e+00,3,-7.55404408e-01,2.85092988e+00
473,9.47000000e+00,3,-7.55404408e-01,2.92635345e+00
474,9.49000000e+00,3,-7.55404408e-01,3.01488685e+00
475,9.51000000e+00,3,-7.55404408e-01,3.11867508e+00
476,9.53000000e+00,3,-7.55404408e-01,3.24019790e+00
477,9.55000000e+00,3,-7.55404408e-01,3.38232093e+00
478,9.57000000e+00,3,-7.55404408e-01,3.54835457e+00
479,9.59000000e+00,3,-7.55404408e-01,3.74212198e+00
480,9.61000000e+00,3,-7.55404408e-01,3.96803748e+00
481,9.63000000e+00,3,-7.55404408e-01,4.23119692e+00
482,9.65000000e+00,3,-7.55404408e-01,4.53748199e+00
483,9.67000000e+00,3,-7.55404408e-01,4.89368034e+00
484,9.69000000e+00,3,-7.55404408e-01,5.30762394e+00
485,9.71000000e+00,3,-7.55404408e-01,5.78834802e+00
486,9.73000000e+00,3,-7.55404408e-01,6.34627312e+00
487,9.75000000e+00,3,-7.55404408e-01,6.99341275e+00
488,9.77000000e+00,3,-7.55404408e-01,7.74360868e+00
489,9.79000000e+00,3,-7.55404408e-01,8.61279493e+00
490,9.81000000e+00,3,-7.55404408e-01,9.61928980e+00
491,9.83000000e+00,3,-7.55404408e-01,1.07841124e+01
492,9.85000000e+00,3,-7.55404408e-01,1.21313152e+01
493,9.87000000e+00,3,-7.55404408e-01,1.36883184e+01
494,9.89000000e+00,3,-7.55404408e-01,1.54862273e+01
495,9.91000000e+00,3,-7.55404408e-01,1.75601330e+01
496,9.93000000e+00,3,-7.55404408e-01,1.99495102e+01
497,9.95000000e+00,3,-7.55404408e-01,2.26993559e+01
498,9.97000000e+00,3,-7.55404408e-01,2.58648453e+01
499,9.99000000e+00,3,-7.55404408e-01,2.95306526e+01
0,1.00000000e-02,4,-6.17876244e-01,2.01573183e+00
1,3.00000000e-02,4,-6.17876244e-01,2.01575891e+00
2,5.00000000e-02,4,-6.17876244e-01,2.01579380e+00
3,7.00000000e-02,4,-6.17876244e-01,2.01583318e+00
4,9.00000000e-02,4,-6.17876244e-01,2.01587665e+00
5,1.10000000e-01,4,-6.17876244e-01,2.01592416e+00
6,1.30000000e-01,4,-6.17876244e-01,2.01597568e+00
7,1.50000000e-01,4,-6.17876244e-01,2.01603124e+00
8,1.70000000e-01,4,-6.17876244e-01,2.01609083e+00
9,1.90000000e-01,4,-6.17876244e-01,2.01615447e+00
10,2.10000000e-01,4,-6.17876244e-01,2.01622216e+00
11,2.30000000e-01,4,-6.17876244e-01,2.01629389e+00
12,2.50000000e-01,4,-6.17876244e-01,2.01636967e+00
13,2.70000000e-01,4,-6.17876244e-01,2.01644951e+00
14,2.90000000e-01,4,-6.17876244e-01,2.01653340e+00
15,3.10000000e-01,4,-6.17876244e-01,2.01662134e+00
16,3.30000000e-01,4,-6.17876244e-01,2.01671334e+00
17,3.50000000e-01,4,-6.17876244e-01,2.01680938e+00
18,3.70000000e-01,4,-6.17876244e-01,2.01690948e+00
19,3.90000000e-01,4,-6.17876244e-01,2.01701363e+00
20,4.10000000e-01,4,-6.17876244e-01,2.01712183e+00
21,4.30000000e-01,4,-6.17876244e-01,2.01723407e+00
22,4.50000000e-01,4,-6.17876244e-01,2.01735037e+00
23,4.70000000e-01,4,-6.17876244e-01,2.01747072e+00
24,4.90000000e-01,4,-6.17876244e-01,2.01759511e+00
25,5.10000000e-01,4,-6.17876244e-01,2.01772355e+00
26,5.30000000e-01,4,-6.17876244e-01,2.01785605e+00
27,5.50000000e-01,4,-6.17876244e-01,2.01799258e+00
28,5.70000000e-01,4,-6.17876244e-01,2.01813317e+00
29,5.90000000e-01,4,-6.17876244e-01,2.01827780e+00
30,6.10000000e-01,4,-6.17876244e-01,2.01842649e+00
31,6.30000000e-01,4,-6.17876244e-01,2.01857922e+00
32,6.50000000e-01,4,-6.17876244e-01,2.01873599e+00
33,6.70000000e-01,4,-6.17876244e-01,2.01889682e+00
34,6.90000000e-01,4,-6.17876244e-01,2.01906169e+00
35,7.10000000e-01,4,-6.17876244e-01,2.01923061e+00
36,7.30000000e-01,4,-6.17876244e-01,2.01940358e+00
37,7.50000000e-01,4,-6.17876244e-01,2.01958060e+00
38,7.70000000e-01,4,-6.17876244e-01,2.01976167e+00
39,7.90000000e-01,4,-6.17876244e-01,2.01994679e+00
40,8.10000000e-01,4,-6.17876244e-01,2.02013596e+00
41,8.30000000e-01,4,-6.17876244e-01,2.02032918e+00
42,8.50000000e-01,4,-6.17876244e-01,2.02052645e+00
43,8.70000000e-01,4,-6.17876244e-01,2.02072777e+00
44,8.90000000e-01,4,-6.17876244e-01,2.02093315e+00
45,9.10000000e-01,4,-6.17876244e-01,2.02114257e+00
46,9.30000000e-01,4,-6.17876244e-01,2.02135605e+00
47,9.50000000e-01,4,-6.17876244e-01,2.02157358e+00
48,9.70000000e-01,4,-6.17876244e-01,2.02179517e+00
49,9.90000000e-01,4,-6.17876244e-01,2.02202082e+00
50,1.01000000e+00,4,-6.17876244e-01,2.02225051e+00
51,1.03000000e+00,4,-6.17876244e-01,2.02248427e+00
52,1.05000000e+00,4,-6.17876244e-01,2.02272208e+00
53,1.07000000e+00,4,-6.17876244e-01,2.02296395e+00
54,1.09000000e+00,4,-6.17876244e-01,2.02320988e+00
55,1.11000000e+00,4,-6.17876244e-01,2.02345987e+00
56,1.13000000e+00,4,-6.17876244e-01,2.02371392e+00
57,1.15000000e+00,4,-6.17876244e-01,2.02397203e+00
58,1.17000000e+00,4,-6.17876244e-01,2.02423421e+00
59,1.19000000e+00,4,-6.17876244e-01,2.02450044e+00
60,1.21000000e+00,4,-6.17876244e-01,2.02477074e+00
61,1.23000000e+00,4,-6.17876244e-01,2.02504511e+00
62,1.25000000e+00,4,-6.17876244e-01,2.02532354e+00
63,1.27000000e+00,4,-6.17876244e-01,2.02560603e+00
64,1.29000000e+00,4,-6.17876244e-01,2.02589260e+00
65,1.31000000e+00,4,-6.17876244e-01,2.02618323e+00
66,1.33000000e+00,4,-6.17876244e-01,2.02647793e+00
67,1.35000000e+00,4,-6.17876244e-01,2.02677671e+00
68,1.37000000e+00,4,-6.17876244e-01,2.02707955e+00
69,1.39000000e+00,4,-6.17876244e-01,2.02738647e+00
70,1.41000000e+00,4,-6.17876244e-01,2.02769746e+00
71,1.43000000e+00,4,-6.17876244e-01,2.02801253e+00
72,1.45000000e+00,4,-6.17876244e-01,2.02833167e+00
73,1.47000000e+00,4,-6.17876244e-01,2.02865489e+00
74,1.49000000e+00,4,-6.17876244e-01,2.02898219e+00
75,1.51000000e+00,4,-6.17876244e-01,2.02931357e+00
76,1.53000000e+00,4,-6.17876244e-01,2.02964903e+00
77,1.55000000e+00,4,-6.17876244e-01,2.02998857e+00
78,1.57000000e+00,4,-6.17876244e-01,2.03033219e+00
79,1.59000000e+00,4,-6.17876244e-01,2.03067990e+00
80,1.61000000e+00,4,-6.17876244e-01,2.03103169e+00
81,1.63000000e+00,4,-6.17876244e-01,2.03138757e+00
82,1.65000000e+00,4,-6.17876244e-01,2.03174754e+00
83,1.67000000e+00,4,-6.17876244e-01,2.03211160e+00
84,1.69000000e+00,4,-6.17876244e-01,2.03247975e+00
85,1.71000000e+00,4,-6.17876244e-01,2.03285198e+00
86,1.73000000e+00,4,-6.17876244e-01,2.03322832e+00
87,1.75000000e+00,4,-6.17876244e-01,2.03360874e+00
88,1.77000000e+00,4,-6.17876244e-01,2.03399327e+00
89,1.79000000e+00,4,-6.17876244e-01,2.03438189e+00
90,1.81000000e+00,4,-6.17876244e-01,2.03477461e+00
91,1.83000000e+00,4,-6.17876244e-01,2.03517143e+00
92,1.85000000e+00,4,-6.17876244e-01,2.03557235e+00
93,1.87000000e+00,4,-6.17876244e-01,2.03597737e+00
94,1.89000000e+00,4,-6.17876244e-01,2.03638650e+00
95,1.91000000e+00,4,-6.17876244e-01,2.03679973e+00
96,1.93000000e+00,4,-6.17876244e-01,2.03721707e+00
97,1.95000000e+00,4,-6.17876244e-01,2.03763852e+00
98,1.97000000e+00,4,-6.17876244e-01,2.03806408e+00
99,1.99000000e+00,4,-6.17876244e-01,2.03849375e+00
100,2.01000000e+00,4,-6.17876244e-01,2.03892754e+00
101,2.03000000e+00,4,-6.17876244e-01,2.03936544e+00
102,2.05000000e+00,4,-6.17876244e-01,2.03980745e+00
103,2.07000000e+00,4,-6.17876244e-01,2.04025359e+00
104,2.09000000e+00,4,-6.17876244e-01,2.04070384e+00
105,2.11000000e+00,4,-6.17876244e-01,2.04115822e+00
106,2.13000000e+00,4,-6.17876244e-01,2.04161672e+00
107,2.15000000e+00,4,-6.17876244e-01,2.04207934e+00
108,2.17000000e+00,4,-6.17876244e-01,2.04254609e+00
109,2.19000000e+00,4,-6.17876244e-01,2.04301697e+00
110,2.21000000e+00,4,-6.17876244e-01,2.04349198e+00
111,2.23000000e+00,4,-6.17876244e-01,2.04397111e+00
112,2.25000000e+00,4,-6.17876244e-01,2.04445439e+00
113,2.27000000e+00,4,-6.17876244e-01,2.04494179e+00
114,2.29000000e+00,4,-6.17876244e-01,2.04543334e+00
115,2.31000000e+00,4,-6.17876244e-01,2.04592902e+00
116,2.33000000e+00,4,-6.17876244e-01,2.04642884e+00
117,2.35000000e+00,4,-6.17876244e-01,2.04693280e+00
118,2.37000000e+00,4,-6.17876244e-01,2.04744091e+00
119,2.39000000e+00,4,-6.17876244e-01,2.04795316e+00
120,2.41000000e+00,4,-6.17876244e-01,2.04846956e+00
121,2.43000000e+00,4,-6.17876244e-01,2.04899011e+00
122,2.45000000e+00,4,-6.17876244e-01,2.04951481e+00
123,2.47000000e+00,4,-6.17876244e-01,2.05004366e+00
124,2.49000000e+00,4,-6.17876244e-01,2.05057667e+00
125,2.51000000e+00,4,-6.17876244e-01,2.05111384e+00
126,2.53000000e+00,4,-6.17876244e-01,2.05165516e+00
127,2.55000000e+00,4,-6.17876244e-01,2.05220065e+00
128,2.57000000e+00,4,-6.17876244e-01,2.05275029e+00
129,2.59000000e+00,4,-6.17876244e-01,2.05330411e+00
130,2.61000000e+00,4,-6.17876244e-01,2.05386209e+00
131,2.63000000e+00,4,-6.17876244e-01,2.05442423e+00
132,2.65000000e+00,4,-6.17876244e-01,2.05499055e+00
133,2.67000000e+00,4,-6.17876244e-01,2.05556104e+00
134,2.69000000e+00,4,-6.17876244e-01,2.05613571e+00
135,2.71000000e+00,4,-6.17876244e-01,2.05671455e+00
136,2.73000000e+00,4,-6.17876244e-01,2.05729757e+00
137,2.75000000e+00,4,-6.17876244e-01,2.05788477e+00
138,2.77000000e+00,4,-6.17876244e-01,2.05847616e+00
139,2.79000000e+00,4,-6.17876244e-01,2.05907173e+00
140,2.81000000e+00,4,-6.17876244e-01,2.05967149e+00
141,2.83000000e+00,4,-6.17876244e-01,2.06027544e+00
142,2.85000000e+00,4,-6.17876244e-01,2.06088358e+00
143,2.87000000e+00,4,-6.17876244e-01,2.06149591e+00
144,2.89000000e+00,4,-6.17876244e-01,2.06211244e+00
145,2.91000000e+00,4,-6.17876244e-01,2.06273317e+00
146,2.93000000e+00,4,-6.17876244e-01,2.06335810e+00
147,2.95000000e+00,4,-6.17876244e-01,2.06398723e+00
148,2.97000000e+00,4,-6.17876244e-01,2.06462057e+00
149,2.99000000e+00,4,-6.17876244e-01,2.06525811e+00
150,3.01000000e+00,4,-6.17876244e-01,2.06589987e+00
151,3.03000000e+00,4,-6.17876244e-01,2.06654583e+00
152,3.05000000e+00,4,-6.17876244e-01,2.06719602e+00
153,3.07000000e+00,4,-6.17876244e-01,2.06785041e+00
154,3.09000000e+00,4,-6.17876244e-01,2.06850903e+00
155,3.11000000e+00,4,-6.17876244e-01,2.06917187e+00
156,3.13000000e+00,4,-6.17876244e-01,2.06983893e+00
157,3.15000000e+00,4,-6.17876244e-01,2.07051022e+00
158,3.17000000e+00,4,-6.17876244e-01,2.07118574e+00
159,3.19000000e+00,4,-6.17876244e-01,2.07186548e+00
160,3.21000000e+00,4,-6.17876244e-01,2.07254947e+00
161,3.23000000e+00,4,-6.17876244e-01,2.07323768e+00
162,3.25000000e+00,4,-6.17876244e-01,2.07393014e+00
163,3.27000000e+00,4,-6.17876244e-01,2.07462684e+00
164,3.29000000e+00,4,-6.17876244e-01,2.07532778e+00
165,3.31000000e+00,4,-6.17876244e-01,2.07603297e+00
166,3.33000000e+00,4,-6.17876244e-01,2.07674240e+00
167,3.35000000e+00,4,-6.17876244e-01,2.07745609e+00
168,3.37000000e+00,4,-6.17876244e-01,2.07817403e+00
169,3.39000000e+00,4,-6.17876244e-01,2.07889623e+00
170,3.41000000e+00,4,-6.17876244e-01,2.07962268e+00
171,3.43000000e+00,4,-6.17876244e-01,2.08035340e+00
172,3.45000000e+00,4,-6.17876244e-01,2.08108838e+00
173,3.47000000e+00,4,-6.17876244e-01,2.08182763e+00
174,3.49000000e+00,4,-6.17876244e-01,2.08257115e+00
175,3.51000000e+00,4,-6.17876244e-01,2.08331894e+00
176,3.53000000e+00,4,-6.17876244e-01,2.08407101e+00
177,3.55000000e+00,4,-6.17876244e-01,2.08482735e+00
178,3.57000000e+00,4,-6.17876244e-01,2.08558798e+00
179,3.59000000e+00,4,-6.17876244e-01,2.08635288e+00
180,3.61000000e+00,4,-6.17876244e-01,2.08712208e+00
181,3.63000000e+00,4,-6.17876244e-01,2.08789556e+00
182,3.65000000e+00,4,-6.17876244e-01,2.08867333e+00
183,3.67000000e+00,4,-6.17876244e-01,2.08945540e+00
184,3.69000000e+00,4,-6.17876244e-01,2.09024176e+00
185,3.71000000e+00,4,-6.17876244e-01,2.09103243e+00
186,3.73000000e+00,4,-6.17876244e-01,2.09182739e+00
187,3.75000000e+00,4,-6.17876244e-01,2.09262667e+00
188,3.77000000e+00,4,-6.17876244e-01,2.09343025e+00
189,3.79000000e+00,4,-6.17876244e-01,2.09423814e+00
190,3.81000000e+00,4,-6.17876244e-01,2.09505035e+00
191,3.83000000e+00,4,-6.17876244e-01,2.09586687e+00
192,3.85000000e+00,4,-6.17876244e-01,2.09668772e+00
193,3.87000000e+00,4,-6.17876244e-01,2.09751289e+00
194,3.89000000e+00,4,-6.17876244e-01,2.09834238e+00
195,3.91000000e+00,4,-6.17876244e-01,2.09917620e+00
196,3.93000000e+00,4,-6.17876244e-01,2.10001436e+00
197,3.95000000e+00,4,-6.17876244e-01,2.10085685e+00
198,3.97000000e+00,4,-6.17876244e-01,2.10170368e+00
199,3.99000000e+00,4,-6.17876244e-01,2.10255485e+00
200,4.01000000e+00,4,-6.17876244e-01,2.10341037e+00
201,4.03000000e+00,4,-6.17876244e-01,2.10427023e+00
202,4.05000000e+00,4,-6.17876244e-01,2.10513444e+00
203,4.07000000e+00,4,-6.17876244e-01,2.10600301e+00
204,4.09000000e+00,4,-6.17876244e-01,2.10687593e+00
205,4.11000000e+00,4,-6.17876244e-01,2.10775322e+00
206,4.13000000e+00,4,-6.17876244e-01,2.10863487e+00
207,4.15000000e+00,4,-6.17876244e-01,2.10952088e+00
208,4.17000000e+00,4,-6.17876244e-01,2.11041126e+00
209,4.19000000e+00,4,-6.17876244e-01,2.11130602e+00
210,4.21000000e+00,4,-6.17876244e-01,2.11220515e+00
211,4.23000000e+00,4,-6.17876244e-01,2.11310867e+00
212,4.25000000e+00,4,-6.17876244e-01,2.11401656e+00
213,4.27000000e+00,4,-6.17876244e-01,2.11492884e+00
214,4.29000000e+00,4,-6.17876244e-01,2.11584551e+00
215,4.31000000e+00,4,-6.17876244e-01,2.11676657e+00
216,4.33000000e+00,4,-6.17876244e-01,2.11769203e+00
217,4.35000000e+00,4,-6.17876244e-01,2.11862189e+00
218,4.37000000e+00,4,-6.17876244e-01,2.11955615e+00
219,4.39000000e+00,4,-6.17876244e-01,2.12049481e+00
220,4.41000000e+00,4,-6.17876244e-01,2.12143789e+00
221,4.43000000e+00,4,-6.17876244e-01,2.12238538e+00
222,4.45000000e+00,4,-6.17876244e-01,2.12333728e+00
223,4.47000000e+00,4,-6.17876244e-01,2.12429360e+00
224,4.49000000e+00,4,-6.17876244e-01,2.12525435e+00
225,4.51000000e+00,4,-6.17876244e-01,2.12621952e+00
226,4.53000000e+00,4,-6.17876244e-01,2.12718913e+00
227,4.55000000e+00,4,-6.17876244e-01,2.12816317e+00
228,4.57000000e+00,4,-6.17876244e-01,2.12914164e+00
229,4.59000000e+00,4,-6.17876244e-01,2.13012455e+00
230,4.61000000e+00,4,-6.17876244e-01,2.13111191e+00
231,4.63000000e+00,4,-6.17876244e-01,2.13210372e+00
232,4.65000000e+00,4,-6.17876244e-01,2.13309998e+00
233,4.67000000e+00,4,-6.17876244e-01,2.13410069e+00
234,4.69000000e+00,4,-6.17876244e-01,2.13510586e+00
235,4.71000000e+00,4,-6.17876244e-01,2.13611550e+00
236,4.73000000e+00,4,-6.17876244e-01,2.13712960e+00
237,4.75000000e+00,4,-6.17876244e-01,2.13814817e+00
238,4.77000000e+00,4,-6.17876244e-01,2.13917121e+00
239,4.79000000e+00,4,-6.17876244e-01,2.14019873e+00
240,4.81000000e+00,4,-6.17876244e-01,2.14123073e+00
241,4.83000000e+00,4,-6.17876244e-01,2.14226722e+00
242,4.85000000e+00,4,-6.17876244e-01,2.14330819e+00
243,4.87000000e+00,4,-6.17876244e-01,2.14435366e+00
244,4.89000000e+00,4,-6.17876244e-01,2.14540362e+00
245,4.91000000e+00,4,-6.17876244e-01,2.14645808e+00
246,4.93000000e+00,4,-6.17876244e-01,2.14751704e+00
247,4.95000000e+00,4,-6.17876244e-01,2.14858051e+00
248,4.97000000e+00,4,-6.17876244e-01,2.14964849e+00
249,4.99000000e+00,4,-6.17876244e-01,2.15072099e+00
250,5.01000000e+00,4,-6.17876244e-01,2.15179801e+00
251,5.03000000e+00,4,-6.17876244e-01,2.15287955e+00
252,5.05000000e+00,4,-6.17876244e-01,2.15396561e+00
253,5.07000000e+00,4,-6.17876244e-01,2.15505621e+00
254,5.09000000e+00,4,-6.17876244e-01,2.15615134e+00
255,5.11000000e+00,4,-6.17876244e-01,2.15725101e+00
256,5.13000000e+00,4,-6.17876244e-01,2.15835522e+00
257,5.15000000e+00,4,-6.17876244e-01,2.15946398e+00
258,5.17000000e+00,4,-6.17876244e-01,2.16057729e+00
259,5.19000000e+00,4,-6.17876244e-01,2.16169515e+00
260,5.21000000e+00,4,-6.17876244e-01,2.16281757e+00
261,5.23000000e+00,4,-6.17876244e-01,2.16394456e+00
262,5.25000000e+00,4,-6.17876244e-01,2.16507611e+00
263,5.27000000e+00,4,-6.17876244e-01,2.16621223e+00
264,5.29000000e+00,4,-6.17876244e-01,2.16735293e+00
265,5.31000000e+00,4,-6.17876244e-01,2.16849820e+00
266,5.33000000e+00,4,-6.17876244e-01,2.16964806e+00
267,5.35000000e+00,4,-6.17876244e-01,2.17080251e+00
268,5.37000000e+00,4,-6.17876244e-01,2.17196155e+00
269,5.39000000e+00,4,-6.17876244e-01,2.17312519e+00
270,5.41000000e+00,4,-6.17876244e-01,2.17429342e+00
271,5.43000000e+00,4,-6.17876244e-01,2.17546626e+00
272,5.45000000e+00,4,-6.17876244e-01,2.17664371e+00
273,5.47000000e+00,4,-6.17876244e-01,2.17782577e+00
274,5.49000000e+00,4,-6.17876244e-01,2.17901245e+00
275,5.51000000e+00,4,-6.17876244e-01,2.18020375e+00
276,5.53000000e+00,4,-6.17876244e-01,2.18139967e+00
277,5.55000000e+00,4,-6.17876244e-01,2.18260023e+00
278,5.57000000e+00,4,-6.17876244e-01,2.18380542e+00
279,5.59000000e+00,4,-6.17876244e-01,2.18501525e+00
280,5.61000000e+00,4,-6.17876244e-01,2.18622972e+00
281,5.63000000e+00,4,-6.17876244e-01,2.18744884e+00
282,5.65000000e+00,4,-6.17876244e-01,2.18867261e+00
283,5.67000000e+00,4,-6.17876244e-01,2.18990104e+00
284,5.69000000e+00,4,-6.17876244e-01,2.19113413e+00
285,5.71000000e+00,4,-6.17876244e-01,2.19237188e+00
286,5.73000000e+00,4,-6.17876244e-01,2.19361431e+00
287,5.75000000e+00,4,-6.17876244e-01,2.19486141e+00
288,5.77000000e+00,4,-6.17876244e-01,2.19611319e+00
289,5.79000000e+00,4,-6.17876244e-01,2.19736965e+00
290,5.81000000e+00,4,-6.17876244e-01,2.19863080e+00
291,5.83000000e+00,4,-6.17876244e-01,2.19989664e+00
292,5.85000000e+00,4,-6.17876244e-01,2.20116718e+00
293,5.87000000e+00,4,-6.17876244e-01,2.20244243e+00
294,5.89000000e+00,4,-6.17876244e-01,2.20372238e+00
295,5.91000000e+00,4,-6.17876244e-01,2.20500704e+00
296,5.93000000e+00,4,-6.17876244e-01,2.20629641e+00
297,5.95000000e+00,4,-6.17876244e-01,2.20759051e+00
298,5.97000000e+00,4,-6.17876244e-01,2.20888933e+00
299,5.99000000e+00,4,-6.17876244e-01,2.21019288e+00
300,6.01000000e+00,4,-6.17876244e-01,2.21150117e+00
301,6.03000000e+00,4,-6.17876244e-01,2.21281420e+00
302,6.05000000e+00,4,-6.17876244e-01,2.21413197e+00
303,6.07000000e+00,4,-6.17876244e-01,2.21545448e+00
304,6.09000000e+00,4,-6.17876244e-01,2.21678176e+00
305,6.11000000e+00,4,-6.17876244e-01,2.21811379e+00
306,6.13000000e+00,4,-6.17876244e-01,2.21945059e+00
307,6.15000000e+00,4,-6.17876244e-01,2.22079215e+00
308,6.17000000e+00,4,-6.17876244e-01,2.22213849e+00
309,6.19000000e+00,4,-6.17876244e-01,2.22348960e+00
310,6.21000000e+00,4,-6.17876244e-01,2.22484550e+00
311,6.23000000e+00,4,-6.17876244e-01,2.22620619e+00
312,6.25000000e+00,4,-6.17876244e-01,2.22757166e+00
313,6.27000000e+00,4,-6.17876244e-01,2.22894194e+00
314,6.29000000e+00,4,-6.17876244e-01,2.23031702e+00
315,6.31000000e+00,4,-6.17876244e-01,2.23169691e+00
316,6.33000000e+00,4,-6.17876244e-01,2.23308161e+00
317,6.35000000e+00,4,-6.17876244e-01,2.23447113e+00
318,6.37000000e+00,4,-6.17876244e-01,2.23586547e+00
319,6.39000000e+00,4,-6.17876244e-01,2.23726464e+00
320,6.41000000e+00,4,-6.17876244e-01,2.23866864e+00
321,6.43000000e+00,4,-6.17876244e-01,2.24007748e+00
322,6.45000000e+00,4,-6.17876244e-01,2.24149116e+00
323,6.47000000e+00,4,-6.17876244e-01,2.24290969e+00
324,6.49000000e+00,4,-6.17876244e-01,2.24433307e+00
325,6.51000000e+00,4,-6.17876244e-01,2.24576132e+00
326,6.53000000e+00,4,-6.17876244e-01,2.24719442e+00
327,6.55000000e+00,4,-6.17876244e-01,2.24863240e+00
328,6.57000000e+00,4,-6.17876244e-01,2.25007525e+00
329,6.59000000e+00,4,-6.17876244e-01,2.25152297e+00
330,6.61000000e+00,4,-6.17876244e-01,2.25297559e+00
331,6.63000000e+00,4,-6.17876244e-01,2.25443309e+00
332,6.65000000e+00,4,-6.17876244e-01,2.25589549e+00
333,6.67000000e+00,4,-6.17876244e-01,2.25736278e+00
334,6.69000000e+00,4,-6.17876244e-01,2.25883499e+00
335,6.71000000e+00,4,-6.17876244e-01,2.26031210e+00
336,6.73000000e+00,4,-6.17876244e-01,2.26179413e+00
337,6.75000000e+00,4,-6.17876244e-01,2.26328108e+00
338,6.77000000e+00,4,-6.17876244e-01,2.26477295e+00
339,6.79000000e+00,4,-6.17876244e-01,2.26626976e+00
340,6.81000000e+00,4,-6.17876244e-01,2.26777150e+00
341,6.83000000e+00,4,-6.17876244e-01,2.26927819e+00
342,6.85000000e+00,4,-6.17876244e-01,2.27078982e+00
343,6.87000000e+00,4,-6.17876244e-01,2.27230641e+00
344,6.89000000e+00,4,-6.17876244e-01,2.27382795e+00
345,6.91000000e+00,4,-6.17876244e-01,2.27535446e+00
346,6.93000000e+00,4,-6.17876244e-01,2.27688594e+00
347,6.95000000e+00,4,-6.17876244e-01,2.27842239e+00
348,6.97000000e+00,4,-6.17876244e-01,2.27996382e+00
349,6.99000000e+00,4,-6.17876244e-01,2.28151023e+00
350,7.01000000e+00,4,-6.17876244e-01,2.28306163e+00
351,7.03000000e+00,4,-6.17876244e-01,2.28461803e+00
352,7.05000000e+00,4,-6.17876244e-01,2.28617943e+00
353,7.07000000e+00,4,-6.17876244e-01,2.28774583e+00
354,7.09000000e+00,4,-6.17876244e-01,2.28931725e+00
355,7.11000000e+00,4,-6.17876244e-01,2.29089368e+00
356,7.13000000e+00,4,-6.17876244e-01,2.29247513e+00
357,7.15000000e+00,4,-6.17876244e-01,2.29406160e+00
358,7.17000000e+00,4,-6.17876244e-01,2.29565311e+00
359,7.19000000e+00,4,-6.17876244e-01,2.29724966e+00
360,7.21000000e+00,4,-6.17876244e-01,2.29885124e+00
361,7.23000000e+00,4,-6.17876244e-01,2.30045787e+00
362,7.25000000e+00,4,-6.17876244e-01,2.30206956e+00
363,7.27000000e+00,4,-6.17876244e-01,2.30368630e+00
364,7.29000000e+00,4,-6.17876244e-01,2.30530810e+00
365,7.31000000e+00,4,-6.17876244e-01,2.30693497e+00
366,7.33000000e+00,4,-6.17876244e-01,2.30856691e+00
367,7.35000000e+00,4,-6.17876244e-01,2.31020393e+00
368,7.37000000e+00,4,-6.17876244e-01,2.31184603e+00
369,7.39000000e+00,4,-6.17876244e-01,2.31349322e+00
370,7.41000000e+00,4,-6.17876244e-01,2.31514550e+00
371,7.43000000e+00,4,-6.17876244e-01,2.31680288e+00
372,7.45000000e+00,4,-6.17876244e-01,2.31846536e+00
373,7.47000000e+00,4,-6.17876244e-01,2.32013295e+00
374,7.49000000e+00,4,-6.17876244e-01,2.32180565e+00
375,7.51000000e+00,4,-6.17876244e-01,2.32348347e+00
376,7.53000000e+00,4,-6.17876244e-01,2.32516641e+00
377,7.55000000e+00,4,-6.17876244e-01,2.32685449e+00
378,7.57000000e+00,4,-6.17876244e-01,2.32854770e+00
379,7.59000000e+00,4,-6.17876244e-01,2.33024605e+00
380,7.61000000e+00,4,-6.17876244e-01,2.33194956e+00
381,7.63000000e+00,4,-6.17876244e-01,2.33365822e+00
382,7.65000000e+00,4,-6.17876244e-01,2.33537205e+00
383,7.67000000e+00,4,-6.17876244e-01,2.33709105e+00
384,7.69000000e+00,4,-6.17876244e-01,2.33881523e+00
385,7.71000000e+00,4,-6.17876244e-01,2.34054461e+00
386,7.73000000e+00,4,-6.17876244e-01,2.34227919e+00
387,7.75000000e+00,4,-6.17876244e-01,2.34401900e+00
388,7.77000000e+00,4,-6.17876244e-01,2.34576403e+00
389,7.79000000e+00,4,-6.17876244e-01,2.34751431e+00
390,7.81000000e+00,4,-6.17876244e-01,2.34926986e+00
391,7.83000000e+00,4,-6.17876244e-01,2.35103070e+00
392,7.85000000e+00,4,-6.17876244e-01,2.35279684e+00
393,7.87000000e+00,4,-6.17876244e-01,2.35456832e+00
394,7.89000000e+00,4,-6.17876244e-01,2.35634517e+00
395,7.91000000e+00,4,-6.17876244e-01,2.35812741e+00
396,7.93000000e+00,4,-6.17876244e-01,2.35991510e+00
397,7.95000000e+00,4,-6.17876244e-01,2.36170827e+00
398,7.97000000e+00,4,-6.17876244e-01,2.36350697e+00
399,7.99000000e+00,4,-6.17876244e-01,2.36531126e+00
400,8.01000000e+00,4,-6.17876244e-01,2.36712121e+00
401,8.03000000e+00,4,-6.17876244e-01,2.36893689e+00
402,8.05000000e+00,4,-6.17876244e-01,2.37075839e+00
403,8.07000000e+00,4,-6.17876244e-01,2.37258581e+00
404,8.09000000e+00,4,-6.17876244e-01,2.37441925e+00
405,8.11000000e+00,4,-6.17876244e-01,2.37625885e+00
406,8.13000000e+00,4,-6.17876244e-01,2.37810474e+00
407,8.15000000e+00,4,-6.17876244e-01,2.37995710e+00
408,8.17000000e+00,4,-6.17876244e-01,2.38181610e+00
409,8.19000000e+00,4,-6.17876244e-01,2.38368196e+00
410,8.21000000e+00,4,-6.17876244e-01,2.38555491e+00
411,8.23000000e+00,4,-6.17876244e-01,2.38743523e+00
412,8.25000000e+00,4,-6.17876244e-01,2.38932322e+00
413,8.27000000e+00,4,-6.17876244e-01,2.39121923e+00
414,8.29000000e+00,4,-6.17876244e-01,2.39312364e+00
415,8.31000000e+00,4,-6.17876244e-01,2.39503690e+00
416,8.33000000e+00,4,-6.17876244e-01,2.39695948e+00
417,8.35000000e+00,4,-6.17876244e-01,2.39889196e+00
418,8.37000000e+00,4,-6.17876244e-01,2.40083493e+00
419,8.39000000e+00,4,-6.17876244e-01,2.40278911e+00
420,8.41000000e+00,4,-6.17876244e-01,2.40475525e+00
421,8.43000000e+00,4,-6.17876244e-01,2.40673423e+00
422,8.45000000e+00,4,-6.17876244e-01,2.40872701e+00
423,8.47000000e+00,4,-6.17876244e-01,2.41073465e+00
424,8.49000000e+00,4,-6.17876244e-01,2.41275834e+00
425,8.51000000e+00,4,-6.17876244e-01,2.41479940e+00
426,8.53000000e+00,4,-6.17876244e-01,2.41685928e+00
427,8.55000000e+00,4,-6.17876244e-01,2.41893956e+00
428,8.57000000e+00,4,-6.17876244e-01,2.42104201e+00
429,8.59000000e+00,4,-6.17876244e-01,2.42316853e+00
430,8.61000000e+00,4,-6.17876244e-01,2.42532123e+00
431,8.63000000e+00,4,-6.17876244e-01,2.42750237e+00
432,8.65000000e+00,4,-6.17876244e-01,2.42971442e+00
433,8.67000000e+00,4,-6.17876244e-01,2.43196002e+00
434,8.69000000e+00,4,-6.17876244e-01,2.43424201e+00
435,8.71000000e+00,4,-6.17876244e-01,2.43656342e+00
436,8.73000000e+00,4,-6.17876244e-01,2.43892743e+00
437,8.75000000e+00,4,-6.17876244e-01,2.44133737e+00
438,8.77000000e+00,4,-6.17876244e-01,2.44379669e+00
439,8.79000000e+00,4,-6.17876244e-01,2.44630891e+00
440,8.81000000e+00,4,-6.17876244e-01,2.44887758e+00
441,8.83000000e+00,4,-6.17876244e-01,2.45150614e+00
442,8.85000000e+00,4,-6.17876244e-01,2.45419788e+00
443,8.87000000e+00,4,-6.17876244e-01,2.45695576e+00
444,8.89000000e+00,4,-6.17876244e-01,2.45978226e+00
445,8.91000000e+00,4,-6.17876244e-01,2.46267911e+00
446,8.93000000e+00,4,-6.17876244e-01,2.46564708e+00
447,8.95000000e+00,4,-6.17876244e-01,2.46868556e+00
448,8.97000000e+00,4,-6.17876244e-01,2.47179218e+00
449,8.99000000e+00,4,-6.17876244e-01,2.47496222e+00
450,9.01000000e+00,4,-6.17876244e-01,2.47818799e+00
451,9.03000000e+00,4,-6.17876244e-01,2.48145804e+00
452,9.05000000e+00,4,-6.17876244e-01,2.48475612e+00
453,9.07000000e+00,4,-6.17876244e-01,2.48806001e+00
454,9.09000000e+00,4,-6.17876244e-01,2.49134009e+00
455,9.11000000e+00,4,-6.17876244e-01,2.49455755e+00
456,9.13000000e+00,4,-6.17876244e-01,2.49766228e+00
457,9.15000000e+00,4,-6.17876244e-01,2.50059031e+00
458,9.17000000e+00,4,-6.17876244e-01,2.50326074e+00
459,9.19000000e+00,4,-6.17876244e-01,2.50557206e+00
460,9.21000000e+00,4,-6.17876244e-01,2.50739769e+00
461,9.23000000e+00,4,-6.17876244e-01,2.50858071e+00
462,9.25000000e+00,4,-6.17876244e-01,2.50892751e+00
463,9.27000000e+00,4,-6.17876244e-01,2.50820029e+00
464,9.29000000e+00,4,-6.17876244e-01,2.50610798e+00
465,9.31000000e+00,4,-6.17876244e-01,2.50229557e+00
466,9.33000000e+00,4,-6.17876244e-01,2.49633138e+00
467,9.35000000e+00,4,-6.17876244e-01,2.48769191e+00
468,9.37000000e+00,4,-6.17876244e-01,2.47574389e+00
469,9.39000000e+00,4,-6.17876244e-01,2.45972304e+00
470,9.41000000e+00,4,-6.17876244e-01,2.43870890e+00
471,9.43000000e+00,4,-6.17876244e-01,2.41159507e+00
472,9.45000000e+00,4,-6.17876244e-01,2.37705410e+00
473,9.47000000e+00,4,-6.17876244e-01,2.33349599e+00
474,9.49000000e+00,4,-6.17876244e-01,2.27901938e+00
475,9.51000000e+00,4,-6.17876244e-01,2.21135402e+00
476,9.53000000e+00,4,-6.17876244e-01,2.12779309e+00
477,9.55000000e+00,4,-6.17876244e-01,2.02511368e+00
478,9.57000000e+00,4,-6.17876244e-01,1.89948349e+00
479,9.59000000e+00,4,-6.17876244e-01,1.74635125e+00
480,9.61000000e+00,4,-6.17876244e-01,1.56031841e+00
481,9.63000000e+00,4,-6.17876244e-01,1.33498869e+00
482,9.65000000e+00,4,-6.17876244e-01,1.06279199e+00
483,9.67000000e+00,4,-6.17876244e-01,7.34778076e-01
484,9.69000000e+00,4,-6.17876244e-01,3.40375041e-01
485,9.71000000e+00,4,-6.17876244e-01,-1.32893970e-01
486,9.73000000e+00,4,-6.17876244e-01,-6.99743244e-01
487,9.75000000e+00,4,-6.17876244e-01,-1.37751579e+00
488,9.77000000e+00,4,-6.17876244e-01,-2.18664536e+00
489,9.79000000e+00,4,-6.17876244e-01,-3.15120475e+00
490,9.81000000e+00,4,-6.17876244e-01,-4.29956051e+00
491,9.83000000e+00,4,-6.17876244e-01,-5.66516145e+00
492,9.85000000e+00,4,-6.17876244e-01,-7.28749753e+00
493,9.87000000e+00,4,-6.17876244e-01,-9.21327773e+00
494,9.89000000e+00,4,-6.17876244e-01,-1.14978858e+01
495,9.91000000e+00,4,-6.17876244e-01,-1.42071592e+01
496,9.93000000e+00,4,-6.17876244e-01,-1.74194041e+01
497,9.95000000e+00,4,-6.17876244e-01,-2.12269419e+01
498,9.97000000e+00,4,-6.17876244e-01,-2.57339311e+01
499,9.99000000e+00,4,-6.17876244e-01,-3.10371939e+01
0,1.00000000e-02,5,-4.58016778e-01,2.01572796e+00
1,3.00000000e-02,5,-4.58016778e-01,2.01574968e+00
2,5.00000000e-02,5,-4.58016778e-01,2.01577860e+00
3,7.00000000e-02,5,-4.58016778e-01,2.01581188e+00
4,9.00000000e-02,5,-4.58016778e-01,2.01584922e+00
5,1.10000000e-01,5,-4.58016778e-01,2.01589059e+00
6,1.30000000e-01,5,-4.58016778e-01,2.01593599e+00
7,1.50000000e-01,5,-4.58016778e-01,2.01598543e+00
8,1.70000000e-01,5,-4.58016778e-01,2.01603892e+00
9,1.90000000e-01,5,-4.58016778e-01,2.01609646e+00
10,2.10000000e-01,5,-4.58016778e-01,2.01615806e+00
11,2.30000000e-01,5,-4.58016778e-01,2.01622373e+00
12,2.50000000e-01,5,-4.58016778e-01,2.01629345e+00
13,2.70000000e-01,5,-4.58016778e-01,2.01636723e+00
14,2.90000000e-01,5,-4.58016778e-01,2.01644506e+00
15,3.10000000e-01,5,-4.58016778e-01,2.01652696e+00
16,3.30000000e-01,5,-4.58016778e-01,2.01661291e+00
17,3.50000000e-01,5,-4.58016778e-01,2.01670291e+00
18,3.70000000e-01,5,-4.58016778e-01,2.01679697e+00
19,3.90000000e-01,5,-4.58016778e-01,2.01689507e+00
20,4.10000000e-01,5,-4.58016778e-01,2.01699723e+00
21,4.30000000e-01,5,-4.58016778e-01,2.01710344e+00
22,4.50000000e-01,5,-4.58016778e-01,2.01721369e+00
23,4.70000000e-01,5,-4.58016778e-01,2.01732800e+00
24,4.90000000e-01,5,-4.58016778e-01,2.01744635e+00
25,5.10000000e-01,5,-4.58016778e-01,2.01756875e+00
26,5.30000000e-01,5,-4.58016778e-01,2.01769520e+00
27,5.50000000e-01,5,-4.58016778e-01,2.01782569e+00
28,5.70000000e-01,5,-4.58016778e-01,2.01796023e+00
29,5.90000000e-01,5,-4.58016778e-01,2.01809881e+00
30,6.10000000e-01,5,-4.58016778e-01,2.01824144e+00
31,6.30000000e-01,5,-4.58016778e-01,2.01838812e+00
32,6.50000000e-01,5,-4.58016778e-01,2.01853884e+00
33,6.70000000e-01,5,-4.58016778e-01,2.01869361e+00
34,6.90000000e-01,5,-4.58016778e-01,2.01885243e+00
35,7.10000000e-01,5,-4.58016778e-01,2.01901529e+00
36,7.30000000e-01,5,-4.58016778e-01,2.01918220e+00
37,7.50000000e-01,5,-4.58016778e-01,2.01935316e+00
38,7.70000000e-01,5,-4.58016778e-01,2.01952817e+00
39,7.90000000e-01,5,-4.58016778e-01,2.01970722e+00
40,8.10000000e-01,5,-4.58016778e-01,2.01989033e+00
41,8.30000000e-01,5,-4.58016778e-01,2.02007748e+00
42,8.50000000e-01,5,-4.58016778e-01,2.02026868e+00
43,8.70000000e-01,5,-4.58016778e-01,2.02046393e+00
44,8.90000000e-01,5,-4.58016778e-01,2.02066323e+00
45,9.10000000e-01,5,-4.58016778e-01,2.02086659e+00
46,9.30000000e-01,5,-4.58016778e-01,2.02107400e+00
47,9.50000000e-01,5,-4.58016778e-01,2.02128545e+00
48,9.70000000e-01,5,-4.58016778e-01,2.02150097e+00
49,9.90000000e-01,5,-4.58016778e-01,2.02172053e+00
50,1.01000000e+00,5,-4.58016778e-01,2.02194415e+00
51,1.03000000e+00,5,-4.58016778e-01,2.02217183e+00
52,1.05000000e+00,5,-4.58016778e-01,2.02240356e+00
53,1.07000000e+00,5,-4.58016778e-01,2.02263935e+00
54,1.09000000e+00,5,-4.58016778e-01,2.02287920e+00
55,1.11000000e+00,5,-4.58016778e-01,2.02312310e+00
56,1.13000000e+00,5,-4.58016778e-01,2.02337107e+00
57,1.15000000e+00,5,-4.58016778e-01,2.02362309e+00
58,1.17000000e+00,5,-4.58016778e-01,2.02387918e+00
59,1.19000000e+00,5,-4.58016778e-01,2.02413933e+00
60,1.21000000e+00,5,-4.58016778e-01,2.02440354e+00
61,1.23000000e+00,5,-4.58016778e-01,2.02467181e+00
62,1.25000000e+00,5,-4.58016778e-01,2.02494415e+00
63,1.27000000e+00,5,-4.58016778e-01,2.02522056e+00
64,1.29000000e+00,5,-4.58016778e-01,2.02550103e+00
65,1.31000000e+00,5,-4.58016778e-01,2.02578557e+00
66,1.33000000e+00,5,-4.58016778e-01,2.02607417e+00
67,1.35000000e+00,5,-4.58016778e-01,2.02636685e+00
68,1.37000000e+00,5,-4.58016778e-01,2.02666360e+00
69,1.39000000e+00,5,-4.58016778e-01,2.02696442e+00
70,1.41000000e+00,5,-4.58016778e-01,2.02726931e+00
71,1.43000000e+00,5,-4.58016778e-01,2.02757827e+00
72,1.45000000e+00,5,-4.58016778e-01,2.02789131e+00
73,1.47000000e+00,5,-4.58016778e-01,2.02820843e+00
74,1.49000000e+00,5,-4.58016778e-01,2.02852962e+00
75,1.51000000e+00,5,-4.58016778e-01,2.02885489e+00
76,1.53000000e+00,5,-4.58016778e-01,2.02918424e+00
77,1.55000000e+00,5,-4.58016778e-01,2.02951767e+00
78,1.57000000e+00,5,-4.58016778e-01,2.02985519e+00
79,1.59000000e+00,5,-4.58016778e-01,2.03019678e+00
80,1.61000000e+00,5,-4.58016778e-01,2.03054246e+00
81,1.63000000e+00,5,-4.58016778e-01,2.03089223e+00
82,1.65000000e+00,5,-4.58016778e-01,2.03124608e+00
83,1.67000000e+00,5,-4.58016778e-01,2.03160402e+00
84,1.69000000e+00,5,-4.58016778e-01,2.03196604e+00
85,1.71000000e+00,5,-4.58016778e-01,2.03233216e+00
86,1.73000000e+00,5,-4.58016778e-01,2.03270237e+00
87,1.75000000e+00,5,-4.58016778e-01,2.03307667e+00
88,1.77000000e+00,5,-4.58016778e-01,2.03345507e+00
89,1.79000000e+00,5,-4.58016778e-01,2.03383756e+00
90,1.81000000e+00,5,-4.58016778e-01,2.03422415e+00
91,1.83000000e+00,5,-4.58016778e-01,2.03461484e+00
92,1.85000000e+00,5,-4.58016778e-01,2.03500963e+00
93,1.87000000e+00,5,-4.58016778e-01,2.03540852e+00
94,1.89000000e+00,5,-4.58016778e-01,2.03581151e+00
95,1.91000000e+00,5,-4.58016778e-01,2.03621861e+00
96,1.93000000e+00,5,-4.58016778e-01,2.03662981e+00
97,1.95000000e+00,5,-4.58016778e-01,2.03704511e+00
98,1.97000000e+00,5,-4.58016778e-01,2.03746453e+00
99,1.99000000e+00,5,-4.58016778e-01,2.03788806e+00
100,2.01000000e+00,5,-4.58016778e-01,2.03831570e+00
101,2.03000000e+00,5,-4.58016778e-01,2.03874745e+00
102,2.05000000e+00,5,-4.58016778e-01,2.03918331e+00
103,2.07000000e+00,5,-4.58016778e-01,2.03962329e+00
104,2.09000000e+00,5,-4.58016778e-01,2.04006739e+00
105,2.11000000e+00,5,-4.58016778e-01,2.04051561e+00
106,2.13000000e+00,5,-4.58016778e-01,2.04096795e+00
107,2.15000000e+00,5,-4.58016778e-01,2.04142441e+00
108,2.17000000e+00,5,-4.58016778e-01,2.04188500e+00
109,2.19000000e+00,5,-4.58016778e-01,2.04234971e+00
110,2.21000000e+00,5,-4.58016778e-01,2.04281855e+00
111,2.23000000e+00,5,-4.58016778e-01,2.04329152e+00
112,2.25000000e+00,5,-4.58016778e-01,2.04376861e+00
113,2.27000000e+00,5,-4.58016778e-01,2.04424985e+00
114,2.29000000e+00,5,-4.58016778e-01,2.04473521e+00
115,2.31000000e+00,5,-4.58016778e-01,2.04522471e+00
116,2.33000000e+00,5,-4.58016778e-01,2.04571835e+00
117,2.35000000e+00,5,-4.58016778e-01,2.04621613e+00
118,2.37000000e+00,5,-4.58016778e-01,2.04671805e+00
119,2.39000000e+00,5,-4.58016778e-01,2.04722411e+00
120,2.41000000e+00,5,-4.58016778e-01,2.04773432e+00
121,2.43000000e+00,5,-4.58016778e-01,2.04824868e+00
122,2.45000000e+00,5,-4.58016778e-01,2.04876718e+00
123,2.47000000e+00,5,-4.58016778e-01,2.04928983e+00
124,2.49000000e+00,5,-4.58016778e-01,2.04981664e+00
125,2.51000000e+00,5,-4.58016778e-01,2.05034760e+00
126,2.53000000e+00,5,-4.58016778e-01,2.05088272e+00
127,2.55000000e+00,5,-4.58016778e-01,2.05142199e+00
128,2.57000000e+00,5,-4.58016778e-01,2.05196542e+00
129,2.59000000e+00,5,-4.58016778e-01,2.05251302e+00
130,2.61000000e+00,5,-4.58016778e-01,2.05306478e+00
131,2.63000000e+00,5,-4.58016778e-01,2.05362071e+00
132,2.65000000e+00,5,-4.58016778e-01,2.05418080e+00
133,2.67000000e+00,5,-4.58016778e-01,2.05474506e+00
134,2.69000000e+00,5,-4.58016778e-01,2.05531350e+00
135,2.71000000e+00,5,-4.58016778e-01,2.05588611e+00
136,2.73000000e+00,5,-4.58016778e-01,2.05646289e+00
137,2.75000000e+00,5,-4.58016778e-01,2.05704386e+00
138,2.77000000e+00,5,-4.58016778e-01,2.05762900e+00
139,2.79000000e+00,5,-4.58016778e-01,2.05821833e+00
140,2.81000000e+00,5,-4.58016778e-01,2.05881184e+00
141,2.83000000e+00,5,-4.58016778e-01,2.05940954e+00
142,2.85000000e+00,5,-4.58016778e-01,2.06001142e+00
143,2.87000000e+00,5,-4.58016778e-01,2.06061750e+00
144,2.89000000e+00,5,-4.58016778e-01,2.06122777e+00
145,2.91000000e+00,5,-4.58016778e-01,2.06184223e+00
146,2.93000000e+00,5,-4.58016778e-01,2.06246089e+00
147,2.95000000e+00,5,-4.58016778e-01,2.06308376e+00
148,2.97000000e+00,5,-4.58016778e-01,2.06371082e+00
149,2.99000000e+00,5,-4.58016778e-01,2.06434209e+00
150,3.01000000e+00,5,-4.58016778e-01,2.06497756e+00
151,3.03000000e+00,5,-4.58016778e-01,2.06561725e+00
152,3.05000000e+00,5,-4.58016778e-01,2.06626114e+00
153,3.07000000e+00,5,-4.58016778e-01,2.06690925e+00
154,3.09000000e+00,5,-4.58016778e-01,2.06756157e+00
155,3.11000000e+00,5,-4.58016778e-01,2.06821811e+00
156,3.13000000e+00,5,-4.58016778e-01,2.06887887e+00
157,3.15000000e+00,5,-4.58016778e-01,2.06954386e+00
158,3.17000000e+00,5,-4.58016778e-01,2.07021307e+00
159,3.19000000e+00,5,-4.58016778e-01,2.07088650e+00
160,3.21000000e+00,5,-4.58016778e-01,2.07156417e+00
161,3.23000000e+00,5,-4.58016778e-01,2.07224607e+00
162,3.25000000e+00,5,-4.58016778e-01,2.07293221e+00
163,3.27000000e+00,5,-4.58016778e-01,2.07362258e+00
164,3.29000000e+00,5,-4.58016778e-01,2.07431719e+00
165,3.31000000e+00,5,-4.58016778e-01,2.07501604e+00
166,3.33000000e+00,5,-4.58016778e-01,2.07571914e+00
167,3.35000000e+00,5,-4.58016778e-01,2.07642649e+00
168,3.37000000e+00,5,-4.58016778e-01,2.07713809e+00
169,3.39000000e+00,5,-4.58016778e-01,2.07785393e+00
170,3.41000000e+00,5,-4.58016778e-01,2.07857404e+00
171,3.43000000e+00,5,-4.58016778e-01,2.07929840e+00
172,3.45000000e+00,5,-4.58016778e-01,2.08002702e+00
173,3.47000000e+00,5,-4.58016778e-01,2.08075991e+00
174,3.49000000e+00,5,-4.58016778e-01,2.08149706e+00
175,3.51000000e+00,5,-4.58016778e-01,2.08223848e+00
176,3.53000000e+00,5,-4.58016778e-01,2.08298417e+00
177,3.55000000e+00,5,-4.58016778e-01,2.08373413e+00
178,3.57000000e+00,5,-4.58016778e-01,2.08448837e+00
179,3.59000000e+00,5,-4.58016778e-01,2.08524689e+00
180,3.61000000e+00,5,-4.58016778e-01,2.08600969e+00
181,3.63000000e+00,5,-4.58016778e-01,2.08677678e+00
182,3.65000000e+00,5,-4.58016778e-01,2.08754815e+00
183,3.67000000e+00,5,-4.58016778e-01,2.08832381e+00
184,3.69000000e+00,5,-4.58016778e-01,2.08910377e+00
185,3.71000000e+00,5,-4.58016778e-01,2.08988802e+00
186,3.73000000e+00,5,-4.58016778e-01,2.09067657e+00
187,3.75000000e+00,5,-4.58016778e-01,2.09146942e+00
188,3.77000000e+00,5,-4.58016778e-01,2.09226657e+00
189,3.79000000e+00,5,-4.58016778e-01,2.09306804e+00
190,3.81000000e+00,5,-4.58016778e-01,2.09387381e+00
191,3.83000000e+00,5,-4.58016778e-01,2.09468389e+00
192,3.85000000e+00,5,-4.58016778e-01,2.09549830e+00
193,3.87000000e+00,5,-4.58016778e-01,2.09631702e+00
194,3.89000000e+00,5,-4.58016778e-01,2.09714006e+00
195,3.91000000e+00,5,-4.58016778e-01,2.09796743e+00
196,3.93000000e+00,5,-4.58016778e-01,2.09879912e+00
197,3.95000000e+00,5,-4.58016778e-01,2.09963515e+00
198,3.97000000e+00,5,-4.58016778e-01,2.10047550e+00
199,3.99000000e+00,5,-4.58016778e-01,2.10132020e+00
200,4.01000000e+00,5,-4.58016778e-01,2.10216924e+00
201,4.03000000e+00,5,-4.58016778e-01,2.10302261e+00
202,4.05000000e+00,5,-4.58016778e-01,2.10388034e+00
203,4.07000000e+00,5,-4.58016778e-01,2.10474241e+00
204,4.09000000e+00,5,-4.58016778e-01,2.10560884e+00
205,4.11000000e+00,5,-4.58016778e-01,2.10647962e+00
206,4.13000000e+00,5,-4.58016778e-01,2.10735476e+00
207,4.15000000e+00,5,-4.58016778e-01,2.10823426e+00
208,4.17000000e+00,5,-4.58016778e-01,2.10911813e+00
209,4.19000000e+00,5,-4.58016778e-01,2.11000636e+00
210,4.21000000e+00,5,-4.58016778e-01,2.11089897e+00
211,4.23000000e+00,5,-4.58016778e-01,2.11179595e+00
212,4.25000000e+00,5,-4.58016778e-01,2.11269730e+00
213,4.27000000e+00,5,-4.58016778e-01,2.11360304e+00
214,4.29000000e+00,5,-4.58016778e-01,2.11451316e+00
215,4.31000000e+00,5,-4.58016778e-01,2.11542767e+00
216,4.33000000e+00,5,-4.58016778e-01,2.11634658e+00
217,4.35000000e+00,5,-4.58016778e-01,2.11726987e+00
218,4.37000000e+00,5,-4.58016778e-01,2.11819756e+00
219,4.39000000e+00,5,-4.58016778e-01,2.11912966e+00
220,4.41000000e+00,5,-4.58016778e-01,2.12006615e+00
221,4.43000000e+00,5,-4.58016778e-01,2.12100706e+00
222,4.45000000e+00,5,-4.58016778e-01,2.12195238e+00
223,4.47000000e+00,5,-4.58016778e-01,2.12290211e+00
224,4.49000000e+00,5,-4.58016778e-01,2.12385626e+00
225,4.51000000e+00,5,-4.58016778e-01,2.12481483e+00
226,4.53000000e+00,5,-4.58016778e-01,2.12577782e+00
227,4.55000000e+00,5,-4.58016778e-01,2.12674524e+00
228,4.57000000e+00,5,-4.58016778e-01,2.12771710e+00
229,4.59000000e+00,5,-4.58016778e-01,2.12869339e+00
230,4.61000000e+00,5,-4.58016778e-01,2.12967412e+00
231,4.63000000e+00,5,-4.58016778e-01,2.13065929e+00
232,4.65000000e+00,5,-4.58016778e-01,2.13164891e+00
233,4.67000000e+00,5,-4.58016778e-01,2.13264298e+00
234,4.69000000e+00,5,-4.58016778e-01,2.13364150e+00
235,4.71000000e+00,5,-4.58016778e-01,2.13464447e+00
236,4.73000000e+00,5,-4.58016778e-01,2.13565191e+00
237,4.75000000e+00,5,-4.58016778e-01,2.13666381e+00
238,4.77000000e+00,5,-4.58016778e-01,2.13768018e+00
239,4.79000000e+00,5,-4.58016778e-01,2.13870102e+00
240,4.81000000e+00,5,-4.58016778e-01,2.13972634e+00
241,4.83000000e+00,5,-4.58016778e-01,2.14075613e+00
242,4.85000000e+00,5,-4.58016778e-01,2.14179041e+00
243,4.87000000e+00,5,-4.58016778e-01,2.14282917e+00
244,4.89000000e+00,5,-4.58016778e-01,2.14387242e+00
245,4.91000000e+00,5,-4.58016778e-01,2.14492017e+00
246,4.93000000e+00,5,-4.58016778e-01,2.14597241e+00
247,4.95000000e+00,5,-4.58016778e-01,2.14702916e+00
248,4.97000000e+00,5,-4.58016778e-01,2.14809041e+00
249,4.99000000e+00,5,-4.58016778e-01,2.14915617e+00
250,5.01000000e+00,5,-4.58016778e-01,2.15022645e+00
251,5.03000000e+00,5,-4.58016778e-01,2.15130124e+00
252,5.05000000e+00,5,-4.58016778e-01,2.15238055e+00
253,5.07000000e+00,5,-4.58016778e-01,2.15346438e+00
254,5.09000000e+00,5,-4.58016778e-01,2.15455275e+00
255,5.11000000e+00,5,-4.58016778e-01,2.15564564e+00
256,5.13000000e+00,5,-4.58016778e-01,2.15674308e+00
257,5.15000000e+00,5,-4.58016778e-01,2.15784505e+00
258,5.17000000e+00,5,-4.58016778e-01,2.15895157e+00
259,5.19000000e+00,5,-4.58016778e-01,2.16006263e+00
260,5.21000000e+00,5,-4.58016778e-01,2.16117825e+00
261,5.23000000e+00,5,-4.58016778e-01,2.16229843e+00
262,5.25000000e+00,5,-4.58016778e-01,2.16342316e+00
263,5.27000000e+00,5,-4.58016778e-01,2.16455247e+00
264,5.29000000e+00,5,-4.58016778e-01,2.16568634e+00
265,5.31000000e+00,5,-4.58016778e-01,2.16682478e+00
266,5.33000000e+00,5,-4.58016778e-01,2.16796780e+00
267,5.35000000e+00,5,-4.58016778e-01,2.16911540e+00
268,5.37000000e+00,5,-4.58016778e-01,2.17026758e+00
269,5.39000000e+00,5,-4.58016778e-01,2.17142436e+00
270,5.41000000e+00,5,-4.58016778e-01,2.17258573e+00
271,5.43000000e+00,5,-4.58016778e-01,2.17375170e+00
272,5.45000000e+00,5,-4.58016778e-01,2.17492227e+00
273,5.47000000e+00,5,-4.58016778e-01,2.17609744e+00
274,5.49000000e+00,5,-4.58016778e-01,2.17727723e+00
275,5.51000000e+00,5,-4.58016778e-01,2.17846163e+00
276,5.53000000e+00,5,-4.58016778e-01,2.17965065e+00
277,5.55000000e+00,5,-4.58016778e-01,2.18084429e+00
278,5.57000000e+00,5,-4.58016778e-01,2.18204257e+00
279,5.59000000e+00,5,-4.58016778e-01,2.18324547e+00
280,5.61000000e+00,5,-4.58016778e-01,2.18445301e+00
281,5.63000000e+00,5,-4.58016778e-01,2.18566519e+00
282,5.65000000e+00,5,-4.58016778e-01,2.18688202e+00
283,5.67000000e+00,5,-4.58016778e-01,2.18810350e+00
284,5.69000000e+00,5,-4.58016778e-01,2.18932963e+00
285,5.71000000e+00,5,-4.58016778e-01,2.19056042e+00
286,5.73000000e+00,5,-4.58016778e-01,2.19179588e+00
287,5.75000000e+00,5,-4.58016778e-01,2.19303600e+00
288,5.77000000e+00,5,-4.58016778e-01,2.19428079e+00
289,5.79000000e+00,5,-4.58016778e-01,2.19553026e+00
290,5.81000000e+00,5,-4.58016778e-01,2.19678441e+00
291,5.83000000e+00,5,-4.58016778e-01,2.19804325e+00
292,5.85000000e+00,5,-4.58016778e-01,2.19930678e+00
293,5.87000000e+00,5,-4.58016778e-01,2.20057500e+00
294,5.89000000e+00,5,-4.58016778e-01,2.20184792e+00
295,5.91000000e+00,5,-4.58016778e-01,2.20312555e+00
296,5.93000000e+00,5,-4.58016778e-01,2.20440788e+00
297,5.95000000e+00,5,-4.58016778e-01,2.20569493e+00
298,5.97000000e+00,5,-4.58016778e-01,2.20698670e+00
299,5.99000000e+00,5,-4.58016778e-01,2.20828319e+00
300,6.01000000e+00,5,-4.58016778e-01,2.20958440e+00
301,6.03000000e+00,5,-4.58016778e-01,2.21089035e+00
302,6.05000000e+00,5,-4.58016778e-01,2.21220104e+00
303,6.07000000e+00,5,-4.58016778e-01,2.21351647e+00
304,6.09000000e+00,5,-4.58016778e-01,2.21483664e+00
305,6.11000000e+00,5,-4.58016778e-01,2.21616157e+00
306,6.13000000e+00,5,-4.58016778e-01,2.21749125e+00
307,6.15000000e+00,5,-4.58016778e-01,2.21882570e+00
308,6.17000000e+00,5,-4.58016778e-01,2.22016491e+00
309,6.19000000e+00,5,-4.58016778e-01,2.22150889e+00
310,6.21000000e+00,5,-4.58016778e-01,2.22285764e+00
311,6.23000000e+00,5,-4.58016778e-01,2.22421118e+00
312,6.25000000e+00,5,-4.58016778e-01,2.22556950e+00
313,6.27000000e+00,5,-4.58016778e-01,2.22693261e+00
314,6.29000000e+00,5,-4.58016778e-01,2.22830052e+00
315,6.31000000e+00,5,-4.58016778e-01,2.22967323e+00
316,6.33000000e+00,5,-4.58016778e-01,2.23105074e+00
317,6.35000000e+00,5,-4.58016778e-01,2.23243306e+00
318,6.37000000e+00,5,-4.58016778e-01,2.23382020e+00
319,6.39000000e+00,5,-4.58016778e-01,2.23521216e+00
320,6.41000000e+00,5,-4.58016778e-01,2.23660895e+00
321,6.43000000e+00,5,-4.58016778e-01,2.23801056e+00
322,6.45000000e+00,5,-4.58016778e-01,2.23941701e+00
323,6.47000000e+00,5,-4.58016778e-01,2.24082830e+00
324,6.49000000e+00,5,-4.58016778e-01,2.24224444e+00
325,6.51000000e+00,5,-4.58016778e-01,2.24366543e+00
326,6.53000000e+00,5,-4.58016778e-01,2.24509127e+00
327,6.55000000e+00,5,-4.58016778e-01,2.24652197e+00
328,6.57000000e+00,5,-4.58016778e-01,2.24795754e+00
329,6.59000000e+00,5,-4.58016778e-01,2.24939799e+00
330,6.61000000e+00,5,-4.58016778e-01,2.25084331e+00
331,6.63000000e+00,5,-4.58016778e-01,2.25229351e+00
332,6.65000000e+00,5,-4.58016778e-01,2.25374859e+00
333,6.67000000e+00,5,-4.58016778e-01,2.25520857e+00
334,6.69000000e+00,5,-4.58016778e-01,2.25667345e+00
335,6.71000000e+00,5,-4.58016778e-01,2.25814323e+00
336,6.73000000e+00,5,-4.58016778e-01,2.25961792e+00
337,6.75000000e+00,5,-4.58016778e-01,2.26109752e+00
338,6.77000000e+00,5,-4.58016778e-01,2.26258204e+00
339,6.79000000e+00,5,-4.58016778e-01,2.26407148e+00
340,6.81000000e+00,5,-4.58016778e-01,2.26556586e+00
341,6.83000000e+00,5,-4.58016778e-01,2.26706516e+00
342,6.85000000e+00,5,-4.58016778e-01,2.26856941e+00
343,6.87000000e+00,5,-4.58016778e-01,2.27007860e+00
344,6.89000000e+00,5,-4.58016778e-01,2.27159274e+00
345,6.91000000e+00,5,-4.58016778e-01,2.27311184e+00
346,6.93000000e+00,5,-4.58016778e-01,2.27463590e+00
347,6.95000000e+00,5,-4.58016778e-01,2.27616492e+00
348,6.97000000e+00,5,-4.58016778e-01,2.27769891e+00
349,6.99000000e+00,5,-4.58016778e-01,2.27923789e+00
350,7.01000000e+00,5,-4.58016778e-01,2.28078184e+00
351,7.03000000e+00,5,-4.58016778e-01,2.28233078e+00
352,7.05000000e+00,5,-4.58016778e-01,2.28388471e+00
353,7.07000000e+00,5,-4.58016778e-01,2.28544364e+00
354,7.09000000e+00,5,-4.58016778e-01,2.28700757e+00
355,7.11000000e+00,5,-4.58016778e-01,2.28857650e+00
356,7.13000000e+00,5,-4.58016778e-01,2.29015045e+00
357,7.15000000e+00,5,-4.58016778e-01,2.29172942e+00
358,7.17000000e+00,5,-4.58016778e-01,2.29331341e+00
359,7.19000000e+00,5,-4.58016778e-01,2.29490242e+00
360,7.21000000e+00,5,-4.58016778e-01,2.29649647e+00
361,7.23000000e+00,5,-4.58016778e-01,2.29809555e+00
362,7.25000000e+00,5,-4.58016778e-01,2.29969967e+00
363,7.27000000e+00,5,-4.58016778e-01,2.30130883e+00
364,7.29000000e+00,5,-4.58016778e-01,2.30292305e+00
365,7.31000000e+00,5,-4.58016778e-01,2.30454231e+00
366,7.33000000e+00,5,-4.58016778e-01,2.30616663e+00
367,7.35000000e+00,5,-4.58016778e-01,2.30779602e+00
368,7.37000000e+00,5,-4.58016778e-01,2.30943046e+00
369,7.39000000e+00,5,-4.58016778e-01,2.31106997e+00
370,7.41000000e+00,5,-4.58016778e-01,2.31271456e+00
371,7.43000000e+00,5,-4.58016778e-01,2.31436421e+00
372,7.45000000e+00,5,-4.58016778e-01,2.31601893e+00
373,7.47000000e+00,5,-4.58016778e-01,2.31767874e+00
374,7.49000000e+00,5,-4.58016778e-01,2.31934361e+00
375,7.51000000e+00,5,-4.58016778e-01,2.32101357e+00
376,7.53000000e+00,5,-4.58016778e-01,2.32268860e+00
377,7.55000000e+00,5,-4.58016778e-01,2.32436871e+00
378,7.57000000e+00,5,-4.58016778e-01,2.32605389e+00
379,7.59000000e+00,5,-4.58016778e-01,2.32774415e+00
380,7.61000000e+00,5,-4.58016778e-01,2.32943947e+00
381,7.63000000e+00,5,-4.58016778e-01,2.33113986e+00
382,7.65000000e+00,5,-4.58016778e-01,2.33284531e+00
383,7.67000000e+00,5,-4.58016778e-01,2.33455582e+00
384,7.69000000e+00,5,-4.58016778e-01,2.33627137e+00
385,7.71000000e+00,5,-4.58016778e-01,2.33799195e+00
386,7.73000000e+00,5,-4.58016778e-01,2.33971756e+00
387,7.75000000e+00,5,-4.58016778e-01,2.34144817e+00
388,7.77000000e+00,5,-4.58016778e-01,2.34318378e+00
389,7.79000000e+00,5,-4.58016778e-01,2.34492436e+00
390,7.81000000e+00,5,-4.58016778e-01,2.34666989e+00
391,7.83000000e+00,5,-4.58016778e-01,2.34842035e+00
392,7.85000000e+00,5,-4.58016778e-01,2.35017570e+00
393,7.87000000e+00,5,-4.58016778e-01,2.35193592e+00
394,7.89000000e+00,5,-4.58016778e-01,2.35370095e+00
395,7.91000000e+00,5,-4.58016778e-01,2.35547077e+00
396,7.93000000e+00,5,-4.58016778e-01,2.35724531e+00
397,7.95000000e+00,5,-4.58016778e-01,2.35902451e+00
398,7.97000000e+00,5,-4.58016778e-01,2.36080832e+00
399,7.99000000e+00,5,-4.58016778e-01,2.36259666e+00
400,8.01000000e+00,5,-4.58016778e-01,2.36438943e+00
401,8.03000000e+00,5,-4.58016778e-01,2.36618654e+00
402,8.05000000e+00,5,-4.58016778e-01,2.36798788e+00
403,8.07000000e+00,5,-4.58016778e-01,2.36979332e+00
404,8.09000000e+00,5,-4.58016778e-01,2.37160272e+00
405,8.11000000e+00,5,-4.58016778e-01,2.37341591e+00
406,8.13000000e+00,5,-4.58016778e-01,2.37523270e+00
407,8.15000000e+00,5,-4.58016778e-01,2.37705288e+00
408,8.17000000e+00,5,-4.58016778e-01,2.37887622e+00
409,8.19000000e+00,5,-4.58016778e-01,2.38070243e+00
410,8.21000000e+00,5,-4.58016778e-01,2.38253120e+00
411,8.23000000e+00,5,-4.58016778e-01,2.38436219e+00
412,8.25000000e+00,5,-4.58016778e-01,2.38619498e+00
413,8.27000000e+00,5,-4.58016778e-01,2.38802912e+00
414,8.29000000e+00,5,-4.58016778e-01,2.38986409e+00
415,8.31000000e+00,5,-4.58016778e-01,2.39169930e+00
416,8.33000000e+00,5,-4.58016778e-01,2.39353407e+00
417,8.35000000e+00,5,-4.58016778e-01,2.39536765e+00
418,8.37000000e+00,5,-4.58016778e-01,2.39719915e+00
419,8.39000000e+00,5,-4.58016778e-01,2.39902761e+00
420,8.41000000e+00,5,-4.58016778e-01,2.40085188e+00
421,8.43000000e+00,5,-4.58016778e-01,2.40267070e+00
422,8.45000000e+00,5,-4.58016778e-01,2.40448262e+00
423,8.47000000e+00,5,-4.58016778e-01,2.40628598e+00
424,8.49000000e+00,5,-4.58016778e-01,2.40807891e+00
425,8.51000000e+00,5,-4.58016778e-01,2.40985928e+00
426,8.53000000e+00,5,-4.58016778e-01,2.41162466e+00
427,8.55000000e+00,5,-4.58016778e-01,2.41337231e+00
428,8.57000000e+00,5,-4.58016778e-01,2.41509910e+00
429,8.59000000e+00,5,-4.58016778e-01,2.41680147e+00
430,8.61000000e+00,5,-4.58016778e-01,2.41847540e+00
431,8.63000000e+00,5,-4.58016778e-01,2.42011630e+00
432,8.65000000e+00,5,-4.58016778e-01,2.42171899e+00
433,8.67000000e+00,5,-4.58016778e-01,2.42327758e+00
434,8.69000000e+00,5,-4.58016778e-01,2.42478537e+00
435,8.71000000e+00,5,-4.58016778e-01,2.42623482e+00
436,8.73000000e+00,5,-4.58016778e-01,2.42761734e+00
437,8.75000000e+00,5,-4.58016778e-01,2.42892323e+00
438,8.77000000e+00,5,-4.58016778e-01,2.43014152e+00
439,8.79000000e+00,5,-4.58016778e-01,2.43125980e+00
440,8.81000000e+00,5,-4.58016778e-01,2.43226407e+00
441,8.83000000e+00,5,-4.58016778e-01,2.43313852e+00
442,8.85000000e+00,5,-4.58016778e-01,2.43386535e+00
443,8.87000000e+00,5,-4.58016778e-01,2.43442448e+00
444,8.89000000e+00,5,-4.58016778e-01,2.43479338e+00
445,8.91000000e+00,5,-4.58016778e-01,2.43494671e+00
446,8.93000000e+00,5,-4.58016778e-01,2.43485606e+00
447,8.95000000e+00,5,-4.58016778e-01,2.43448966e+00
448,8.97000000e+00,5,-4.58016778e-01,2.43381196e+00
449,8.99000000e+00,5,-4.58016778e-01,2.43278337e+00
450,9.01000000e+00,5,-4.58016778e-01,2.43135980e+00
451,9.03000000e+00,5,-4.58016778e-01,2.42949235e+00
452,9.05000000e+00,5,-4.58016778e-01,2.42712690e+00
453,9.07000000e+00,5,-4.58016778e-01,2.42420378e+00
454,9.09000000e+00,5,-4.58016778e-01,2.42065744e+00
455,9.11000000e+00,5,-4.58016778e-01,2.41641615e+00
456,9.13000000e+00,5,-4.58016778e-01,2.41140188e+00
457,9.15000000e+00,5,-4.58016778e-01,2.40553016e+00
458,9.17000000e+00,5,-4.58016778e-01,2.39871030e+00
459,9.19000000e+00,5,-4.58016778e-01,2.39084564e+00
460,9.21000000e+00,5,-4.58016778e-01,2.38183430e+00
461,9.23000000e+00,5,-4.58016778e-01,2.37157026e+00
462,9.25000000e+00,5,-4.58016778e-01,2.35994501e+00
463,9.27000000e+00,5,-4.58016778e-01,2.34684996e+00
464,9.29000000e+00,5,-4.58016778e-01,2.33217972e+00
465,9.31000000e+00,5,-4.58016778e-01,2.31583664e+00
466,9.33000000e+00,5,-4.58016778e-01,2.29773685e+00
467,9.35000000e+00,5,-4.58016778e-01,2.27781820e+00
468,9.37000000e+00,5,-4.58016778e-01,2.25605068e+00
469,9.39000000e+00,5,-4.58016778e-01,2.23244990e+00
470,9.41000000e+00,5,-4.58016778e-01,2.20709444e+00
471,9.43000000e+00,5,-4.58016778e-01,2.18014800e+00
472,9.45000000e+00,5,-4.58016778e-01,2.15188768e+00
473,9.47000000e+00,5,-4.58016778e-01,2.12273970e+00
474,9.49000000e+00,5,-4.58016778e-01,2.09332461e+00
475,9.51000000e+00,5,-4.58016778e-01,2.06451411e+00
476,9.53000000e+00,5,-4.58016778e-01,2.03750241e+00
477,9.55000000e+00,5,-4.58016778e-01,2.01389556e+00
478,9.57000000e+00,5,-4.58016778e-01,1.99582296e+00
479,9.59000000e+00,5,-4.58016778e-01,1.98607639e+00
480,9.61000000e+00,5,-4.58016778e-01,1.98828292e+00
481,9.63000000e+00,5,-4.58016778e-01,2.00711950e+00
482,9.65000000e+00,5,-4.58016778e-01,2.04857889e+00
483,9.67000000e+00,5,-4.58016778e-01,2.12029841e+00
484,9.69000000e+00,5,-4.58016778e-01,2.23196560e+00
485,9.71000000e+00,5,-4.58016778e-01,2.39581773e+00
486,9.73000000e+00,5,-4.58016778e-01,2.62725508e+00
487,9.75000000e+00,5,-4.58016778e-01,2.94559208e+00
488,9.77000000e+00,5,-4.58016778e-01,3.37497383e+00
489,9.79000000e+00,5,-4.58016778e-01,3.94549029e+00
490,9.81000000e+00,5,-4.58016778e-01,4.69452384e+00
491,9.83000000e+00,5,-4.58016778e-01,5.66836967e+00
492,9.85000000e+00,5,-4.58016778e-01,6.92417020e+00
493,9.87000000e+00,5,-4.58016778e-01,8.53220650e+00
494,9.89000000e+00,5,-4.58016778e-01,1.05785957e+01
495,9.91000000e+00,5,-4.58016778e-01,1.31684853e+01
496,9.93000000e+00,5,-4.58016778e-01,1.64300327e+01
497,9.95000000e+00,5,-4.58016778e-01,2.05203017e+01
498,9.97000000e+00,5,-4.58016778e-01,2.56375822e+01
499,9.99000000e+00,5,-4.58016778e-01,3.20578159e+01
0,1.00000000e-02,6,-2.81603551e-01,2.01572341e+00
1,3.00000000e-02,6,-2.81603551e-01,2.01573910e+00
2,5.00000000e-02,6,-2.81603551e-01,2.01576125e+00
3,7.00000000e-02,6,-2.81603551e-01,2.01578767e+00
4,9.00000000e-02,6,-2.81603551e-01,2.01581812e+00
5,1.10000000e-01,6,-2.81603551e-01,2.01585260e+00
6,1.30000000e-01,6,-2.81603551e-01,2.01589111e+00
7,1.50000000e-01,6,-2.81603551e-01,2.01593368e+00
8,1.70000000e-01,6,-2.81603551e-01,2.01598030e+00
9,1.90000000e-01,6,-2.81603551e-01,2.01603099e+00
10,2.10000000e-01,6,-2.81603551e-01,2.01608575e+00
11,2.30000000e-01,6,-2.81603551e-01,2.01614456e+00
12,2.50000000e-01,6,-2.81603551e-01,2.01620744e+00
13,2.70000000e-01,6,-2.81603551e-01,2.01627439e+00
14,2.90000000e-01,6,-2.81603551e-01,2.01634539e+00
15,3.10000000e-01,6,-2.81603551e-01,2.01642045e+00
16,3.30000000e-01,6,-2.81603551e-01,2.01649957e+00
17,3.50000000e-01,6,-2.81603551e-01,2.01658274e+00
18,3.70000000e-01,6,-2.81603551e-01,2.01666996e+00
19,3.90000000e-01,6,-2.81603551e-01,2.01676123e+00
20,4.10000000e-01,6,-2.81603551e-01,2.01685656e+00
21,4.30000000e-01,6,-2.81603551e-01,2.01695593e+00
22,4.50000000e-01,6,-2.81603551e-01,2.01705935e+00
23,4.70000000e-01,6,-2.81603551e-01,2.01716682e+00
24,4.90000000e-01,6,-2.81603551e-01,2.01727833e+00
25,5.10000000e-01,6,-2.81603551e-01,2.01739389e+00
26,5.30000000e-01,6,-2.81603551e-01,2.01751350e+00
27,5.50000000e-01,6,-2.81603551e-01,2.01763715e+00
28,5.70000000e-01,6,-2.81603551e-01,2.01776485e+00
29,5.90000000e-01,6,-2.81603551e-01,2.01789659e+00
30,6.10000000e-01,6,-2.81603551e-01,2.01803238e+00
31,6.30000000e-01,6,-2.81603551e-01,2.01817221e+00
32,6.50000000e-01,6,-2.81603551e-01,2.01831609e+00
33,6.70000000e-01,6,-2.81603551e-01,2.01846401e+00
34,6.90000000e-01,6,-2.81603551e-01,2.01861598e+00
35,7.10000000e-01,6,-2.81603551e-01,2.01877199e+00
36,7.30000000e-01,6,-2.81603551e-01,2.01893205e+00
37,7.50000000e-01,6,-2.81603551e-01,2.01909616e+00
38,7.70000000e-01,6,-2.81603551e-01,2.01926432e+00
39,7.90000000e-01,6,-2.81603551e-01,2.01943652e+00
40,8.10000000e-01,6,-2.81603551e-01,2.01961277e+00
41,8.30000000e-01,6,-2.81603551e-01,2.01979307e+00
42,8.50000000e-01,6,-2.81603551e-01,2.01997742e+00
43,8.70000000e-01,6,-2.81603551e-01,2.02016581e+00
44,8.90000000e-01,6,-2.81603551e-01,2.02035826e+00
45,9.10000000e-01,6,-2.81603551e-01,2.02055476e+00
46,9.30000000e-01,6,-2.81603551e-01,2.02075531e+00
47,9.50000000e-01,6,-2.81603551e-01,2.02095991e+00
48,9.70000000e-01,6,-2.81603551e-01,2.02116856e+00
49,9.90000000e-01,6,-2.81603551e-01,2.02138126e+00
50,1.01000000e+00,6,-2.81603551e-01,2.02159802e+00
51,1.03000000e+00,6,-2.81603551e-01,2.02181883e+00
52,1.05000000e+00,6,-2.81603551e-01,2.02204370e+00
53,1.07000000e+00,6,-2.81603551e-01,2.02227263e+00
54,1.09000000e+00,6,-2.81603551e-01,2.02250561e+00
55,1.11000000e+00,6,-2.81603551e-01,2.02274265e+00
56,1.13000000e+00,6,-2.81603551e-01,2.02298374e+00
57,1.15000000e+00,6,-2.81603551e-01,2.02322890e+00
58,1.17000000e+00,6,-2.81603551e-01,2.02347811e+00
59,1.19000000e+00,6,-2.81603551e-01,2.02373139e+00
60,1.21000000e+00,6,-2.81603551e-01,2.02398872e+00
61,1.23000000e+00,6,-2.81603551e-01,2.02425012e+00
62,1.25000000e+00,6,-2.81603551e-01,2.02451558e+00
63,1.27000000e+00,6,-2.81603551e-01,2.02478511e+00
64,1.29000000e+00,6,-2.81603551e-01,2.02505870e+00
65,1.31000000e+00,6,-2.81603551e-01,2.02533636e+00
66,1.33000000e+00,6,-2.81603551e-01,2.02561808e+00
67,1.35000000e+00,6,-2.81603551e-01,2.02590387e+00
68,1.37000000e+00,6,-2.81603551e-01,2.02619373e+00
69,1.39000000e+00,6,-2.81603551e-01,2.02648766e+00
70,1.41000000e+00,6,-2.81603551e-01,2.02678567e+00
71,1.43000000e+00,6,-2.81603551e-01,2.02708774e+00
72,1.45000000e+00,6,-2.81603551e-01,2.02739388e+00
73,1.47000000e+00,6,-2.81603551e-01,2.02770410e+00
74,1.49000000e+00,6,-2.81603551e-01,2.02801840e+00
75,1.51000000e+00,6,-2.81603551e-01,2.02833677e+00
76,1.53000000e+00,6,-2.81603551e-01,2.02865922e+00
77,1.55000000e+00,6,-2.81603551e-01,2.02898575e+00
78,1.57000000e+00,6,-2.81603551e-01,2.02931635e+00
79,1.59000000e+00,6,-2.81603551e-01,2.02965104e+00
80,1.61000000e+00,6,-2.81603551e-01,2.02998981e+00
81,1.63000000e+00,6,-2.81603551e-01,2.03033266e+00
82,1.65000000e+00,6,-2.81603551e-01,2.03067960e+00
83,1.67000000e+00,6,-2.81603551e-01,2.03103062e+00
84,1.69000000e+00,6,-2.81603551e-01,2.03138573e+00
85,1.71000000e+00,6,-2.81603551e-01,2.03174493e+00
86,1.73000000e+00,6,-2.81603551e-01,2.03210822e+00
87,1.75000000e+00,6,-2.81603551e-01,2.03247559e+00
88,1.77000000e+00,6,-2.81603551e-01,2.03284706e+00
89,1.79000000e+00,6,-2.81603551e-01,2.03322262e+00
90,1.81000000e+00,6,-2.81603551e-01,2.03360228e+00
91,1.83000000e+00,6,-2.81603551e-01,2.03398603e+00
92,1.85000000e+00,6,-2.81603551e-01,2.03437388e+00
93,1.87000000e+00,6,-2.81603551e-01,2.03476583e+00
94,1.89000000e+00,6,-2.81603551e-01,2.03516188e+00
95,1.91000000e+00,6,-2.81603551e-01,2.03556203e+00
96,1.93000000e+00,6,-2.81603551e-01,2.03596628e+00
97,1.95000000e+00,6,-2.81603551e-01,2.03637464e+00
98,1.97000000e+00,6,-2.81603551e-01,2.03678710e+00
99,1.99000000e+00,6,-2.81603551e-01,2.03720367e+00
100,2.01000000e+00,6,-2.81603551e-01,2.03762435e+00
101,2.03000000e+00,6,-2.81603551e-01,2.03804914e+00
102,2.05000000e+00,6,-2.81603551e-01,2.03847804e+00
103,2.07000000e+00,6,-2.81603551e-01,2.03891105e+00
104,2.09000000e+00,6,-2.81603551e-01,2.03934818e+00
105,2.11000000e+00,6,-2.81603551e-01,2.03978942e+00
106,2.13000000e+00,6,-2.81603551e-01,2.04023479e+00
107,2.15000000e+00,6,-2.81603551e-01,2.04068427e+00
108,2.17000000e+00,6,-2.81603551e-01,2.04113787e+00
109,2.19000000e+00,6,-2.81603551e-01,2.04159560e+00
110,2.21000000e+00,6,-2.81603551e-01,2.04205745e+00
111,2.23000000e+00,6,-2.81603551e-01,2.04252342e+00
112,2.25000000e+00,6,-2.81603551e-01,2.04299353e+00
113,2.27000000e+00,6,-2.81603551e-01,2.04346776e+00
114,2.29000000e+00,6,-2.81603551e-01,2.04394613e+00
115,2.31000000e+00,6,-2.81603551e-01,2.04442862e+00
116,2.33000000e+00,6,-2.81603551e-01,2.04491525e+00
117,2.35000000e+00,6,-2.81603551e-01,2.04540602e+00
118,2.37000000e+00,6,-2.81603551e-01,2.04590093e+00
119,2.39000000e+00,6,-2.81603551e-01,2.04639997e+00
120,2.41000000e+00,6,-2.81603551e-01,2.04690316e+00
121,2.43000000e+00,6,-2.81603551e-01,2.04741049e+00
122,2.45000000e+00,6,-2.81603551e-01,2.04792197e+00
123,2.47000000e+00,6,-2.81603551e-01,2.04843759e+00
124,2.49000000e+00,6,-2.81603551e-01,2.04895736e+00
125,2.51000000e+00,6,-2.81603551e-01,2.04948128e+00
126,2.53000000e+00,6,-2.81603551e-01,2.05000936e+00
127,2.55000000e+00,6,-2.81603551e-01,2.05054159e+00
128,2.57000000e+00,6,-2.81603551e-01,2.05107798e+00
129,2.59000000e+00,6,-2.81603551e-01,2.05161852e+00
130,2.61000000e+00,6,-2.81603551e-01,2.05216323e+00
131,2.63000000e+00,6,-2.81603551e-01,2.05271209e+00
132,2.65000000e+00,6,-2.81603551e-01,2.05326512e+00
133,2.67000000e+00,6,-2.81603551e-01,2.05382232e+00
134,2.69000000e+00,6,-2.81603551e-01,2.05438369e+00
135,2.71000000e+00,6,-2.81603551e-01,2.05494922e+00
136,2.73000000e+00,6,-2.81603551e-01,2.05551893e+00
137,2.75000000e+00,6,-2.81603551e-01,2.05609281e+00
138,2.77000000e+00,6,-2.81603551e-01,2.05667087e+00
139,2.79000000e+00,6,-2.81603551e-01,2.05725311e+00
140,2.81000000e+00,6,-2.81603551e-01,2.05783953e+00
141,2.83000000e+00,6,-2.81603551e-01,2.05843013e+00
142,2.85000000e+00,6,-2.81603551e-01,2.05902492e+00
143,2.87000000e+00,6,-2.81603551e-01,2.05962389e+00
144,2.89000000e+00,6,-2.81603551e-01,2.06022705e+00
145,2.91000000e+00,6,-2.81603551e-01,2.06083440e+00
146,2.93000000e+00,6,-2.81603551e-01,2.06144595e+00
147,2.95000000e+00,6,-2.81603551e-01,2.06206169e+00
148,2.97000000e+00,6,-2.81603551e-01,2.06268163e+00
149,2.99000000e+00,6,-2.81603551e-01,2.06330577e+00
150,3.01000000e+00,6,-2.81603551e-01,2.06393411e+00
151,3.03000000e+00,6,-2.81603551e-01,2.06456666e+00
152,3.05000000e+00,6,-2.81603551e-01,2.06520342e+00
153,3.07000000e+00,6,-2.81603551e-01,2.06584438e+00
154,3.09000000e+00,6,-2.81603551e-01,2.06648955e+00
155,3.11000000e+00,6,-2.81603551e-01,2.06713894e+00
156,3.13000000e+00,6,-2.81603551e-01,2.06779255e+00
157,3.15000000e+00,6,-2.81603551e-01,2.06845037e+00
158,3.17000000e+00,6,-2.81603551e-01,2.06911241e+00
159,3.19000000e+00,6,-2.81603551e-01,2.06977868e+00
160,3.21000000e+00,6,-2.81603551e-01,2.07044918e+00
161,3.23000000e+00,6,-2.81603551e-01,2.07112390e+00
162,3.25000000e+00,6,-2.81603551e-01,2.07180285e+00
163,3.27000000e+00,6,-2.81603551e-01,2.07248603e+00
164,3.29000000e+00,6,-2.81603551e-01,2.07317345e+00
165,3.31000000e+00,6,-2.81603551e-01,2.07386511e+00
166,3.33000000e+00,6,-2.81603551e-01,2.07456101e+00
167,3.35000000e+00,6,-2.81603551e-01,2.07526115e+00
168,3.37000000e+00,6,-2.81603551e-01,2.07596554e+00
169,3.39000000e+00,6,-2.81603551e-01,2.07667417e+00
170,3.41000000e+00,6,-2.81603551e-01,2.07738706e+00
171,3.43000000e+00,6,-2.81603551e-01,2.07810420e+00
172,3.45000000e+00,6,-2.81603551e-01,2.07882559e+00
173,3.47000000e+00,6,-2.81603551e-01,2.07955125e+00
174,3.49000000e+00,6,-2.81603551e-01,2.08028116e+00
175,3.51000000e+00,6,-2.81603551e-01,2.08101534e+00
176,3.53000000e+00,6,-2.81603551e-01,2.08175378e+00
177,3.55000000e+00,6,-2.81603551e-01,2.08249649e+00
178,3.57000000e+00,6,-2.81603551e-01,2.08324348e+00
179,3.59000000e+00,6,-2.81603551e-01,2.08399474e+00
180,3.61000000e+00,6,-2.81603551e-01,2.08475027e+00
181,3.63000000e+00,6,-2.81603551e-01,2.08551009e+00
182,3.65000000e+00,6,-2.81603551e-01,2.08627418e+00
183,3.67000000e+00,6,-2.81603551e-01,2.08704257e+00
184,3.69000000e+00,6,-2.81603551e-01,2.08781524e+00
185,3.71000000e+00,6,-2.81603551e-01,2.08859220e+00
186,3.73000000e+00,6,-2.81603551e-01,2.08937345e+00
187,3.75000000e+00,6,-2.81603551e-01,2.09015901e+00
188,3.77000000e+00,6,-2.81603551e-01,2.09094886e+00
189,3.79000000e+00,6,-2.81603551e-01,2.09174301e+00
190,3.81000000e+00,6,-2.81603551e-01,2.09254147e+00
191,3.83000000e+00,6,-2.81603551e-01,2.09334423e+00
192,3.85000000e+00,6,-2.81603551e-01,2.09415131e+00
193,3.87000000e+00,6,-2.81603551e-01,2.09496270e+00
194,3.89000000e+00,6,-2.81603551e-01,2.09577841e+00
195,3.91000000e+00,6,-2.81603551e-01,2.09659843e+00
196,3.93000000e+00,6,-2.81603551e-01,2.09742278e+00
197,3.95000000e+00,6,-2.81603551e-01,2.09825146e+00
198,3.97000000e+00,6,-2.81603551e-01,2.09908446e+00
199,3.99000000e+00,6,-2.81603551e-01,2.09992179e+00
200,4.01000000e+00,6,-2.81603551e-01,2.10076346e+00
201,4.03000000e+00,6,-2.81603551e-01,2.10160947e+00
202,4.05000000e+00,6,-2.81603551e-01,2.10245982e+00
203,4.07000000e+00,6,-2.81603551e-01,2.10331451e+00
204,4.09000000e+00,6,-2.81603551e-01,2.10417355e+00
205,4.11000000e+00,6,-2.81603551e-01,2.10503693e+00
206,4.13000000e+00,6,-2.81603551e-01,2.10590467e+00
207,4.15000000e+00,6,-2.81603551e-01,2.10677677e+00
208,4.17000000e+00,6,-2.81603551e-01,2.10765323e+00
209,4.19000000e+00,6,-2.81603551e-01,2.10853404e+00
210,4.21000000e+00,6,-2.81603551e-01,2.10941923e+00
211,4.23000000e+00,6,-2.81603551e-01,2.11030878e+00
212,4.25000000e+00,6,-2.81603551e-01,2.11120271e+00
213,4.27000000e+00,6,-2.81603551e-01,2.11210101e+00
214,4.29000000e+00,6,-2.81603551e-01,2.11300369e+00
215,4.31000000e+00,6,-2.81603551e-01,2.11391075e+00
216,4.33000000e+00,6,-2.81603551e-01,2.11482219e+00
217,4.35000000e+00,6,-2.81603551e-01,2.11573803e+00
218,4.37000000e+00,6,-2.81603551e-01,2.11665825e+00
219,4.39000000e+00,6,-2.81603551e-01,2.11758288e+00
220,4.41000000e+00,6,-2.81603551e-01,2.11851189e+00
221,4.43000000e+00,6,-2.81603551e-01,2.11944532e+00
222,4.45000000e+00,6,-2.81603551e-01,2.12038314e+00
223,4.47000000e+00,6,-2.81603551e-01,2.12132538e+00
224,4.49000000e+00,6,-2.81603551e-01,2.12227202e+00
225,4.51000000e+00,6,-2.81603551e-01,2.12322309e+00
226,4.53000000e+00,6,-2.81603551e-01,2.12417857e+00
227,4.55000000e+00,6,-2.81603551e-01,2.12513847e+00
228,4.57000000e+00,6,-2.81603551e-01,2.12610280e+00
229,4.59000000e+00,6,-2.81603551e-01,2.12707156e+00
230,4.61000000e+00,6,-2.81603551e-01,2.12804475e+00
231,4.63000000e+00,6,-2.81603551e-01,2.12902238e+00
232,4.65000000e+00,6,-2.81603551e-01,2.13000445e+00
233,4.67000000e+00,6,-2.81603551e-01,2.13099096e+00
234,4.69000000e+00,6,-2.81603551e-01,2.13198191e+00
235,4.71000000e+00,6,-2.81603551e-01,2.13297732e+00
236,4.73000000e+00,6,-2.81603551e-01,2.13397718e+00
237,4.75000000e+00,6,-2.81603551e-01,2.13498150e+00
238,4.77000000e+00,6,-2.81603551e-01,2.13599029e+00
239,4.79000000e+00,6,-2.81603551e-01,2.13700353e+00
240,4.81000000e+00,6,-2.81603551e-01,2.13802125e+00
241,4.83000000e+00,6,-2.81603551e-01,2.13904343e+00
242,4.85000000e+00,6,-2.81603551e-01,2.14007010e+00
243,4.87000000e+00,6,-2.81603551e-01,2.14110124e+00
244,4.89000000e+00,6,-2.81603551e-01,2.14213687e+00
245,4.91000000e+00,6,-2.81603551e-01,2.14317698e+00
246,4.93000000e+00,6,-2.81603551e-01,2.14422159e+00
247,4.95000000e+00,6,-2.81603551e-01,2.14527069e+00
248,4.97000000e+00,6,-2.81603551e-01,2.14632429e+00
249,4.99000000e+00,6,-2.81603551e-01,2.14738239e+00
250,5.01000000e+00,6,-2.81603551e-01,2.14844500e+00
251,5.03000000e+00,6,-2.81603551e-01,2.14951212e+00
252,5.05000000e+00,6,-2.81603551e-01,2.15058375e+00
253,5.07000000e+00,6,-2.81603551e-01,2.15165990e+00
254,5.09000000e+00,6,-2.81603551e-01,2.15274057e+00
255,5.11000000e+00,6,-2.81603551e-01,2.15382577e+00
256,5.13000000e+00,6,-2.81603551e-01,2.15491550e+00
257,5.15000000e+00,6,-2.81603551e-01,2.15600976e+00
258,5.17000000e+00,6,-2.81603551e-01,2.15710856e+00
259,5.19000000e+00,6,-2.81603551e-01,2.15821190e+00
260,5.21000000e+00,6,-2.81603551e-01,2.15931978e+00
261,5.23000000e+00,6,-2.81603551e-01,2.16043222e+00
262,5.25000000e+00,6,-2.81603551e-01,2.16154921e+00
263,5.27000000e+00,6,-2.81603551e-01,2.16267075e+00
264,5.29000000e+00,6,-2.81603551e-01,2.16379686e+00
265,5.31000000e+00,6,-2.81603551e-01,2.16492754e+00
266,5.33000000e+00,6,-2.81603551e-01,2.16606278e+00
267,5.35000000e+00,6,-2.81603551e-01,2.16720260e+00
268,5.37000000e+00,6,-2.81603551e-01,2.16834700e+00
269,5.39000000e+00,6,-2.81603551e-01,2.16949598e+00
270,5.41000000e+00,6,-2.81603551e-01,2.17064954e+00
271,5.43000000e+00,6,-2.81603551e-01,2.17180770e+00
272,5.45000000e+00,6,-2.81603551e-01,2.17297045e+00
273,5.47000000e+00,6,-2.81603551e-01,2.17413780e+00
274,5.49000000e+00,6,-2.81603551e-01,2.17530975e+00
275,5.51000000e+00,6,-2.81603551e-01,2.17648631e+00
276,5.53000000e+00,6,-2.81603551e-01,2.17766749e+00
277,5.55000000e+00,6,-2.81603551e-01,2.17885328e+00
278,5.57000000e+00,6,-2.81603551e-01,2.18004369e+00
279,5.59000000e+00,6,-2.81603551e-01,2.18123872e+00
280,5.61000000e+00,6,-2.81603551e-01,2.18243839e+00
281,5.63000000e+00,6,-2.81603551e-01,2.18364268e+00
282,5.65000000e+00,6,-2.81603551e-01,2.18485162e+00
283,5.67000000e+00,6,-2.81603551e-01,2.18606520e+00
284,5.69000000e+00,6,-2.81603551e-01,2.18728342e+00
285,5.71000000e+00,6,-2.81603551e-01,2.18850630e+00
286,5.73000000e+00,6,-2.81603551e-01,2.18973383e+00
287,5.75000000e+00,6,-2.81603551e-01,2.19096602e+00
288,5.77000000e+00,6,-2.81603551e-01,2.19220288e+00
289,5.79000000e+00,6,-2.81603551e-01,2.19344440e+00
290,5.81000000e+00,6,-2.81603551e-01,2.19469060e+00
291,5.83000000e+00,6,-2.81603551e-01,2.19594148e+00
292,5.85000000e+00,6,-2.81603551e-01,2.19719703e+00
293,5.87000000e+00,6,-2.81603551e-01,2.19845728e+00
294,5.89000000e+00,6,-2.81603551e-01,2.19972222e+00
295,5.91000000e+00,6,-2.81603551e-01,2.20099185e+00
296,5.93000000e+00,6,-2.81603551e-01,2.20226619e+00
297,5.95000000e+00,6,-2.81603551e-01,2.20354523e+00
298,5.97000000e+00,6,-2.81603551e-01,2.20482898e+00
299,5.99000000e+00,6,-2.81603551e-01,2.20611744e+00
300,6.01000000e+00,6,-2.81603551e-01,2.20741063e+00
301,6.03000000e+00,6,-2.81603551e-01,2.20870854e+00
302,6.05000000e+00,6,-2.81603551e-01,2.21001118e+00
303,6.07000000e+00,6,-2.81603551e-01,2.21131855e+00
304,6.09000000e+00,6,-2.81603551e-01,2.21263066e+00
305,6.11000000e+00,6,-2.81603551e-01,2.21394751e+00
306,6.13000000e+00,6,-2.81603551e-01,2.21526911e+00
307,6.15000000e+00,6,-2.81603551e-01,2.21659547e+00
308,6.17000000e+00,6,-2.81603551e-01,2.21792658e+00
309,6.19000000e+00,6,-2.81603551e-01,2.21926245e+00
310,6.21000000e+00,6,-2.81603551e-01,2.22060310e+00
311,6.23000000e+00,6,-2.81603551e-01,2.22194851e+00
312,6.25000000e+00,6,-2.81603551e-01,2.22329870e+00
313,6.27000000e+00,6,-2.81603551e-01,2.22465367e+00
314,6.29000000e+00,6,-2.81603551e-01,2.22601343e+00
315,6.31000000e+00,6,-2.81603551e-01,2.22737798e+00
316,6.33000000e+00,6,-2.81603551e-01,2.22874733e+00
317,6.35000000e+00,6,-2.81603551e-01,2.23012148e+00
318,6.37000000e+00,6,-2.81603551e-01,2.23150044e+00
319,6.39000000e+00,6,-2.81603551e-01,2.23288421e+00
320,6.41000000e+00,6,-2.81603551e-01,2.23427279e+00
321,6.43000000e+00,6,-2.81603551e-01,2.23566620e+00
322,6.45000000e+00,6,-2.81603551e-01,2.23706444e+00
323,6.47000000e+00,6,-2.81603551e-01,2.23846750e+00
324,6.49000000e+00,6,-2.81603551e-01,2.23987541e+00
325,6.51000000e+00,6,-2.81603551e-01,2.24128815e+00
326,6.53000000e+00,6,-2.81603551e-01,2.24270574e+00
327,6.55000000e+00,6,-2.81603551e-01,2.24412819e+00
328,6.57000000e+00,6,-2.81603551e-01,2.24555549e+00
329,6.59000000e+00,6,-2.81603551e-01,2.24698765e+00
330,6.61000000e+00,6,-2.81603551e-01,2.24842469e+00
331,6.63000000e+00,6,-2.81603551e-01,2.24986659e+00
332,6.65000000e+00,6,-2.81603551e-01,2.25131338e+00
333,6.67000000e+00,6,-2.81603551e-01,2.25276504e+00
334,6.69000000e+00,6,-2.81603551e-01,2.25422160e+00
335,6.71000000e+00,6,-2.81603551e-01,2.25568305e+00
336,6.73000000e+00,6,-2.81603551e-01,2.25714940e+00
337,6.75000000e+00,6,-2.81603551e-01,2.25862065e+00
338,6.77000000e+00,6,-2.81603551e-01,2.26009682e+00
339,6.79000000e+00,6,-2.81603551e-01,2.26157789e+00
340,6.81000000e+00,6,-2.81603551e-01,2.26306389e+00
341,6.83000000e+00,6,-2.81603551e-01,2.26455481e+00
342,6.85000000e+00,6,-2.81603551e-01,2.26605067e+00
343,6.87000000e+00,6,-2.81603551e-01,2.26755146e+00
344,6.89000000e+00,6,-2.81603551e-01,2.26905719e+00
345,6.91000000e+00,6,-2.81603551e-01,2.27056787e+00
346,6.93000000e+00,6,-2.81603551e-01,2.27208350e+00
347,6.95000000e+00,6,-2.81603551e-01,2.27360409e+00
348,6.97000000e+00,6,-2.81603551e-01,2.27512963e+00
349,6.99000000e+00,6,-2.81603551e-01,2.27666015e+00
350,7.01000000e+00,6,-2.81603551e-01,2.27819564e+00
351,7.03000000e+00,6,-2.81603551e-01,2.27973611e+00
352,7.05000000e+00,6,-2.81603551e-01,2.28128156e+00
353,7.07000000e+00,6,-2.81603551e-01,2.28283200e+00
354,7.09000000e+00,6,-2.81603551e-01,2.28438744e+00
355,7.11000000e+00,6,-2.81603551e-01,2.28594787e+00
356,7.13000000e+00,6,-2.81603551e-01,2.28751331e+00
357,7.15000000e+00,6,-2.81603551e-01,2.28908376e+00
358,7.17000000e+00,6,-2.81603551e-01,2.29065922e+00
359,7.19000000e+00,6,-2.81603551e-01,2.29223970e+00
360,7.21000000e+00,6,-2.81603551e-01,2.29382520e+00
361,7.23000000e+00,6,-2.81603551e-01,2.29541574e+00
362,7.25000000e+00,6,-2.81603551e-01,2.29701130e+00
363,7.27000000e+00,6,-2.81603551e-01,2.29861191e+00
364,7.29000000e+00,6,-2.81603551e-01,2.30021756e+00
365,7.31000000e+00,6,-2.81603551e-01,2.30182825e+00
366,7.33000000e+00,6,-2.81603551e-01,2.30344400e+00
367,7.35000000e+00,6,-2.81603551e-01,2.30506481e+00
368,7.37000000e+00,6,-2.81603551e-01,2.30669067e+00
369,7.39000000e+00,6,-2.81603551e-01,2.30832160e+00
370,7.41000000e+00,6,-2.81603551e-01,2.30995760e+00
371,7.43000000e+00,6,-2.81603551e-01,2.31159867e+00
372,7.45000000e+00,6,-2.81603551e-01,2.31324482e+00
373,7.47000000e+00,6,-2.81603551e-01,2.31489604e+00
374,7.49000000e+00,6,-2.81603551e-01,2.31655235e+00
375,7.51000000e+00,6,-2.81603551e-01,2.31821374e+00
376,7.53000000e+00,6,-2.81603551e-01,2.31988022e+00
377,7.55000000e+00,6,-2.81603551e-01,2.32155178e+00
378,7.57000000e+00,6,-2.81603551e-01,2.32322844e+00
379,7.59000000e+00,6,-2.81603551e-01,2.32491018e+00
380,7.61000000e+00,6,-2.81603551e-01,2.32659702e+00
381,7.63000000e+00,6,-2.81603551e-01,2.32828895e+00
382,7.65000000e+00,6,-2.81603551e-01,2.32998598e+00
383,7.67000000e+00,6,-2.81603551e-01,2.33168809e+00
384,7.69000000e+00,6,-2.81603551e-01,2.33339529e+00
385,7.71000000e+00,6,-2.81603551e-01,2.33510759e+00
386,7.73000000e+00,6,-2.81603551e-01,2.33682496e+00
387,7.75000000e+00,6,-2.81603551e-01,2.33854742e+00
388,7.77000000e+00,6,-2.81603551e-01,2.34027495e+00
389,7.79000000e+00,6,-2.81603551e-01,2.34200756e+00
390,7.81000000e+00,6,-2.81603551e-01,2.34374523e+00
391,7.83000000e+00,6,-2.81603551e-01,2.34548795e+00
392,7.85000000e+00,6,-2.81603551e-01,2.34723572e+00
393,7.87000000e+00,6,-2.81603551e-01,2.34898853e+00
394,7.89000000e+00,6,-2.81603551e-01,2.35074636e+00
395,7.91000000e+00,6,-2.81603551e-01,2.35250921e+00
396,7.93000000e+00,6,-2.81603551e-01,2.35427705e+00
397,7.95000000e+00,6,-2.81603551e-01,2.35604987e+00
398,7.97000000e+00,6,-2.81603551e-01,2.35782765e+00
399,7.99000000e+00,6,-2.81603551e-01,2.35961036e+00
400,8.01000000e+00,6,-2.81603551e-01,2.36139800e+00
401,8.03000000e+00,6,-2.81603551e-01,2.36319052e+00
402,8.05000000e+00,6,-2.81603551e-01,2.36498791e+00
403,8.07000000e+00,6,-2.81603551e-01,2.36679013e+00
404,8.09000000e+00,6,-2.81603551e-01,2.36859714e+00
405,8.11000000e+00,6,-2.81603551e-01,2.37040892e+00
406,8.13000000e+00,6,-2.81603551e-01,2.37222542e+00
407,8.15000000e+00,6,-2.81603551e-01,2.37404660e+00
408,8.17000000e+00,6,-2.81603551e-01,2.37587241e+00
409,8.19000000e+00,6,-2.81603551e-01,2.37770280e+00
410,8.21000000e+00,6,-2.81603551e-01,2.37953773e+00
411,8.23000000e+00,6,-2.81603551e-01,2.38137714e+00
412,8.25000000e+00,6,-2.81603551e-01,2.38322096e+00
413,8.27000000e+00,6,-2.81603551e-01,2.38506914e+00
414,8.29000000e+00,6,-2.81603551e-01,2.38692161e+00
415,8.31000000e+00,6,-2.81603551e-01,2.38877831e+00
416,8.33000000e+00,6,-2.81603551e-01,2.39063916e+00
417,8.35000000e+00,6,-2.81603551e-01,2.39250411e+00
418,8.37000000e+00,6,-2.81603551e-01,2.39437308e+00
419,8.39000000e+00,6,-2.81603551e-01,2.39624600e+00
420,8.41000000e+00,6,-2.81603551e-01,2.39812282e+00
421,8.43000000e+00,6,-2.81603551e-01,2.40000348e+00
422,8.45000000e+00,6,-2.81603551e-01,2.40188792e+00
423,8.47000000e+00,6,-2.81603551e-01,2.40377612e+00
424,8.49000000e+00,6,-2.81603551e-01,2.40566804e+00
425,8.51000000e+00,6,-2.81603551e-01,2.40756370e+00
426,8.53000000e+00,6,-2.81603551e-01,2.40946311e+00
427,8.55000000e+00,6,-2.81603551e-01,2.41136635e+00
428,8.57000000e+00,6,-2.81603551e-01,2.41327351e+00
429,8.59000000e+00,6,-2.81603551e-01,2.41518476e+00
430,8.61000000e+00,6,-2.81603551e-01,2.41710032e+00
431,8.63000000e+00,6,-2.81603551e-01,2.41902051e+00
432,8.65000000e+00,6,-2.81603551e-01,2.42094574e+00
433,8.67000000e+00,6,-2.81603551e-01,2.42287654e+00
434,8.69000000e+00,6,-2.81603551e-01,2.42481361e+00
435,8.71000000e+00,6,-2.81603551e-01,2.42675782e+00
436,8.73000000e+00,6,-2.81603551e-01,2.42871028e+00
437,8.75000000e+00,6,-2.81603551e-01,2.43067233e+00
438,8.77000000e+00,6,-2.81603551e-01,2.43264567e+00
439,8.79000000e+00,6,-2.81603551e-01,2.43463237e+00
440,8.81000000e+00,6,-2.81603551e-01,2.43663495e+00
441,8.83000000e+00,6,-2.81603551e-01,2.43865650e+00
442,8.85000000e+00,6,-2.81603551e-01,2.44070073e+00
443,8.87000000e+00,6,-2.81603551e-01,2.44277216e+00
444,8.89000000e+00,6,-2.81603551e-01,2.44487619e+00
445,8.91000000e+00,6,-2.81603551e-01,2.44701934e+00
446,8.93000000e+00,6,-2.81603551e-01,2.44920937e+00
447,8.95000000e+00,6,-2.81603551e-01,2.45145557e+00
448,8.97000000e+00,6,-2.81603551e-01,2.45376900e+00
449,8.99000000e+00,6,-2.81603551e-01,2.45616278e+00
450,9.01000000e+00,6,-2.81603551e-01,2.45865246e+00
451,9.03000000e+00,6,-2.81603551e-01,2.46125642e+00
452,9.05000000e+00,6,-2.81603551e-01,2.46399633e+00
453,9.07000000e+00,6,-2.81603551e-01,2.46689767e+00
454,9.09000000e+00,6,-2.81603551e-01,2.46999032e+00
455,9.11000000e+00,6,-2.81603551e-01,2.47330926e+00
456,9.13000000e+00,6,-2.81603551e-01,2.47689527e+00
457,9.15000000e+00,6,-2.81603551e-01,2.48079576e+00
458,9.17000000e+00,6,-2.81603551e-01,2.48506568e+00
459,9.19000000e+00,6,-2.81603551e-01,2.48976846e+00
460,9.21000000e+00,6,-2.81603551e-01,2.49497701e+00
461,9.23000000e+00,6,-2.81603551e-01,2.50077473e+00
462,9.25000000e+00,6,-2.81603551e-01,2.50725652e+00
463,9.27000000e+00,6,-2.81603551e-01,2.51452966e+00
464,9.29000000e+00,6,-2.81603551e-01,2.52271450e+00
465,9.31000000e+00,6,-2.81603551e-01,2.53194484e+00
466,9.33000000e+00,6,-2.81603551e-01,2.54236784e+00
467,9.35000000e+00,6,-2.81603551e-01,2.55414302e+00
468,9.37000000e+00,6,-2.81603551e-01,2.56744029e+00
469,9.39000000e+00,6,-2.81603551e-01,2.58243627e+00
470,9.41000000e+00,6,-2.81603551e-01,2.59930837e+00
471,9.43000000e+00,6,-2.81603551e-01,2.61822582e+00
472,9.45000000e+00,6,-2.81603551e-01,2.63933639e+00
473,9.47000000e+00,6,-2.81603551e-01,2.66274733e+00
474,9.49000000e+00,6,-2.81603551e-01,2.68849862e+00
475,9.51000000e+00,6,-2.81603551e-01,2.71652571e+00
476,9.53000000e+00,6,-2.81603551e-01,2.74660843e+00
477,9.55000000e+00,6,-2.81603551e-01,2.77830143e+00
478,9.57000000e+00,6,-2.81603551e-01,2.81084013e+00
479,9.59000000e+00,6,-2.81603551e-01,2.84301441e+00
480,9.61000000e+00,6,-2.81603551e-01,2.87299954e+00
481,9.63000000e+00,6,-2.81603551e-01,2.89813097e+00
482,9.65000000e+00,6,-2.81603551e-01,2.91460514e+00
483,9.67000000e+00,6,-2.81603551e-01,2.91708290e+00
484,9.69000000e+00,6,-2.81603551e-01,2.89816481e+00
485,9.71000000e+00,6,-2.81603551e-01,2.84769782e+00
486,9.73000000e+00,6,-2.81603551e-01,2.75185985e+00
487,9.75000000e+00,6,-2.81603551e-01,2.59195120e+00
488,9.77000000e+00,6,-2.81603551e-01,2.34279880e+00
489,9.79000000e+00,6,-2.81603551e-01,1.97064771e+00
490,9.81000000e+00,6,-2.81603551e-01,1.43037200e+00
491,9.83000000e+00,6,-2.81603551e-01,6.61779823e-01
492,9.85000000e+00,6,-2.81603551e-01,-4.15289943e-01
493,9.87000000e+00,6,-2.81603551e-01,-1.90748437e+00
494,9.89000000e+00,6,-2.81603551e-01,-3.95659719e+00
495,9.91000000e+00,6,-2.81603551e-01,-6.75101859e+00
496,9.93000000e+00,6,-2.81603551e-01,-1.05405479e+01
497,9.95000000e+00,6,-2.81603551e-01,-1.56541594e+01
498,9.97000000e+00,6,-2.81603551e-01,-2.25155459e+01
499,9.99000000e+00,6,-2.81603551e-01,-3.16316240e+01
0,1.00000000e-02,7,-9.50125098e-02,2.01571844e+00
1,3.00000000e-02,7,-9.50125098e-02,2.01572759e+00
2,5.00000000e-02,7,-9.50125098e-02,2.01574248e+00
3,7.00000000e-02,7,-9.50125098e-02,2.01576152e+00
4,9.00000000e-02,7,-9.50125098e-02,2.01578457e+00
5,1.10000000e-01,7,-9.50125098e-02,2.01581165e+00
6,1.30000000e-01,7,-9.50125098e-02,2.01584276e+00
7,1.50000000e-01,7,-9.50125098e-02,2.01587794e+00
8,1.70000000e-01,7,-9.50125098e-02,2.01591718e+00
9,1.90000000e-01,7,-9.50125098e-02,2.01596048e+00
10,2.10000000e-01,7,-9.50125098e-02,2.01600786e+00
11,2.30000000e-01,7,-9.50125098e-02,2.01605930e+00
12,2.50000000e-01,7,-9.50125098e-02,2.01611481e+00
13,2.70000000e-01,7,-9.50125098e-02,2.01617438e+00
14,2.90000000e-01,7,-9.50125098e-02,2.01623800e+00
15,3.10000000e-01,7,-9.50125098e-02,2.01630569e+00
16,3.30000000e-01,7,-9.50125098e-02,2.01637743e+00
17,3.50000000e-01,7,-9.50125098e-02,2.01645323e+00
18,3.70000000e-01,7,-9.50125098e-02,2.01653308e+00
19,3.90000000e-01,7,-9.50125098e-02,2.01661698e+00
20,4.10000000e-01,7,-9.50125098e-02,2.01670493e+00
21,4.30000000e-01,7,-9.50125098e-02,2.01679692e+00
22,4.50000000e-01,7,-9.50125098e-02,2.01689296e+00
23,4.70000000e-01,7,-9.50125098e-02,2.01699305e+00
24,4.90000000e-01,7,-9.50125098e-02,2.01709719e+00
25,5.10000000e-01,7,-9.50125098e-02,2.01720537e+00
26,5.30000000e-01,7,-9.50125098e-02,2.01731760e+00
27,5.50000000e-01,7,-9.50125098e-02,2.01743387e+00
28,5.70000000e-01,7,-9.50125098e-02,2.01755418e+00
29,5.90000000e-01,7,-9.50125098e-02,2.01767854e+00
30,6.10000000e-01,7,-9.50125098e-02,2.01780695e+00
31,6.30000000e-01,7,-9.50125098e-02,2.01793940e+00
32,6.50000000e-01,7,-9.50125098e-02,2.01807589e+00
33,6.70000000e-01,7,-9.50125098e-02,2.01821643e+00
34,6.90000000e-01,7,-9.50125098e-02,2.01836101e+00
35,7.10000000e-01,7,-9.50125098e-02,2.01850964e+00
36,7.30000000e-01,7,-9.50125098e-02,2.01866232e+00
37,7.50000000e-01,7,-9.50125098e-02,2.01881904e+00
38,7.70000000e-01,7,-9.50125098e-02,2.01897980e+00
39,7.90000000e-01,7,-9.50125098e-02,2.01914462e+00
40,8.10000000e-01,7,-9.50125098e-02,2.01931348e+00
41,8.30000000e-01,7,-9.50125098e-02,2.01948639e+00
42,8.50000000e-01,7,-9.50125098e-02,2.01966334e+00
43,8.70000000e-01,7,-9.50125098e-02,2.01984435e+00
44,8.90000000e-01,7,-9.50125098e-02,2.02002940e+00
45,9.10000000e-01,7,-9.50125098e-02,2.02021850e+00
46,9.30000000e-01,7,-9.50125098e-02,2.02041165e+00
47,9.50000000e-01,7,-9.50125098e-02,2.02060886e+00
48,9.70000000e-01,7,-9.50125098e-02,2.02081011e+00
49,9.90000000e-01,7,-9.50125098e-02,2.02101542e+00
50,1.01000000e+00,7,-9.50125098e-02,2.02122477e+00
51,1.03000000e+00,7,-9.50125098e-02,2.02143819e+00
52,1.05000000e+00,7,-9.50125098e-02,2.02165565e+00
53,1.07000000e+00,7,-9.50125098e-02,2.02187717e+00
54,1.09000000e+00,7,-9.50125098e-02,2.02210274e+00
55,1.11000000e+00,7,-9.50125098e-02,2.02233238e+00
56,1.13000000e+00,7,-9.50125098e-02,2.02256606e+00
57,1.15000000e+00,7,-9.50125098e-02,2.02280381e+00
58,1.17000000e+00,7,-9.50125098e-02,2.02304561e+00
59,1.19000000e+00,7,-9.50125098e-02,2.02329147e+00
60,1.21000000e+00,7,-9.50125098e-02,2.02354139e+00
61,1.23000000e+00,7,-9.50125098e-02,2.02379537e+00
62,1.25000000e+00,7,-9.50125098e-02,2.02405342e+00
63,1.27000000e+00,7,-9.50125098e-02,2.02431552e+00
64,1.29000000e+00,7,-9.50125098e-02,2.02458169e+00
65,1.31000000e+00,7,-9.50125098e-02,2.02485192e+00
66,1.33000000e+00,7,-9.50125098e-02,2.02512622e+00
67,1.35000000e+00,7,-9.50125098e-02,2.02540459e+00
68,1.37000000e+00,7,-9.50125098e-02,2.02568702e+00
69,1.39000000e+00,7,-9.50125098e-02,2.02597351e+00
70,1.41000000e+00,7,-9.50125098e-02,2.02626408e+00
71,1.43000000e+00,7,-9.50125098e-02,2.02655872e+00
72,1.45000000e+00,7,-9.50125098e-02,2.02685743e+00
73,1.47000000e+00,7,-9.50125098e-02,2.02716021e+00
74,1.49000000e+00,7,-9.50125098e-02,2.02746706e+00
75,1.51000000e+00,7,-9.50125098e-02,2.02777799e+00
76,1.53000000e+00,7,-9.50125098e-02,2.02809299e+00
77,1.55000000e+00,7,-9.50125098e-02,2.02841207e+00
78,1.57000000e+00,7,-9.50125098e-02,2.02873523e+00
79,1.59000000e+00,7,-9.50125098e-02,2.02906246e+00
80,1.61000000e+00,7,-9.50125098e-02,2.02939378e+00
81,1.63000000e+00,7,-9.50125098e-02,2.02972917e+00
82,1.65000000e+00,7,-9.50125098e-02,2.03006865e+00
83,1.67000000e+00,7,-9.50125098e-02,2.03041221e+00
84,1.69000000e+00,7,-9.50125098e-02,2.03075986e+00
85,1.71000000e+00,7,-9.50125098e-02,2.03111159e+00
86,1.73000000e+00,7,-9.50125098e-02,2.03146740e+00
87,1.75000000e+00,7,-9.50125098e-02,2.03182731e+00
88,1.77000000e+00,7,-9.50125098e-02,2.03219130e+00
89,1.79000000e+00,7,-9.50125098e-02,2.03255939e+00
90,1.81000000e+00,7,-9.50125098e-02,2.03293157e+00
91,1.83000000e+00,7,-9.50125098e-02,2.03330784e+00
92,1.85000000e+00,7,-9.50125098e-02,2.03368821e+00
93,1.87000000e+00,7,-9.50125098e-02,2.03407267e+00
94,1.89000000e+00,7,-9.50125098e-02,2.03446123e+00
95,1.91000000e+00,7,-9.50125098e-02,2.03485389e+00
96,1.93000000e+00,7,-9.50125098e-02,2.03525064e+00
97,1.95000000e+00,7,-9.50125098e-02,2.03565150e+00
98,1.97000000e+00,7,-9.50125098e-02,2.03605647e+00
99,1.99000000e+00,7,-9.50125098e-02,2.03646553e+00
100,2.01000000e+00,7,-9.50125098e-02,2.03687871e+00
101,2.03000000e+00,7,-9.50125098e-02,2.03729599e+00
102,2.05000000e+00,7,-9.50125098e-02,2.03771738e+00
103,2.07000000e+00,7,-9.50125098e-02,2.03814288e+00
104,2.09000000e+00,7,-9.50125098e-02,2.03857249e+00
105,2.11000000e+00,7,-9.50125098e-02,2.03900622e+00
106,2.13000000e+00,7,-9.50125098e-02,2.03944406e+00
107,2.15000000e+00,7,-9.50125098e-02,2.03988601e+00
108,2.17000000e+00,7,-9.50125098e-02,2.04033209e+00
109,2.19000000e+00,7,-9.50125098e-02,2.04078228e+00
110,2.21000000e+00,7,-9.50125098e-02,2.04123660e+00
111,2.23000000e+00,7,-9.50125098e-02,2.04169504e+00
112,2.25000000e+00,7,-9.50125098e-02,2.04215761e+00
113,2.27000000e+00,7,-9.50125098e-02,2.04262430e+00
114,2.29000000e+00,7,-9.50125098e-02,2.04309511e+00
115,2.31000000e+00,7,-9.50125098e-02,2.04357006e+00
116,2.33000000e+00,7,-9.50125098e-02,2.04404914e+00
117,2.35000000e+00,7,-9.50125098e-02,2.04453235e+00
118,2.37000000e+00,7,-9.50125098e-02,2.04501970e+00
119,2.39000000e+00,7,-9.50125098e-02,2.04551119e+00
120,2.41000000e+00,7,-9.50125098e-02,2.04600681e+00
121,2.43000000e+00,7,-9.50125098e-02,2.04650657e+00
122,2.45000000e+00,7,-9.50125098e-02,2.04701047e+00
123,2.47000000e+00,7,-9.50125098e-02,2.04751852e+00
124,2.49000000e+00,7,-9.50125098e-02,2.04803072e+00
125,2.51000000e+00,7,-9.50125098e-02,2.04854706e+00
126,2.53000000e+00,7,-9.50125098e-02,2.04906755e+00
127,2.55000000e+00,7,-9.50125098e-02,2.04959219e+00
128,2.57000000e+00,7,-9.50125098e-02,2.05012098e+00
129,2.59000000e+00,7,-9.50125098e-02,2.05065393e+00
130,2.61000000e+00,7,-9.50125098e-02,2.05119104e+00
131,2.63000000e+00,7,-9.50125098e-02,2.05173230e+00
132,2.65000000e+00,7,-9.50125098e-02,2.05227773e+00
133,2.67000000e+00,7,-9.50125098e-02,2.05282732e+00
134,2.69000000e+00,7,-9.50125098e-02,2.05338107e+00
135,2.71000000e+00,7,-9.50125098e-02,2.05393899e+00
136,2.73000000e+00,7,-9.50125098e-02,2.05450108e+00
137,2.75000000e+00,7,-9.50125098e-02,2.05506734e+00
138,2.77000000e+00,7,-9.50125098e-02,2.05563777e+00
139,2.79000000e+00,7,-9.50125098e-02,2.05621238e+00
140,2.81000000e+00,7,-9.50125098e-02,2.05679116e+00
141,2.83000000e+00,7,-9.50125098e-02,2.05737412e+00
142,2.85000000e+00,7,-9.50125098e-02,2.05796126e+00
143,2.87000000e+00,7,-9.50125098e-02,2.05855259e+00
144,2.89000000e+00,7,-9.50125098e-02,2.05914810e+00
145,2.91000000e+00,7,-9.50125098e-02,2.05974780e+00
146,2.93000000e+00,7,-9.50125098e-02,2.06035169e+00
147,2.95000000e+00,7,-9.50125098e-02,2.06095977e+00
148,2.97000000e+00,7,-9.50125098e-02,2.06157204e+00
149,2.99000000e+00,7,-9.50125098e-02,2.06218851e+00
150,3.01000000e+00,7,-9.50125098e-02,2.06280918e+00
151,3.03000000e+00,7,-9.50125098e-02,2.06343405e+00
152,3.05000000e+00,7,-9.50125098e-02,2.06406312e+00
153,3.07000000e+00,7,-9.50125098e-02,2.06469640e+00
154,3.09000000e+00,7,-9.50125098e-02,2.06533388e+00
155,3.11000000e+00,7,-9.50125098e-02,2.06597558e+00
156,3.13000000e+00,7,-9.50125098e-02,2.06662148e+00
157,3.15000000e+00,7,-9.50125098e-02,2.06727160e+00
158,3.17000000e+00,7,-9.50125098e-02,2.06792594e+00
159,3.19000000e+00,7,-9.50125098e-02,2.06858450e+00
160,3.21000000e+00,7,-9.50125098e-02,2.06924727e+00
161,3.23000000e+00,7,-9.50125098e-02,2.06991427e+00
162,3.25000000e+00,7,-9.50125098e-02,2.07058550e+00
163,3.27000000e+00,7,-9.50125098e-02,2.07126096e+00
164,3.29000000e+00,7,-9.50125098e-02,2.07194065e+00
165,3.31000000e+00,7,-9.50125098e-02,2.07262457e+00
166,3.33000000e+00,7,-9.50125098e-02,2.07331272e+00
167,3.35000000e+00,7,-9.50125098e-02,2.07400512e+00
168,3.37000000e+00,7,-9.50125098e-02,2.07470175e+00
169,3.39000000e+00,7,-9.50125098e-02,2.07540263e+00
170,3.41000000e+00,7,-9.50125098e-02,2.07610776e+00
171,3.43000000e+00,7,-9.50125098e-02,2.07681713e+00
172,3.45000000e+00,7,-9.50125098e-02,2.07753076e+00
173,3.47000000e+00,7,-9.50125098e-02,2.07824864e+00
174,3.49000000e+00,7,-9.50125098e-02,2.07897077e+00
175,3.51000000e+00,7,-9.50125098e-02,2.07969716e+00
176,3.53000000e+00,7,-9.50125098e-02,2.08042782e+00
177,3.55000000e+00,7,-9.50125098e-02,2.08116274e+00
178,3.57000000e+00,7,-9.50125098e-02,2.08190193e+00
179,3.59000000e+00,7,-9.50125098e-02,2.08264538e+00
180,3.61000000e+00,7,-9.50125098e-02,2.08339311e+00
181,3.63000000e+00,7,-9.50125098e-02,2.08414511e+00
182,3.65000000e+00,7,-9.50125098e-02,2.08490139e+00
183,3.67000000e+00,7,-9.50125098e-02,2.08566195e+00
184,3.69000000e+00,7,-9.50125098e-02,2.08642680e+00
185,3.71000000e+00,7,-9.50125098e-02,2.08719592e+00
186,3.73000000e+00,7,-9.50125098e-02,2.08796934e+00
187,3.75000000e+00,7,-9.50125098e-02,2.08874705e+00
188,3.77000000e+00,7,-9.50125098e-02,2.08952905e+00
189,3.79000000e+00,7,-9.50125098e-02,2.09031535e+00
190,3.81000000e+00,7,-9.50125098e-02,2.09110595e+00
191,3.83000000e+00,7,-9.50125098e-02,2.09190086e+00
192,3.85000000e+00,7,-9.50125098e-02,2.09270007e+00
193,3.87000000e+00,7,-9.50125098e-02,2.09350358e+00
194,3.89000000e+00,7,-9.50125098e-02,2.09431141e+00
195,3.91000000e+00,7,-9.50125098e-02,2.09512355e+00
196,3.93000000e+00,7,-9.50125098e-02,2.09594001e+00
197,3.95000000e+00,7,-9.50125098e-02,2.09676079e+00
198,3.97000000e+00,7,-9.50125098e-02,2.09758589e+00
199,3.99000000e+00,7,-9.50125098e-02,2.09841532e+00
200,4.01000000e+00,7,-9.50125098e-02,2.09924908e+00
201,4.03000000e+00,7,-9.50125098e-02,2.10008717e+00
202,4.05000000e+00,7,-9.50125098e-02,2.10092960e+00
203,4.07000000e+00,7,-9.50125098e-02,2.10177636e+00
204,4.09000000e+00,7,-9.50125098e-02,2.10262746e+00
205,4.11000000e+00,7,-9.50125098e-02,2.10348291e+00
206,4.13000000e+00,7,-9.50125098e-02,2.10434271e+00
207,4.15000000e+00,7,-9.50125098e-02,2.10520686e+00
208,4.17000000e+00,7,-9.50125098e-02,2.10607536e+00
209,4.19000000e+00,7,-9.50125098e-02,2.10694821e+00
210,4.21000000e+00,7,-9.50125098e-02,2.10782543e+00
211,4.23000000e+00,7,-9.50125098e-02,2.10870701e+00
212,4.25000000e+00,7,-9.50125098e-02,2.10959296e+00
213,4.27000000e+00,7,-9.50125098e-02,2.11048327e+00
214,4.29000000e+00,7,-9.50125098e-02,2.11137796e+00
215,4.31000000e+00,7,-9.50125098e-02,2.11227703e+00
216,4.33000000e+00,7,-9.50125098e-02,2.11318047e+00
217,4.35000000e+00,7,-9.50125098e-02,2.11408830e+00
218,4.37000000e+00,7,-9.50125098e-02,2.11500051e+00
219,4.39000000e+00,7,-9.50125098e-02,2.11591711e+00
220,4.41000000e+00,7,-9.50125098e-02,2.11683810e+00
221,4.43000000e+00,7,-9.50125098e-02,2.11776349e+00
222,4.45000000e+00,7,-9.50125098e-02,2.11869328e+00
223,4.47000000e+00,7,-9.50125098e-02,2.11962747e+00
224,4.49000000e+00,7,-9.50125098e-02,2.12056607e+00
225,4.51000000e+00,7,-9.50125098e-02,2.12150907e+00
226,4.53000000e+00,7,-9.50125098e-02,2.12245649e+00
227,4.55000000e+00,7,-9.50125098e-02,2.12340832e+00
228,4.57000000e+00,7,-9.50125098e-02,2.12436458e+00
229,4.59000000e+00,7,-9.50125098e-02,2.12532525e+00
230,4.61000000e+00,7,-9.50125098e-02,2.12629036e+00
231,4.63000000e+00,7,-9.50125098e-02,2.12725989e+00
232,4.65000000e+00,7,-9.50125098e-02,2.12823386e+00
233,4.67000000e+00,7,-9.50125098e-02,2.12921226e+00
234,4.69000000e+00,7,-9.50125098e-02,2.13019510e+00
235,4.71000000e+00,7,-9.50125098e-02,2.13118239e+00
236,4.73000000e+00,7,-9.50125098e-02,2.13217413e+00
237,4.75000000e+00,7,-9.50125098e-02,2.13317031e+00
238,4.77000000e+00,7,-9.50125098e-02,2.13417096e+00
239,4.79000000e+00,7,-9.50125098e-02,2.13517606e+00
240,4.81000000e+00,7,-9.50125098e-02,2.13618562e+00
241,4.83000000e+00,7,-9.50125098e-02,2.13719964e+00
242,4.85000000e+00,7,-9.50125098e-02,2.13821814e+00
243,4.87000000e+00,7,-9.50125098e-02,2.13924111e+00
244,4.89000000e+00,7,-9.50125098e-02,2.14026856e+00
245,4.91000000e+00,7,-9.50125098e-02,2.14130049e+00
246,4.93000000e+00,7,-9.50125098e-02,2.14233690e+00
247,4.95000000e+00,7,-9.50125098e-02,2.14337780e+00
248,4.97000000e+00,7,-9.50125098e-02,2.14442319e+00
249,4.99000000e+00,7,-9.50125098e-02,2.14547308e+00
250,5.01000000e+00,7,-9.50125098e-02,2.14652746e+00
251,5.03000000e+00,7,-9.50125098e-02,2.14758635e+00
252,5.05000000e+00,7,-9.50125098e-02,2.14864975e+00
253,5.07000000e+00,7,-9.50125098e-02,2.14971766e+00
254,5.09000000e+00,7,-9.50125098e-02,2.15079008e+00
255,5.11000000e+00,7,-9.50125098e-02,2.15186702e+00
256,5.13000000e+00,7,-9.50125098e-02,2.15294849e+00
257,5.15000000e+00,7,-9.50125098e-02,2.15403448e+00
258,5.17000000e+00,7,-9.50125098e-02,2.15512500e+00
259,5.19000000e+00,7,-9.50125098e-02,2.15622005e+00
260,5.21000000e+00,7,-9.50125098e-02,2.15731964e+00
261,5.23000000e+00,7,-9.50125098e-02,2.15842378e+00
262,5.25000000e+00,7,-9.50125098e-02,2.15953246e+00
263,5.27000000e+00,7,-9.50125098e-02,2.16064569e+00
264,5.29000000e+00,7,-9.50125098e-02,2.16176348e+00
265,5.31000000e+00,7,-9.50125098e-02,2.16288583e+00
266,5.33000000e+00,7,-9.50125098e-02,2.16401273e+00
267,5.35000000e+00,7,-9.50125098e-02,2.16514421e+00
268,5.37000000e+00,7,-9.50125098e-02,2.16628025e+00
269,5.39000000e+00,7,-9.50125098e-02,2.16742087e+00
270,5.41000000e+00,7,-9.50125098e-02,2.16856607e+00
271,5.43000000e+00,7,-9.50125098e-02,2.16971585e+00
272,5.45000000e+00,7,-9.50125098e-02,2.17087022e+00
273,5.47000000e+00,7,-9.50125098e-02,2.17202918e+00
274,5.49000000e+00,7,-9.50125098e-02,2.17319274e+00
275,5.51000000e+00,7,-9.50125098e-02,2.17436089e+00
276,5.53000000e+00,7,-9.50125098e-02,2.17553366e+00
277,5.55000000e+00,7,-9.50125098e-02,2.17671102e+00
278,5.57000000e+00,7,-9.50125098e-02,2.17789301e+00
279,5.59000000e+00,7,-9.50125098e-02,2.17907960e+00
280,5.61000000e+00,7,-9.50125098e-02,2.18027082e+00
281,5.63000000e+00,7,-9.50125098e-02,2.18146667e+00
282,5.65000000e+00,7,-9.50125098e-02,2.18266714e+00
283,5.67000000e+00,7,-9.50125098e-02,2.18387225e+00
284,5.69000000e+00,7,-9.50125098e-02,2.18508200e+00
285,5.71000000e+00,7,-9.50125098e-02,2.18629639e+00
286,5.73000000e+00,7,-9.50125098e-02,2.18751543e+00
287,5.75000000e+00,7,-9.50125098e-02,2.18873912e+00
288,5.77000000e+00,7,-9.50125098e-02,2.18996747e+00
289,5.79000000e+00,7,-9.50125098e-02,2.19120048e+00
290,5.81000000e+00,7,-9.50125098e-02,2.19243815e+00
291,5.83000000e+00,7,-9.50125098e-02,2.19368049e+00
292,5.85000000e+00,7,-9.50125098e-02,2.19492751e+00
293,5.87000000e+00,7,-9.50125098e-02,2.19617921e+00
294,5.89000000e+00,7,-9.50125098e-02,2.19743559e+00
295,5.91000000e+00,7,-9.50125098e-02,2.19869665e+00
296,5.93000000e+00,7,-9.50125098e-02,2.19996241e+00
297,5.95000000e+00,7,-9.50125098e-02,2.20123287e+00
298,5.97000000e+00,7,-9.50125098e-02,2.20250803e+00
299,5.99000000e+00,7,-9.50125098e-02,2.20378789e+00
300,6.01000000e+00,7,-9.50125098e-02,2.20507247e+00
301,6.03000000e+00,7,-9.50125098e-02,2.20636176e+00
302,6.05000000e+00,7,-9.50125098e-02,2.20765577e+00
303,6.07000000e+00,7,-9.50125098e-02,2.20895451e+00
304,6.09000000e+00,7,-9.50125098e-02,2.21025798e+00
305,6.11000000e+00,7,-9.50125098e-02,2.21156618e+00
306,6.13000000e+00,7,-9.50125098e-02,2.21287912e+00
307,6.15000000e+00,7,-9.50125098e-02,2.21419681e+00
308,6.17000000e+00,7,-9.50125098e-02,2.21551924e+00
309,6.19000000e+00,7,-9.50125098e-02,2.21684643e+00
310,6.21000000e+00,7,-9.50125098e-02,2.21817837e+00
311,6.23000000e+00,7,-9.50125098e-02,2.21951508e+00
312,6.25000000e+00,7,-9.50125098e-02,2.22085656e+00
313,6.27000000e+00,7,-9.50125098e-02,2.22220281e+00
314,6.29000000e+00,7,-9.50125098e-02,2.22355384e+00
315,6.31000000e+00,7,-9.50125098e-02,2.22490965e+00
316,6.33000000e+00,7,-9.50125098e-02,2.22627025e+00
317,6.35000000e+00,7,-9.50125098e-02,2.22763564e+00
318,6.37000000e+00,7,-9.50125098e-02,2.22900583e+00
319,6.39000000e+00,7,-9.50125098e-02,2.23038082e+00
320,6.41000000e+00,7,-9.50125098e-02,2.23176062e+00
321,6.43000000e+00,7,-9.50125098e-02,2.23314523e+00
322,6.45000000e+00,7,-9.50125098e-02,2.23453466e+00
323,6.47000000e+00,7,-9.50125098e-02,2.23592892e+00
324,6.49000000e+00,7,-9.50125098e-02,2.23732800e+00
325,6.51000000e+00,7,-9.50125098e-02,2.23873191e+00
326,6.53000000e+00,7,-9.50125098e-02,2.24014066e+00
327,6.55000000e+00,7,-9.50125098e-02,2.24155426e+00
328,6.57000000e+00,7,-9.50125098e-02,2.24297270e+00
329,6.59000000e+00,7,-9.50125098e-02,2.24439600e+00
330,6.61000000e+00,7,-9.50125098e-02,2.24582415e+00
331,6.63000000e+00,7,-9.50125098e-02,2.24725717e+00
332,6.65000000e+00,7,-9.50125098e-02,2.24869505e+00
333,6.67000000e+00,7,-9.50125098e-02,2.25013781e+00
334,6.69000000e+00,7,-9.50125098e-02,2.25158545e+00
335,6.71000000e+00,7,-9.50125098e-02,2.25303798e+00
336,6.73000000e+00,7,-9.50125098e-02,2.25449539e+00
337,6.75000000e+00,7,-9.50125098e-02,2.25595770e+00
338,6.77000000e+00,7,-9.50125098e-02,2.25742491e+00
339,6.79000000e+00,7,-9.50125098e-02,2.25889702e+00
340,6.81000000e+00,7,-9.50125098e-02,2.26037405e+00
341,6.83000000e+00,7,-9.50125098e-02,2.26185599e+00
342,6.85000000e+00,7,-9.50125098e-02,2.26334285e+00
343,6.87000000e+00,7,-9.50125098e-02,2.26483464e+00
344,6.89000000e+00,7,-9.50125098e-02,2.26633136e+00
345,6.91000000e+00,7,-9.50125098e-02,2.26783302e+00
346,6.93000000e+00,7,-9.50125098e-02,2.26933962e+00
347,6.95000000e+00,7,-9.50125098e-02,2.27085116e+00
348,6.97000000e+00,7,-9.50125098e-02,2.27236766e+00
349,6.99000000e+00,7,-9.50125098e-02,2.27388912e+00
350,7.01000000e+00,7,-9.50125098e-02,2.27541555e+00
351,7.03000000e+00,7,-9.50125098e-02,2.27694694e+00
352,7.05000000e+00,7,-9.50125098e-02,2.27848330e+00
353,7.07000000e+00,7,-9.50125098e-02,2.28002465e+00
354,7.09000000e+00,7,-9.50125098e-02,2.28157098e+00
355,7.11000000e+00,7,-9.50125098e-02,2.28312230e+00
356,7.13000000e+00,7,-9.50125098e-02,2.28467862e+00
357,7.15000000e+00,7,-9.50125098e-02,2.28623994e+00
358,7.17000000e+00,7,-9.50125098e-02,2.28780626e+00
359,7.19000000e+00,7,-9.50125098e-02,2.28937759e+00
360,7.21000000e+00,7,-9.50125098e-02,2.29095394e+00
361,7.23000000e+00,7,-9.50125098e-02,2.29253531e+00
362,7.25000000e+00,7,-9.50125098e-02,2.29412171e+00
363,7.27000000e+00,7,-9.50125098e-02,2.29571314e+00
364,7.29000000e+00,7,-9.50125098e-02,2.29730960e+00
365,7.31000000e+00,7,-9.50125098e-02,2.29891110e+00
366,7.33000000e+00,7,-9.50125098e-02,2.30051765e+00
367,7.35000000e+00,7,-9.50125098e-02,2.30212925e+00
368,7.37000000e+00,7,-9.50125098e-02,2.30374591e+00
369,7.39000000e+00,7,-9.50125098e-02,2.30536762e+00
370,7.41000000e+00,7,-9.50125098e-02,2.30699440e+00
371,7.43000000e+00,7,-9.50125098e-02,2.30862624e+00
372,7.45000000e+00,7,-9.50125098e-02,2.31026316e+00
373,7.47000000e+00,7,-9.50125098e-02,2.31190515e+00
374,7.49000000e+00,7,-9.50125098e-02,2.31355222e+00
375,7.51000000e+00,7,-9.50125098e-02,2.31520437e+00
376,7.53000000e+00,7,-9.50125098e-02,2.31686161e+00
377,7.55000000e+00,7,-9.50125098e-02,2.31852393e+00
378,7.57000000e+00,7,-9.50125098e-02,2.32019135e+00
379,7.59000000e+00,7,-9.50125098e-02,2.32186386e+00
380,7.61000000e+00,7,-9.50125098e-02,2.32354146e+00
381,7.63000000e+00,7,-9.50125098e-02,2.32522416e+00
382,7.65000000e+00,7,-9.50125098e-02,2.32691195e+00
383,7.67000000e+00,7,-9.50125098e-02,2.32860484e+00
384,7.69000000e+00,7,-9.50125098e-02,2.33030283e+00
385,7.71000000e+00,7,-9.50125098e-02,2.33200592e+00
386,7.73000000e+00,7,-9.50125098e-02,2.33371409e+00
387,7.75000000e+00,7,-9.50125098e-02,2.33542736e+00
388,7.77000000e+00,7,-9.50125098e-02,2.33714572e+00
389,7.79000000e+00,7,-9.50125098e-02,2.33886916e+00
390,7.81000000e+00,7,-9.50125098e-02,2.34059768e+00
391,7.83000000e+00,7,-9.50125098e-02,2.34233127e+00
392,7.85000000e+00,7,-9.50125098e-02,2.34406992e+00
393,7.87000000e+00,7,-9.50125098e-02,2.34581363e+00
394,7.89000000e+00,7,-9.50125098e-02,2.34756238e+00
395,7.91000000e+00,7,-9.50125098e-02,2.34931616e+00
396,7.93000000e+00,7,-9.50125098e-02,2.35107495e+00
397,7.95000000e+00,7,-9.50125098e-02,2.35283874e+00
398,7.97000000e+00,7,-9.50125098e-02,2.35460751e+00
399,7.99000000e+00,7,-9.50125098e-02,2.35638123e+00
400,8.01000000e+00,7,-9.50125098e-02,2.35815987e+00
401,8.03000000e+00,7,-9.50125098e-02,2.35994342e+00
402,8.05000000e+00,7,-9.50125098e-02,2.36173182e+00
403,8.07000000e+00,7,-9.50125098e-02,2.36352505e+00
404,8.09000000e+00,7,-9.50125098e-02,2.36532306e+00
405,8.11000000e+00,7,-9.50125098e-02,2.36712580e+00
406,8.13000000e+00,7,-9.50125098e-02,2.36893321e+00
407,8.15000000e+00,7,-9.50125098e-02,2.37074523e+00
408,8.17000000e+00,7,-9.50125098e-02,2.37256180e+00
409,8.19000000e+00,7,-9.50125098e-02,2.37438282e+00
410,8.21000000e+00,7,-9.50125098e-02,2.37620821e+00
411,8.23000000e+00,7,-9.50125098e-02,2.37803787e+00
412,8.25000000e+00,7,-9.50125098e-02,2.37987167e+00
413,8.27000000e+00,7,-9.50125098e-02,2.38170950e+00
414,8.29000000e+00,7,-9.50125098e-02,2.38355120e+00
415,8.31000000e+00,7,-9.50125098e-02,2.38539661e+00
416,8.33000000e+00,7,-9.50125098e-02,2.38724554e+00
417,8.35000000e+00,7,-9.50125098e-02,2.38909777e+00
418,8.37000000e+00,7,-9.50125098e-02,2.39095308e+00
419,8.39000000e+00,7,-9.50125098e-02,2.39281119e+00
420,8.41000000e+00,7,-9.50125098e-02,2.39467180e+00
421,8.43000000e+00,7,-9.50125098e-02,2.39653456e+00
422,8.45000000e+00,7,-9.50125098e-02,2.39839908e+00
423,8.47000000e+00,7,-9.50125098e-02,2.40026493e+00
424,8.49000000e+00,7,-9.50125098e-02,2.40213159e+00
425,8.51000000e+00,7,-9.50125098e-02,2.40399851e+00
426,8.53000000e+00,7,-9.50125098e-02,2.40586503e+00
427,8.55000000e+00,7,-9.50125098e-02,2.40773044e+00
428,8.57000000e+00,7,-9.50125098e-02,2.40959390e+00
429,8.59000000e+00,7,-9.50125098e-02,2.41145446e+00
430,8.61000000e+00,7,-9.50125098e-02,2.41331105e+00
431,8.63000000e+00,7,-9.50125098e-02,2.41516246e+00
432,8.65000000e+00,7,-9.50125098e-02,2.41700729e+00
433,8.67000000e+00,7,-9.50125098e-02,2.41884396e+00
434,8.69000000e+00,7,-9.50125098e-02,2.42067067e+00
435,8.71000000e+00,7,-9.50125098e-02,2.42248536e+00
436,8.73000000e+00,7,-9.50125098e-02,2.42428567e+00
437,8.75000000e+00,7,-9.50125098e-02,2.42606894e+00
438,8.77000000e+00,7,-9.50125098e-02,2.42783208e+00
439,8.79000000e+00,7,-9.50125098e-02,2.42957161e+00
440,8.81000000e+00,7,-9.50125098e-02,2.43128352e+00
441,8.83000000e+00,7,-9.50125098e-02,2.43296323e+00
442,8.85000000e+00,7,-9.50125098e-02,2.43460550e+00
443,8.87000000e+00,7,-9.50125098e-02,2.43620433e+00
444,8.89000000e+00,7,-9.50125098e-02,2.43775285e+00
445,8.91000000e+00,7,-9.50125098e-02,2.43924318e+00
446,8.93000000e+00,7,-9.50125098e-02,2.44066630e+00
447,8.95000000e+00,7,-9.50125098e-02,2.44201186e+00
448,8.97000000e+00,7,-9.50125098e-02,2.44326799e+00
449,8.99000000e+00,7,-9.50125098e-02,2.44442106e+00
450,9.01000000e+00,7,-9.50125098e-02,2.44545546e+00
451,9.03000000e+00,7,-9.50125098e-02,2.44635322e+00
452,9.05000000e+00,7,-9.50125098e-02,2.44709375e+00
453,9.07000000e+00,7,-9.50125098e-02,2.44765335e+00
454,9.09000000e+00,7,-9.50125098e-02,2.44800484e+00
455,9.11000000e+00,7,-9.50125098e-02,2.44811694e+00
456,9.13000000e+00,7,-9.50125098e-02,2.44795371e+00
457,9.15000000e+00,7,-9.50125098e-02,2.44747382e+00
458,9.17000000e+00,7,-9.50125098e-02,2.44662972e+00
459,9.19000000e+00,7,-9.50125098e-02,2.44536674e+00
460,9.21000000e+00,7,-9.50125098e-02,2.44362196e+00
461,9.23000000e+00,7,-9.50125098e-02,2.44132299e+00
462,9.25000000e+00,7,-9.50125098e-02,2.43838650e+00
463,9.27000000e+00,7,-9.50125098e-02,2.43471663e+00
464,9.29000000e+00,7,-9.50125098e-02,2.43020305e+00
465,9.31000000e+00,7,-9.50125098e-02,2.42471882e+00
466,9.33000000e+00,7,-9.50125098e-02,2.41811795e+00
467,9.35000000e+00,7,-9.50125098e-02,2.41023263e+00
468,9.37000000e+00,7,-9.50125098e-02,2.40087011e+00
469,9.39000000e+00,7,-9.50125098e-02,2.38980929e+00
470,9.41000000e+00,7,-9.50125098e-02,2.37679697e+00
471,9.43000000e+00,7,-9.50125098e-02,2.36154390e+00
472,9.45000000e+00,7,-9.50125098e-02,2.34372073e+00
473,9.47000000e+00,7,-9.50125098e-02,2.32295421e+00
474,9.49000000e+00,7,-9.50125098e-02,2.29882406e+00
475,9.51000000e+00,7,-9.50125098e-02,2.27086124e+00
476,9.53000000e+00,7,-9.50125098e-02,2.23854896e+00
477,9.55000000e+00,7,-9.50125098e-02,2.20132823e+00
478,9.57000000e+00,7,-9.50125098e-02,2.15861103e+00
479,9.59000000e+00,7,-9.50125098e-02,2.10980554e+00
480,9.61000000e+00,7,-9.50125098e-02,2.05436054e+00
481,9.63000000e+00,7,-9.50125098e-02,1.99183957e+00
482,9.65000000e+00,7,-9.50125098e-02,1.92204080e+00
483,9.67000000e+00,7,-9.50125098e-02,1.84518694e+00
484,9.69000000e+00,7,-9.50125098e-02,1.76222161e+00
485,9.71000000e+00,7,-9.50125098e-02,1.67526689e+00
486,9.73000000e+00,7,-9.50125098e-02,1.58832420e+00
487,9.75000000e+00,7,-9.50125098e-02,1.50834143e+00
488,9.77000000e+00,7,-9.50125098e-02,1.44683047e+00
489,9.79000000e+00,7,-9.50125098e-02,1.42231000e+00
490,9.81000000e+00,7,-9.50125098e-02,1.46398491e+00
491,9.83000000e+00,7,-9.50125098e-02,1.61727673e+00
492,9.85000000e+00,7,-9.50125098e-02,1.95212487e+00
493,9.87000000e+00,7,-9.50125098e-02,2.57544231e+00
494,9.89000000e+00,7,-9.50125098e-02,3.64983340e+00
495,9.91000000e+00,7,-9.50125098e-02,5.42188873e+00
496,9.93000000e+00,7,-9.50125098e-02,8.26566305e+00
497,9.95000000e+00,7,-9.50125098e-02,1.27522450e+01
498,9.97000000e+00,7,-9.50125098e-02,1.97714673e+01
499,9.99000000e+00,7,-9.50125098e-02,3.07820733e+01
0,1.00000000e-02,8,9.50125098e-02,2.01571328e+00
1,3.00000000e-02,8,9.50125098e-02,2.01571564e+00
2,5.00000000e-02,8,9.50125098e-02,2.01572301e+00
3,7.00000000e-02,8,9.50125098e-02,2.01573444e+00
4,9.00000000e-02,8,9.50125098e-02,2.01574984e+00
5,1.10000000e-01,8,9.50125098e-02,2.01576927e+00
6,1.30000000e-01,8,9.50125098e-02,2.01579274e+00
7,1.50000000e-01,8,9.50125098e-02,2.01582027e+00
8,1.70000000e-01,8,9.50125098e-02,2.01585186e+00
9,1.90000000e-01,8,9.50125098e-02,2.01588753e+00
10,2.10000000e-01,8,9.50125098e-02,2.01592726e+00
11,2.30000000e-01,8,9.50125098e-02,2.01597106e+00
12,2.50000000e-01,8,9.50125098e-02,2.01601892e+00
13,2.70000000e-01,8,9.50125098e-02,2.01607085e+00
14,2.90000000e-01,8,9.50125098e-02,2.01612683e+00
15,3.10000000e-01,8,9.50125098e-02,2.01618688e+00
16,3.30000000e-01,8,9.50125098e-02,2.01625097e+00
17,3.50000000e-01,8,9.50125098e-02,2.01631912e+00
18,3.70000000e-01,8,9.50125098e-02,2.01639133e+00
19,3.90000000e-01,8,9.50125098e-02,2.01646758e+00
20,4.10000000e-01,8,9.50125098e-02,2.01654788e+00
21,4.30000000e-01,8,9.50125098e-02,2.01663223e+00
22,4.50000000e-01,8,9.50125098e-02,2.01672062e+00
23,4.70000000e-01,8,9.50125098e-02,2.01681307e+00
24,4.90000000e-01,8,9.50125098e-02,2.01690955e+00
25,5.10000000e-01,8,9.50125098e-02,2.01701008e+00
26,5.30000000e-01,8,9.50125098e-02,2.01711466e+00
27,5.50000000e-01,8,9.50125098e-02,2.01722328e+00
28,5.70000000e-01,8,9.50125098e-02,2.01733595e+00
29,5.90000000e-01,8,9.50125098e-02,2.01745265e+00
30,6.10000000e-01,8,9.50125098e-02,2.01757341e+00
31,6.30000000e-01,8,9.50125098e-02,2.01769820e+00
32,6.50000000e-01,8,9.50125098e-02,2.01782704e+00
33,6.70000000e-01,8,9.50125098e-02,2.01795993e+00
34,6.90000000e-01,8,9.50125098e-02,2.01809686e+00
35,7.10000000e-01,8,9.50125098e-02,2.01823783e+00
36,7.30000000e-01,8,9.50125098e-02,2.01838285e+00
37,7.50000000e-01,8,9.50125098e-02,2.01853191e+00
38,7.70000000e-01,8,9.50125098e-02,2.01868502e+00
39,7.90000000e-01,8,9.50125098e-02,2.01884217e+00
40,8.10000000e-01,8,9.50125098e-02,2.01900337e+00
41,8.30000000e-01,8,9.50125098e-02,2.01916862e+00
42,8.50000000e-01,8,9.50125098e-02,2.01933791e+00
43,8.70000000e-01,8,9.50125098e-02,2.01951125e+00
44,8.90000000e-01,8,9.50125098e-02,2.01968864e+00
45,9.10000000e-01,8,9.50125098e-02,2.01987008e+00
46,9.30000000e-01,8,9.50125098e-02,2.02005556e+00
47,9.50000000e-01,8,9.50125098e-02,2.02024510e+00
48,9.70000000e-01,8,9.50125098e-02,2.02043868e+00
49,9.90000000e-01,8,9.50125098e-02,2.02063632e+00
50,1.01000000e+00,8,9.50125098e-02,2.02083800e+00
51,1.03000000e+00,8,9.50125098e-02,2.02104374e+00
52,1.05000000e+00,8,9.50125098e-02,2.02125353e+00
53,1.07000000e+00,8,9.50125098e-02,2.02146737e+00
54,1.09000000e+00,8,9.50125098e-02,2.02168527e+00
55,1.11000000e+00,8,9.50125098e-02,2.02190722e+00
56,1.13000000e+00,8,9.50125098e-02,2.02213323e+00
57,1.15000000e+00,8,9.50125098e-02,2.02236329e+00
58,1.17000000e+00,8,9.50125098e-02,2.02259740e+00
59,1.19000000e+00,8,9.50125098e-02,2.02283558e+00
60,1.21000000e+00,8,9.50125098e-02,2.02307781e+00
61,1.23000000e+00,8,9.50125098e-02,2.02332411e+00
62,1.25000000e+00,8,9.50125098e-02,2.02357446e+00
63,1.27000000e+00,8,9.50125098e-02,2.02382887e+00
64,1.29000000e+00,8,9.50125098e-02,2.02408734e+00
65,1.31000000e+00,8,9.50125098e-02,2.02434988e+00
66,1.33000000e+00,8,9.50125098e-02,2.02461648e+00
67,1.35000000e+00,8,9.50125098e-02,2.02488714e+00
68,1.37000000e+00,8,9.50125098e-02,2.02516187e+00
69,1.39000000e+00,8,9.50125098e-02,2.02544066e+00
70,1.41000000e+00,8,9.50125098e-02,2.02572353e+00
71,1.43000000e+00,8,9.50125098e-02,2.02601046e+00
72,1.45000000e+00,8,9.50125098e-02,2.02630145e+00
73,1.47000000e+00,8,9.50125098e-02,2.02659652e+00
74,1.49000000e+00,8,9.50125098e-02,2.02689566e+00
75,1.51000000e+00,8,9.50125098e-02,2.02719887e+00
76,1.53000000e+00,8,9.50125098e-02,2.02750616e+00
77,1.55000000e+00,8,9.50125098e-02,2.02781751e+00
78,1.57000000e+00,8,9.50125098e-02,2.02813295e+00
79,1.59000000e+00,8,9.50125098e-02,2.02845246e+00
80,1.61000000e+00,8,9.50125098e-02,2.02877604e+00
81,1.63000000e+00,8,9.50125098e-02,2.02910371e+00
82,1.65000000e+00,8,9.50125098e-02,2.02943545e+00
83,1.67000000e+00,8,9.50125098e-02,2.02977128e+00
84,1.69000000e+00,8,9.50125098e-02,2.03011119e+00
85,1.71000000e+00,8,9.50125098e-02,2.03045518e+00
86,1.73000000e+00,8,9.50125098e-02,2.03080326e+00
87,1.75000000e+00,8,9.50125098e-02,2.03115542e+00
88,1.77000000e+00,8,9.50125098e-02,2.03151167e+00
89,1.79000000e+00,8,9.50125098e-02,2.03187200e+00
90,1.81000000e+00,8,9.50125098e-02,2.03223643e+00
91,1.83000000e+00,8,9.50125098e-02,2.03260495e+00
92,1.85000000e+00,8,9.50125098e-02,2.03297756e+00
93,1.87000000e+00,8,9.50125098e-02,2.03335426e+00
94,1.89000000e+00,8,9.50125098e-02,2.03373506e+00
95,1.91000000e+00,8,9.50125098e-02,2.03411995e+00
96,1.93000000e+00,8,9.50125098e-02,2.03450894e+00
97,1.95000000e+00,8,9.50125098e-02,2.03490203e+00
98,1.97000000e+00,8,9.50125098e-02,2.03529922e+00
99,1.99000000e+00,8,9.50125098e-02,2.03570052e+00
100,2.01000000e+00,8,9.50125098e-02,2.03610591e+00
101,2.03000000e+00,8,9.50125098e-02,2.03651541e+00
102,2.05000000e+00,8,9.50125098e-02,2.03692902e+00
103,2.07000000e+00,8,9.50125098e-02,2.03734673e+00
104,2.09000000e+00,8,9.50125098e-02,2.03776855e+00
105,2.11000000e+00,8,9.50125098e-02,2.03819449e+00
106,2.13000000e+00,8,9.50125098e-02,2.03862453e+00
107,2.15000000e+00,8,9.50125098e-02,2.03905869e+00
108,2.17000000e+00,8,9.50125098e-02,2.03949696e+00
109,2.19000000e+00,8,9.50125098e-02,2.03993936e+00
110,2.21000000e+00,8,9.50125098e-02,2.04038586e+00
111,2.23000000e+00,8,9.50125098e-02,2.04083649e+00
112,2.25000000e+00,8,9.50125098e-02,2.04129124e+00
113,2.27000000e+00,8,9.50125098e-02,2.04175012e+00
114,2.29000000e+00,8,9.50125098e-02,2.04221312e+00
115,2.31000000e+00,8,9.50125098e-02,2.04268024e+00
116,2.33000000e+00,8,9.50125098e-02,2.04315149e+00
117,2.35000000e+00,8,9.50125098e-02,2.04362688e+00
118,2.37000000e+00,8,9.50125098e-02,2.04410639e+00
119,2.39000000e+00,8,9.50125098e-02,2.04459004e+00
120,2.41000000e+00,8,9.50125098e-02,2.04507782e+00
121,2.43000000e+00,8,9.50125098e-02,2.04556974e+00
122,2.45000000e+00,8,9.50125098e-02,2.04606580e+00
123,2.47000000e+00,8,9.50125098e-02,2.04656599e+00
124,2.49000000e+00,8,9.50125098e-02,2.04707033e+00
125,2.51000000e+00,8,9.50125098e-02,2.04757882e+00
126,2.53000000e+00,8,9.50125098e-02,2.04809145e+00
127,2.55000000e+00,8,9.50125098e-02,2.04860822e+00
128,2.57000000e+00,8,9.50125098e-02,2.04912915e+00
129,2.59000000e+00,8,9.50125098e-02,2.04965423e+00
130,2.61000000e+00,8,9.50125098e-02,2.05018346e+00
131,2.63000000e+00,8,9.50125098e-02,2.05071685e+00
132,2.65000000e+00,8,9.50125098e-02,2.05125439e+00
133,2.67000000e+00,8,9.50125098e-02,2.05179609e+00
134,2.69000000e+00,8,9.50125098e-02,2.05234195e+00
135,2.71000000e+00,8,9.50125098e-02,2.05289198e+00
136,2.73000000e+00,8,9.50125098e-02,2.05344617e+00
137,2.75000000e+00,8,9.50125098e-02,2.05400453e+00
138,2.77000000e+00,8,9.50125098e-02,2.05456705e+00
139,2.79000000e+00,8,9.50125098e-02,2.05513375e+00
140,2.81000000e+00,8,9.50125098e-02,2.05570462e+00
141,2.83000000e+00,8,9.50125098e-02,2.05627966e+00
142,2.85000000e+00,8,9.50125098e-02,2.05685888e+00
143,2.87000000e+00,8,9.50125098e-02,2.05744229e+00
144,2.89000000e+00,8,9.50125098e-02,2.05802987e+00
145,2.91000000e+00,8,9.50125098e-02,2.05862163e+00
146,2.93000000e+00,8,9.50125098e-02,2.05921758e+00
147,2.95000000e+00,8,9.50125098e-02,2.05981772e+00
148,2.97000000e+00,8,9.50125098e-02,2.06042205e+00
149,2.99000000e+00,8,9.50125098e-02,2.06103057e+00
150,3.01000000e+00,8,9.50125098e-02,2.06164328e+00
151,3.03000000e+00,8,9.50125098e-02,2.06226019e+00
152,3.05000000e+00,8,9.50125098e-02,2.06288130e+00
153,3.07000000e+00,8,9.50125098e-02,2.06350661e+00
154,3.09000000e+00,8,9.50125098e-02,2.06413612e+00
155,3.11000000e+00,8,9.50125098e-02,2.06476984e+00
156,3.13000000e+00,8,9.50125098e-02,2.06540776e+00
157,3.15000000e+00,8,9.50125098e-02,2.06604990e+00
158,3.17000000e+00,8,9.50125098e-02,2.06669625e+00
159,3.19000000e+00,8,9.50125098e-02,2.06734681e+00
160,3.21000000e+00,8,9.50125098e-02,2.06800159e+00
161,3.23000000e+00,8,9.50125098e-02,2.06866058e+00
162,3.25000000e+00,8,9.50125098e-02,2.06932380e+00
163,3.27000000e+00,8,9.50125098e-02,2.06999125e+00
164,3.29000000e+00,8,9.50125098e-02,2.07066292e+00
165,3.31000000e+00,8,9.50125098e-02,2.07133881e+00
166,3.33000000e+00,8,9.50125098e-02,2.07201894e+00
167,3.35000000e+00,8,9.50125098e-02,2.07270331e+00
168,3.37000000e+00,8,9.50125098e-02,2.07339191e+00
169,3.39000000e+00,8,9.50125098e-02,2.07408474e+00
170,3.41000000e+00,8,9.50125098e-02,2.07478182e+00
171,3.43000000e+00,8,9.50125098e-02,2.07548315e+00
172,3.45000000e+00,8,9.50125098e-02,2.07618872e+00
173,3.47000000e+00,8,9.50125098e-02,2.07689853e+00
174,3.49000000e+00,8,9.50125098e-02,2.07761260e+00
175,3.51000000e+00,8,9.50125098e-02,2.07833093e+00
176,3.53000000e+00,8,9.50125098e-02,2.07905350e+00
177,3.55000000e+00,8,9.50125098e-02,2.07978034e+00
178,3.57000000e+00,8,9.50125098e-02,2.08051144e+00
179,3.59000000e+00,8,9.50125098e-02,2.08124681e+00
180,3.61000000e+00,8,9.50125098e-02,2.08198644e+00
181,3.63000000e+00,8,9.50125098e-02,2.08273034e+00
182,3.65000000e+00,8,9.50125098e-02,2.08347851e+00
183,3.67000000e+00,8,9.50125098e-02,2.08423096e+00
184,3.69000000e+00,8,9.50125098e-02,2.08498769e+00
185,3.71000000e+00,8,9.50125098e-02,2.08574869e+00
186,3.73000000e+00,8,9.50125098e-02,2.08651398e+00
187,3.75000000e+00,8,9.50125098e-02,2.08728356e+00
188,3.77000000e+00,8,9.50125098e-02,2.08805742e+00
189,3.79000000e+00,8,9.50125098e-02,2.08883558e+00
190,3.81000000e+00,8,9.50125098e-02,2.08961803e+00
191,3.83000000e+00,8,9.50125098e-02,2.09040478e+00
192,3.85000000e+00,8,9.50125098e-02,2.09119583e+00
193,3.87000000e+00,8,9.50125098e-02,2.09199118e+00
194,3.89000000e+00,8,9.50125098e-02,2.09279083e+00
195,3.91000000e+00,8,9.50125098e-02,2.09359480e+00
196,3.93000000e+00,8,9.50125098e-02,2.09440308e+00
197,3.95000000e+00,8,9.50125098e-02,2.09521567e+00
198,3.97000000e+00,8,9.50125098e-02,2.09603257e+00
199,3.99000000e+00,8,9.50125098e-02,2.09685380e+00
200,4.01000000e+00,8,9.50125098e-02,2.09767936e+00
201,4.03000000e+00,8,9.50125098e-02,2.09850923e+00
202,4.05000000e+00,8,9.50125098e-02,2.09934344e+00
203,4.07000000e+00,8,9.50125098e-02,2.10018198e+00
204,4.09000000e+00,8,9.50125098e-02,2.10102486e+00
205,4.11000000e+00,8,9.50125098e-02,2.10187207e+00
206,4.13000000e+00,8,9.50125098e-02,2.10272363e+00
207,4.15000000e+00,8,9.50125098e-02,2.10357953e+00
208,4.17000000e+00,8,9.50125098e-02,2.10443977e+00
209,4.19000000e+00,8,9.50125098e-02,2.10530437e+00
210,4.21000000e+00,8,9.50125098e-02,2.10617333e+00
211,4.23000000e+00,8,9.50125098e-02,2.10704663e+00
212,4.25000000e+00,8,9.50125098e-02,2.10792430e+00
213,4.27000000e+00,8,9.50125098e-02,2.10880634e+00
214,4.29000000e+00,8,9.50125098e-02,2.10969274e+00
215,4.31000000e+00,8,9.50125098e-02,2.11058350e+00
216,4.33000000e+00,8,9.50125098e-02,2.11147865e+00
217,4.35000000e+00,8,9.50125098e-02,2.11237816e+00
218,4.37000000e+00,8,9.50125098e-02,2.11328206e+00
219,4.39000000e+00,8,9.50125098e-02,2.11419034e+00
220,4.41000000e+00,8,9.50125098e-02,2.11510301e+00
221,4.43000000e+00,8,9.50125098e-02,2.11602006e+00
222,4.45000000e+00,8,9.50125098e-02,2.11694151e+00
223,4.47000000e+00,8,9.50125098e-02,2.11786736e+00
224,4.49000000e+00,8,9.50125098e-02,2.11879760e+00
225,4.51000000e+00,8,9.50125098e-02,2.11973225e+00
226,4.53000000e+00,8,9.50125098e-02,2.12067130e+00
227,4.55000000e+00,8,9.50125098e-02,2.12161476e+00
228,4.57000000e+00,8,9.50125098e-02,2.12256264e+00
229,4.59000000e+00,8,9.50125098e-02,2.12351493e+00
230,4.61000000e+00,8,9.50125098e-02,2.12447164e+00
231,4.63000000e+00,8,9.50125098e-02,2.12543277e+00
232,4.65000000e+00,8,9.50125098e-02,2.12639833e+00
233,4.67000000e+00,8,9.50125098e-02,2.12736832e+00
234,4.69000000e+00,8,9.50125098e-02,2.12834275e+00
235,4.71000000e+00,8,9.50125098e-02,2.12932161e+00
236,4.73000000e+00,8,9.50125098e-02,2.13030491e+00
237,4.75000000e+00,8,9.50125098e-02,2.13129266e+00
238,4.77000000e+00,8,9.50125098e-02,2.13228485e+00
239,4.79000000e+00,8,9.50125098e-02,2.13328150e+00
240,4.81000000e+00,8,9.50125098e-02,2.13428260e+00
241,4.83000000e+00,8,9.50125098e-02,2.13528816e+00
242,4.85000000e+00,8,9.50125098e-02,2.13629818e+00
243,4.87000000e+00,8,9.50125098e-02,2.13731267e+00
244,4.89000000e+00,8,9.50125098e-02,2.13833163e+00
245,4.91000000e+00,8,9.50125098e-02,2.13935506e+00
246,4.93000000e+00,8,9.50125098e-02,2.14038297e+00
247,4.95000000e+00,8,9.50125098e-02,2.14141536e+00
248,4.97000000e+00,8,9.50125098e-02,2.14245223e+00
249,4.99000000e+00,8,9.50125098e-02,2.14349360e+00
250,5.01000000e+00,8,9.50125098e-02,2.14453945e+00
251,5.03000000e+00,8,9.50125098e-02,2.14558980e+00
252,5.05000000e+00,8,9.50125098e-02,2.14664465e+00
253,5.07000000e+00,8,9.50125098e-02,2.14770400e+00
254,5.09000000e+00,8,9.50125098e-02,2.14876787e+00
255,5.11000000e+00,8,9.50125098e-02,2.14983624e+00
256,5.13000000e+00,8,9.50125098e-02,2.15090913e+00
257,5.15000000e+00,8,9.50125098e-02,2.15198653e+00
258,5.17000000e+00,8,9.50125098e-02,2.15306846e+00
259,5.19000000e+00,8,9.50125098e-02,2.15415492e+00
260,5.21000000e+00,8,9.50125098e-02,2.15524590e+00
261,5.23000000e+00,8,9.50125098e-02,2.15634143e+00
262,5.25000000e+00,8,9.50125098e-02,2.15744149e+00
263,5.27000000e+00,8,9.50125098e-02,2.15854609e+00
264,5.29000000e+00,8,9.50125098e-02,2.15965524e+00
265,5.31000000e+00,8,9.50125098e-02,2.16076894e+00
266,5.33000000e+00,8,9.50125098e-02,2.16188719e+00
267,5.35000000e+00,8,9.50125098e-02,2.16301001e+00
268,5.37000000e+00,8,9.50125098e-02,2.16413738e+00
269,5.39000000e+00,8,9.50125098e-02,2.16526933e+00
270,5.41000000e+00,8,9.50125098e-02,2.16640584e+00
271,5.43000000e+00,8,9.50125098e-02,2.16754693e+00
272,5.45000000e+00,8,9.50125098e-02,2.16869260e+00
273,5.47000000e+00,8,9.50125098e-02,2.16984285e+00
274,5.49000000e+00,8,9.50125098e-02,2.17099769e+00
275,5.51000000e+00,8,9.50125098e-02,2.17215713e+00
276,5.53000000e+00,8,9.50125098e-02,2.17332115e+00
277,5.55000000e+00,8,9.50125098e-02,2.17448978e+00
278,5.57000000e+00,8,9.50125098e-02,2.17566301e+00
279,5.59000000e+00,8,9.50125098e-02,2.17684086e+00
280,5.61000000e+00,8,9.50125098e-02,2.17802331e+00
281,5.63000000e+00,8,9.50125098e-02,2.17921038e+00
282,5.65000000e+00,8,9.50125098e-02,2.18040208e+00
283,5.67000000e+00,8,9.50125098e-02,2.18159840e+00
284,5.69000000e+00,8,9.50125098e-02,2.18279935e+00
285,5.71000000e+00,8,9.50125098e-02,2.18400493e+00
286,5.73000000e+00,8,9.50125098e-02,2.18521516e+00
287,5.75000000e+00,8,9.50125098e-02,2.18643002e+00
288,5.77000000e+00,8,9.50125098e-02,2.18764954e+00
289,5.79000000e+00,8,9.50125098e-02,2.18887371e+00
290,5.81000000e+00,8,9.50125098e-02,2.19010253e+00
291,5.83000000e+00,8,9.50125098e-02,2.19133602e+00
292,5.85000000e+00,8,9.50125098e-02,2.19257417e+00
293,5.87000000e+00,8,9.50125098e-02,2.19381699e+00
294,5.89000000e+00,8,9.50125098e-02,2.19506448e+00
295,5.91000000e+00,8,9.50125098e-02,2.19631666e+00
296,5.93000000e+00,8,9.50125098e-02,2.19757352e+00
297,5.95000000e+00,8,9.50125098e-02,2.19883507e+00
298,5.97000000e+00,8,9.50125098e-02,2.20010131e+00
299,5.99000000e+00,8,9.50125098e-02,2.20137224e+00
300,6.01000000e+00,8,9.50125098e-02,2.20264788e+00
301,6.03000000e+00,8,9.50125098e-02,2.20392823e+00
302,6.05000000e+00,8,9.50125098e-02,2.20521329e+00
303,6.07000000e+00,8,9.50125098e-02,2.20650306e+00
304,6.09000000e+00,8,9.50125098e-02,2.20779756e+00
305,6.11000000e+00,8,9.50125098e-02,2.20909678e+00
306,6.13000000e+00,8,9.50125098e-02,2.21040073e+00
307,6.15000000e+00,8,9.50125098e-02,2.21170942e+00
308,6.17000000e+00,8,9.50125098e-02,2.21302284e+00
309,6.19000000e+00,8,9.50125098e-02,2.21434101e+00
310,6.21000000e+00,8,9.50125098e-02,2.21566393e+00
311,6.23000000e+00,8,9.50125098e-02,2.21699160e+00
312,6.25000000e+00,8,9.50125098e-02,2.21832404e+00
313,6.27000000e+00,8,9.50125098e-02,2.21966123e+00
314,6.29000000e+00,8,9.50125098e-02,2.22100320e+00
315,6.31000000e+00,8,9.50125098e-02,2.22234994e+00
316,6.33000000e+00,8,9.50125098e-02,2.22370145e+00
317,6.35000000e+00,8,9.50125098e-02,2.22505775e+00
318,6.37000000e+00,8,9.50125098e-02,2.22641884e+00
319,6.39000000e+00,8,9.50125098e-02,2.22778472e+00
320,6.41000000e+00,8,9.50125098e-02,2.22915540e+00
321,6.43000000e+00,8,9.50125098e-02,2.23053088e+00
322,6.45000000e+00,8,9.50125098e-02,2.23191117e+00
323,6.47000000e+00,8,9.50125098e-02,2.23329628e+00
324,6.49000000e+00,8,9.50125098e-02,2.23468620e+00
325,6.51000000e+00,8,9.50125098e-02,2.23608094e+00
326,6.53000000e+00,8,9.50125098e-02,2.23748052e+00
327,6.55000000e+00,8,9.50125098e-02,2.23888492e+00
328,6.57000000e+00,8,9.50125098e-02,2.24029417e+00
329,6.59000000e+00,8,9.50125098e-02,2.24170826e+00
330,6.61000000e+00,8,9.50125098e-02,2.24312719e+00
331,6.63000000e+00,8,9.50125098e-02,2.24455099e+00
332,6.65000000e+00,8,9.50125098e-02,2.24597964e+00
333,6.67000000e+00,8,9.50125098e-02,2.24741315e+00
334,6.69000000e+00,8,9.50125098e-02,2.24885153e+00
335,6.71000000e+00,8,9.50125098e-02,2.25029479e+00
336,6.73000000e+00,8,9.50125098e-02,2.25174293e+00
337,6.75000000e+00,8,9.50125098e-02,2.25319595e+00
338,6.77000000e+00,8,9.50125098e-02,2.25465386e+00
339,6.79000000e+00,8,9.50125098e-02,2.25611667e+00
340,6.81000000e+00,8,9.50125098e-02,2.25758438e+00
341,6.83000000e+00,8,9.50125098e-02,2.25905699e+00
342,6.85000000e+00,8,9.50125098e-02,2.26053452e+00
343,6.87000000e+00,8,9.50125098e-02,2.26201696e+00
344,6.89000000e+00,8,9.50125098e-02,2.26350432e+00
345,6.91000000e+00,8,9.50125098e-02,2.26499661e+00
346,6.93000000e+00,8,9.50125098e-02,2.26649384e+00
347,6.95000000e+00,8,9.50125098e-02,2.26799600e+00
348,6.97000000e+00,8,9.50125098e-02,2.26950310e+00
349,6.99000000e+00,8,9.50125098e-02,2.27101515e+00
350,7.01000000e+00,8,9.50125098e-02,2.27253216e+00
351,7.03000000e+00,8,9.50125098e-02,2.27405412e+00
352,7.05000000e+00,8,9.50125098e-02,2.27558105e+00
353,7.07000000e+00,8,9.50125098e-02,2.27711295e+00
354,7.09000000e+00,8,9.50125098e-02,2.27864982e+00
355,7.11000000e+00,8,9.50125098e-02,2.28019167e+00
356,7.13000000e+00,8,9.50125098e-02,2.28173851e+00
357,7.15000000e+00,8,9.50125098e-02,2.28329034e+00
358,7.17000000e+00,8,9.50125098e-02,2.28484716e+00
359,7.19000000e+00,8,9.50125098e-02,2.28640899e+00
360,7.21000000e+00,8,9.50125098e-02,2.28797582e+00
361,7.23000000e+00,8,9.50125098e-02,2.28954766e+00
362,7.25000000e+00,8,9.50125098e-02,2.29112452e+00
363,7.27000000e+00,8,9.50125098e-02,2.29270640e+00
364,7.29000000e+00,8,9.50125098e-02,2.29429331e+00
365,7.31000000e+00,8,9.50125098e-02,2.29588525e+00
366,7.33000000e+00,8,9.50125098e-02,2.29748223e+00
367,7.35000000e+00,8,9.50125098e-02,2.29908424e+00
368,7.37000000e+00,8,9.50125098e-02,2.30069131e+00
369,7.39000000e+00,8,9.50125098e-02,2.30230342e+00
370,7.41000000e+00,8,9.50125098e-02,2.30392059e+00
371,7.43000000e+00,8,9.50125098e-02,2.30554281e+00
372,7.45000000e+00,8,9.50125098e-02,2.30717011e+00
373,7.47000000e+00,8,9.50125098e-02,2.30880246e+00
374,7.49000000e+00,8,9.50125098e-02,2.31043990e+00
375,7.51000000e+00,8,9.50125098e-02,2.31208240e+00
376,7.53000000e+00,8,9.50125098e-02,2.31372999e+00
377,7.55000000e+00,8,9.50125098e-02,2.31538266e+00
378,7.57000000e+00,8,9.50125098e-02,2.31704041e+00
379,7.59000000e+00,8,9.50125098e-02,2.31870325e+00
380,7.61000000e+00,8,9.50125098e-02,2.32037119e+00
381,7.63000000e+00,8,9.50125098e-02,2.32204421e+00
382,7.65000000e+00,8,9.50125098e-02,2.32372234e+00
383,7.67000000e+00,8,9.50125098e-02,2.32540556e+00
384,7.69000000e+00,8,9.50125098e-02,2.32709387e+00
385,7.71000000e+00,8,9.50125098e-02,2.32878729e+00
386,7.73000000e+00,8,9.50125098e-02,2.33048581e+00
387,7.75000000e+00,8,9.50125098e-02,2.33218942e+00
388,7.77000000e+00,8,9.50125098e-02,2.33389813e+00
389,7.79000000e+00,8,9.50125098e-02,2.33561193e+00
390,7.81000000e+00,8,9.50125098e-02,2.33733083e+00
391,7.83000000e+00,8,9.50125098e-02,2.33905481e+00
392,7.85000000e+00,8,9.50125098e-02,2.34078388e+00
393,7.87000000e+00,8,9.50125098e-02,2.34251803e+00
394,7.89000000e+00,8,9.50125098e-02,2.34425726e+00
395,7.91000000e+00,8,9.50125098e-02,2.34600154e+00
396,7.93000000e+00,8,9.50125098e-02,2.34775088e+00
397,7.95000000e+00,8,9.50125098e-02,2.34950527e+00
398,7.97000000e+00,8,9.50125098e-02,2.35126469e+00
399,7.99000000e+00,8,9.50125098e-02,2.35302913e+00
400,8.01000000e+00,8,9.50125098e-02,2.35479858e+00
401,8.03000000e+00,8,9.50125098e-02,2.35657301e+00
402,8.05000000e+00,8,9.50125098e-02,2.35835241e+00
403,8.07000000e+00,8,9.50125098e-02,2.36013675e+00
404,8.09000000e+00,8,9.50125098e-02,2.36192601e+00
405,8.11000000e+00,8,9.50125098e-02,2.36372016e+00
406,8.13000000e+00,8,9.50125098e-02,2.36551917e+00
407,8.15000000e+00,8,9.50125098e-02,2.36732300e+00
408,8.17000000e+00,8,9.50125098e-02,2.36913162e+00
409,8.19000000e+00,8,9.50125098e-02,2.37094498e+00
410,8.21000000e+00,8,9.50125098e-02,2.37276305e+00
411,8.23000000e+00,8,9.50125098e-02,2.37458575e+00
412,8.25000000e+00,8,9.50125098e-02,2.37641305e+00
413,8.27000000e+00,8,9.50125098e-02,2.37824487e+00
414,8.29000000e+00,8,9.50125098e-02,2.38008116e+00
415,8.31000000e+00,8,9.50125098e-02,2.38192183e+00
416,8.33000000e+00,8,9.50125098e-02,2.38376680e+00
417,8.35000000e+00,8,9.50125098e-02,2.38561598e+00
418,8.37000000e+00,8,9.50125098e-02,2.38746929e+00
419,8.39000000e+00,8,9.50125098e-02,2.38932661e+00
420,8.41000000e+00,8,9.50125098e-02,2.39118783e+00
421,8.43000000e+00,8,9.50125098e-02,2.39305282e+00
422,8.45000000e+00,8,9.50125098e-02,2.39492147e+00
423,8.47000000e+00,8,9.50125098e-02,2.39679361e+00
424,8.49000000e+00,8,9.50125098e-02,2.39866911e+00
425,8.51000000e+00,8,9.50125098e-02,2.40054780e+00
426,8.53000000e+00,8,9.50125098e-02,2.40242949e+00
427,8.55000000e+00,8,9.50125098e-02,2.40431402e+00
428,8.57000000e+00,8,9.50125098e-02,2.40620117e+00
429,8.59000000e+00,8,9.50125098e-02,2.40809075e+00
430,8.61000000e+00,8,9.50125098e-02,2.40998254e+00
431,8.63000000e+00,8,9.50125098e-02,2.41187632e+00
432,8.65000000e+00,8,9.50125098e-02,2.41377185e+00
433,8.67000000e+00,8,9.50125098e-02,2.41566891e+00
434,8.69000000e+00,8,9.50125098e-02,2.41756725e+00
435,8.71000000e+00,8,9.50125098e-02,2.41946665e+00
436,8.73000000e+00,8,9.50125098e-02,2.42136689e+00
437,8.75000000e+00,8,9.50125098e-02,2.42326776e+00
438,8.77000000e+00,8,9.50125098e-02,2.42516907e+00
439,8.79000000e+00,8,9.50125098e-02,2.42707069e+00
440,8.81000000e+00,8,9.50125098e-02,2.42897251e+00
441,8.83000000e+00,8,9.50125098e-02,2.43087451e+00
442,8.85000000e+00,8,9.50125098e-02,2.43277674e+00
443,8.87000000e+00,8,9.50125098e-02,2.43467937e+00
444,8.89000000e+00,8,9.50125098e-02,2.43658272e+00
445,8.91000000e+00,8,9.50125098e-02,2.43848727e+00
446,8.93000000e+00,8,9.50125098e-02,2.44039376e+00
447,8.95000000e+00,8,9.50125098e-02,2.44230318e+00
448,8.97000000e+00,8,9.50125098e-02,2.44421690e+00
449,8.99000000e+00,8,9.50125098e-02,2.44613670e+00
450,9.01000000e+00,8,9.50125098e-02,2.44806490e+00
451,9.03000000e+00,8,9.50125098e-02,2.45000446e+00
452,9.05000000e+00,8,9.50125098e-02,2.45195912e+00
453,9.07000000e+00,8,9.50125098e-02,2.45393359e+00
454,9.09000000e+00,8,9.50125098e-02,2.45593369e+00
455,9.11000000e+00,8,9.50125098e-02,2.45796666e+00
456,9.13000000e+00,8,9.50125098e-02,2.46004136e+00
457,9.15000000e+00,8,9.50125098e-02,2.46216865e+00
458,9.17000000e+00,8,9.50125098e-02,2.46436175e+00
459,9.19000000e+00,8,9.50125098e-02,2.46663670e+00
460,9.21000000e+00,8,9.50125098e-02,2.46901285e+00
461,9.23000000e+00,8,9.50125098e-02,2.47151353e+00
462,9.25000000e+00,8,9.50125098e-02,2.47416668e+00
463,9.27000000e+00,8,9.50125098e-02,2.47700571e+00
464,9.29000000e+00,8,9.50125098e-02,2.48007043e+00
465,9.31000000e+00,8,9.50125098e-02,2.48340803e+00
466,9.33000000e+00,8,9.50125098e-02,2.48707434e+00
467,9.35000000e+00,8,9.50125098e-02,2.49113505e+00
468,9.37000000e+00,8,9.50125098e-02,2.49566713e+00
469,9.39000000e+00,8,9.50125098e-02,2.50076035e+00
470,9.41000000e+00,8,9.50125098e-02,2.50651873e+00
471,9.43000000e+00,8,9.50125098e-02,2.51306204e+00
472,9.45000000e+00,8,9.50125098e-02,2.52052700e+00
473,9.47000000e+00,8,9.50125098e-02,2.52906809e+00
474,9.49000000e+00,8,9.50125098e-02,2.53885766e+00
475,9.51000000e+00,8,9.50125098e-02,2.55008463e+00
476,9.53000000e+00,8,9.50125098e-02,2.56295133e+00
477,9.55000000e+00,8,9.50125098e-02,2.57766710e+00
478,9.57000000e+00,8,9.50125098e-02,2.59443723e+00
479,9.59000000e+00,8,9.50125098e-02,2.61344478e+00
480,9.61000000e+00,8,9.50125098e-02,2.63482174e+00
481,9.63000000e+00,8,9.50125098e-02,2.65860465e+00
482,9.65000000e+00,8,9.50125098e-02,2.68466701e+00
483,9.67000000e+00,8,9.50125098e-02,2.71261779e+00
484,9.69000000e+00,8,9.50125098e-02,2.74165003e+00
485,9.71000000e+00,8,9.50125098e-02,2.77031622e+00
486,9.73000000e+00,8,9.50125098e-02,2.79619617e+00
487,9.75000000e+00,8,9.50125098e-02,2.81540675e+00
488,9.77000000e+00,8,9.50125098e-02,2.82187892e+00
489,9.79000000e+00,8,9.50125098e-02,2.80629007e+00
490,9.81000000e+00,8,9.50125098e-02,2.75448039e+00
491,9.83000000e+00,8,9.50125098e-02,2.64507547e+00
492,9.85000000e+00,8,9.50125098e-02,2.44580980e+00
493,9.87000000e+00,8,9.50125098e-02,2.10743935e+00
494,9.89000000e+00,8,9.50125098e-02,1.55219944e+00
495,9.91000000e+00,8,9.50125098e-02,6.46940513e-01
496,9.93000000e+00,8,9.50125098e-02,-8.74225873e-01
497,9.95000000e+00,8,9.50125098e-02,-3.66860637e+00
498,9.97000000e+00,8,9.50125098e-02,-9.72026631e+00
499,9.99000000e+00,8,9.50125098e-02,-2.58396480e+01
0,1.00000000e-02,9,2.81603551e-01,2.01570802e+00
1,3.00000000e-02,9,2.81603551e-01,2.01570404e+00
2,5.00000000e-02,9,2.81603551e-01,2.01570314e+00
3,7.00000000e-02,9,2.81603551e-01,2.01570798e+00
4,9.00000000e-02,9,2.81603551e-01,2.01571464e+00
5,1.10000000e-01,9,2.81603551e-01,2.01572765e+00
6,1.30000000e-01,9,2.81603551e-01,2.01574233e+00
7,1.50000000e-01,9,2.81603551e-01,2.01576331e+00
8,1.70000000e-01,9,2.81603551e-01,2.01578634e+00
9,1.90000000e-01,9,2.81603551e-01,2.01581516e+00
10,2.10000000e-01,9,2.81603551e-01,2.01584663e+00
11,2.30000000e-01,9,2.81603551e-01,2.01588328e+00
12,2.50000000e-01,9,2.81603551e-01,2.01592315e+00
13,2.70000000e-01,9,2.81603551e-01,2.01596770e+00
14,2.90000000e-01,9,2.81603551e-01,2.01601588e+00
15,3.10000000e-01,9,2.81603551e-01,2.01606840e+00
16,3.30000000e-01,9,2.81603551e-01,2.01612479e+00
17,3.50000000e-01,9,2.81603551e-01,2.01618535e+00
18,3.70000000e-01,9,2.81603551e-01,2.01624989e+00
19,3.90000000e-01,9,2.81603551e-01,2.01631851e+00
20,4.10000000e-01,9,2.81603551e-01,2.01639117e+00
21,4.30000000e-01,9,2.81603551e-01,2.01646788e+00
22,4.50000000e-01,9,2.81603551e-01,2.01654863e+00
23,4.70000000e-01,9,2.81603551e-01,2.01663344e+00
24,4.90000000e-01,9,2.81603551e-01,2.01672228e+00
25,5.10000000e-01,9,2.81603551e-01,2.01681517e+00
26,5.30000000e-01,9,2.81603551e-01,2.01691210e+00
27,5.50000000e-01,9,2.81603551e-01,2.01701308e+00
28,5.70000000e-01,9,2.81603551e-01,2.01711810e+00
29,5.90000000e-01,9,2.81603551e-01,2.01722717e+00
30,6.10000000e-01,9,2.81603551e-01,2.01734027e+00
31,6.30000000e-01,9,2.81603551e-01,2.01745742e+00
32,6.50000000e-01,9,2.81603551e-01,2.01757862e+00
33,6.70000000e-01,9,2.81603551e-01,2.01770386e+00
34,6.90000000e-01,9,2.81603551e-01,2.01783314e+00
35,7.10000000e-01,9,2.81603551e-01,2.01796646e+00
36,7.30000000e-01,9,2.81603551e-01,2.01810383e+00
37,7.50000000e-01,9,2.81603551e-01,2.01824524e+00
38,7.70000000e-01,9,2.81603551e-01,2.01839070e+00
39,7.90000000e-01,9,2.81603551e-01,2.01854020e+00
40,8.10000000e-01,9,2.81603551e-01,2.01869374e+00
41,8.30000000e-01,9,2.81603551e-01,2.01885133e+00
42,8.50000000e-01,9,2.81603551e-01,2.01901297e+00
43,8.70000000e-01,9,2.81603551e-01,2.01917865e+00
44,8.90000000e-01,9,2.81603551e-01,2.01934838e+00
45,9.10000000e-01,9,2.81603551e-01,2.01952216e+00
46,9.30000000e-01,9,2.81603551e-01,2.01969998e+00
47,9.50000000e-01,9,2.81603551e-01,2.01988185e+00
48,9.70000000e-01,9,2.81603551e-01,2.02006777e+00
49,9.90000000e-01,9,2.81603551e-01,2.02025774e+00
50,1.01000000e+00,9,2.81603551e-01,2.02045176e+00
51,1.03000000e+00,9,2.81603551e-01,2.02064983e+00
52,1.05000000e+00,9,2.81603551e-01,2.02085195e+00
53,1.07000000e+00,9,2.81603551e-01,2.02105812e+00
54,1.09000000e+00,9,2.81603551e-01,2.02126835e+00
55,1.11000000e+00,9,2.81603551e-01,2.02148262e+00
56,1.13000000e+00,9,2.81603551e-01,2.02170095e+00
57,1.15000000e+00,9,2.81603551e-01,2.02192334e+00
58,1.17000000e+00,9,2.81603551e-01,2.02214978e+00
59,1.19000000e+00,9,2.81603551e-01,2.02238027e+00
60,1.21000000e+00,9,2.81603551e-01,2.02261482e+00
61,1.23000000e+00,9,2.81603551e-01,2.02285343e+00
62,1.25000000e+00,9,2.81603551e-01,2.02309610e+00
63,1.27000000e+00,9,2.81603551e-01,2.02334282e+00
64,1.29000000e+00,9,2.81603551e-01,2.02359361e+00
65,1.31000000e+00,9,2.81603551e-01,2.02384845e+00
66,1.33000000e+00,9,2.81603551e-01,2.02410736e+00
67,1.35000000e+00,9,2.81603551e-01,2.02437033e+00
68,1.37000000e+00,9,2.81603551e-01,2.02463736e+00
69,1.39000000e+00,9,2.81603551e-01,2.02490846e+00
70,1.41000000e+00,9,2.81603551e-01,2.02518362e+00
71,1.43000000e+00,9,2.81603551e-01,2.02546284e+00
72,1.45000000e+00,9,2.81603551e-01,2.02574614e+00
73,1.47000000e+00,9,2.81603551e-01,2.02603350e+00
74,1.49000000e+00,9,2.81603551e-01,2.02632493e+00
75,1.51000000e+00,9,2.81603551e-01,2.02662043e+00
76,1.53000000e+00,9,2.81603551e-01,2.02692000e+00
77,1.55000000e+00,9,2.81603551e-01,2.02722365e+00
78,1.57000000e+00,9,2.81603551e-01,2.02753136e+00
79,1.59000000e+00,9,2.81603551e-01,2.02784315e+00
80,1.61000000e+00,9,2.81603551e-01,2.02815902e+00
81,1.63000000e+00,9,2.81603551e-01,2.02847896e+00
82,1.65000000e+00,9,2.81603551e-01,2.02880298e+00
83,1.67000000e+00,9,2.81603551e-01,2.02913108e+00
84,1.69000000e+00,9,2.81603551e-01,2.02946326e+00
85,1.71000000e+00,9,2.81603551e-01,2.02979952e+00
86,1.73000000e+00,9,2.81603551e-01,2.03013986e+00
87,1.75000000e+00,9,2.81603551e-01,2.03048429e+00
88,1.77000000e+00,9,2.81603551e-01,2.03083280e+00
89,1.79000000e+00,9,2.81603551e-01,2.03118539e+00
90,1.81000000e+00,9,2.81603551e-01,2.03154207e+00
91,1.83000000e+00,9,2.81603551e-01,2.03190284e+00
92,1.85000000e+00,9,2.81603551e-01,2.03226770e+00
93,1.87000000e+00,9,2.81603551e-01,2.03263665e+00
94,1.89000000e+00,9,2.81603551e-01,2.03300970e+00
95,1.91000000e+00,9,2.81603551e-01,2.03338684e+00
96,1.93000000e+00,9,2.81603551e-01,2.03376807e+00
97,1.95000000e+00,9,2.81603551e-01,2.03415339e+00
98,1.97000000e+00,9,2.81603551e-01,2.03454282e+00
99,1.99000000e+00,9,2.81603551e-01,2.03493634e+00
100,2.01000000e+00,9,2.81603551e-01,2.03533397e+00
101,2.03000000e+00,9,2.81603551e-01,2.03573570e+00
102,2.05000000e+00,9,2.81603551e-01,2.03614153e+00
103,2.07000000e+00,9,2.81603551e-01,2.03655146e+00
104,2.09000000e+00,9,2.81603551e-01,2.03696550e+00
105,2.11000000e+00,9,2.81603551e-01,2.03738365e+00
106,2.13000000e+00,9,2.81603551e-01,2.03780591e+00
107,2.15000000e+00,9,2.81603551e-01,2.03823228e+00
108,2.17000000e+00,9,2.81603551e-01,2.03866276e+00
109,2.19000000e+00,9,2.81603551e-01,2.03909735e+00
110,2.21000000e+00,9,2.81603551e-01,2.03953606e+00
111,2.23000000e+00,9,2.81603551e-01,2.03997889e+00
112,2.25000000e+00,9,2.81603551e-01,2.04042583e+00
113,2.27000000e+00,9,2.81603551e-01,2.04087690e+00
114,2.29000000e+00,9,2.81603551e-01,2.04133208e+00
115,2.31000000e+00,9,2.81603551e-01,2.04179139e+00
116,2.33000000e+00,9,2.81603551e-01,2.04225483e+00
117,2.35000000e+00,9,2.81603551e-01,2.04272239e+00
118,2.37000000e+00,9,2.81603551e-01,2.04319408e+00
119,2.39000000e+00,9,2.81603551e-01,2.04366990e+00
120,2.41000000e+00,9,2.81603551e-01,2.04414985e+00
121,2.43000000e+00,9,2.81603551e-01,2.04463394e+00
122,2.45000000e+00,9,2.81603551e-01,2.04512216e+00
123,2.47000000e+00,9,2.81603551e-01,2.04561451e+00
124,2.49000000e+00,9,2.81603551e-01,2.04611101e+00
125,2.51000000e+00,9,2.81603551e-01,2.04661164e+00
126,2.53000000e+00,9,2.81603551e-01,2.04711642e+00
127,2.55000000e+00,9,2.81603551e-01,2.04762534e+00
128,2.57000000e+00,9,2.81603551e-01,2.04813841e+00
129,2.59000000e+00,9,2.81603551e-01,2.04865563e+00
130,2.61000000e+00,9,2.81603551e-01,2.04917699e+00
131,2.63000000e+00,9,2.81603551e-01,2.04970251e+00
132,2.65000000e+00,9,2.81603551e-01,2.05023218e+00
133,2.67000000e+00,9,2.81603551e-01,2.05076601e+00
134,2.69000000e+00,9,2.81603551e-01,2.05130399e+00
135,2.71000000e+00,9,2.81603551e-01,2.05184613e+00
136,2.73000000e+00,9,2.81603551e-01,2.05239243e+00
137,2.75000000e+00,9,2.81603551e-01,2.05294290e+00
138,2.77000000e+00,9,2.81603551e-01,2.05349753e+00
139,2.79000000e+00,9,2.81603551e-01,2.05405633e+00
140,2.81000000e+00,9,2.81603551e-01,2.05461929e+00
141,2.83000000e+00,9,2.81603551e-01,2.05518643e+00
142,2.85000000e+00,9,2.81603551e-01,2.05575774e+00
143,2.87000000e+00,9,2.81603551e-01,2.05633323e+00
144,2.89000000e+00,9,2.81603551e-01,2.05691289e+00
145,2.91000000e+00,9,2.81603551e-01,2.05749673e+00
146,2.93000000e+00,9,2.81603551e-01,2.05808476e+00
147,2.95000000e+00,9,2.81603551e-01,2.05867697e+00
148,2.97000000e+00,9,2.81603551e-01,2.05927336e+00
149,2.99000000e+00,9,2.81603551e-01,2.05987394e+00
150,3.01000000e+00,9,2.81603551e-01,2.06047871e+00
151,3.03000000e+00,9,2.81603551e-01,2.06108767e+00
152,3.05000000e+00,9,2.81603551e-01,2.06170083e+00
153,3.07000000e+00,9,2.81603551e-01,2.06231818e+00
154,3.09000000e+00,9,2.81603551e-01,2.06293974e+00
155,3.11000000e+00,9,2.81603551e-01,2.06356549e+00
156,3.13000000e+00,9,2.81603551e-01,2.06419545e+00
157,3.15000000e+00,9,2.81603551e-01,2.06482961e+00
158,3.17000000e+00,9,2.81603551e-01,2.06546798e+00
159,3.19000000e+00,9,2.81603551e-01,2.06611056e+00
160,3.21000000e+00,9,2.81603551e-01,2.06675735e+00
161,3.23000000e+00,9,2.81603551e-01,2.06740836e+00
162,3.25000000e+00,9,2.81603551e-01,2.06806358e+00
163,3.27000000e+00,9,2.81603551e-01,2.06872303e+00
164,3.29000000e+00,9,2.81603551e-01,2.06938669e+00
165,3.31000000e+00,9,2.81603551e-01,2.07005458e+00
166,3.33000000e+00,9,2.81603551e-01,2.07072670e+00
167,3.35000000e+00,9,2.81603551e-01,2.07140305e+00
168,3.37000000e+00,9,2.81603551e-01,2.07208362e+00
169,3.39000000e+00,9,2.81603551e-01,2.07276843e+00
170,3.41000000e+00,9,2.81603551e-01,2.07345748e+00
171,3.43000000e+00,9,2.81603551e-01,2.07415077e+00
172,3.45000000e+00,9,2.81603551e-01,2.07484830e+00
173,3.47000000e+00,9,2.81603551e-01,2.07555007e+00
174,3.49000000e+00,9,2.81603551e-01,2.07625609e+00
175,3.51000000e+00,9,2.81603551e-01,2.07696635e+00
176,3.53000000e+00,9,2.81603551e-01,2.07768087e+00
177,3.55000000e+00,9,2.81603551e-01,2.07839965e+00
178,3.57000000e+00,9,2.81603551e-01,2.07912268e+00
179,3.59000000e+00,9,2.81603551e-01,2.07984997e+00
180,3.61000000e+00,9,2.81603551e-01,2.08058152e+00
181,3.63000000e+00,9,2.81603551e-01,2.08131733e+00
182,3.65000000e+00,9,2.81603551e-01,2.08205742e+00
183,3.67000000e+00,9,2.81603551e-01,2.08280177e+00
184,3.69000000e+00,9,2.81603551e-01,2.08355039e+00
185,3.71000000e+00,9,2.81603551e-01,2.08430330e+00
186,3.73000000e+00,9,2.81603551e-01,2.08506047e+00
187,3.75000000e+00,9,2.81603551e-01,2.08582193e+00
188,3.77000000e+00,9,2.81603551e-01,2.08658768e+00
189,3.79000000e+00,9,2.81603551e-01,2.08735771e+00
190,3.81000000e+00,9,2.81603551e-01,2.08813203e+00
191,3.83000000e+00,9,2.81603551e-01,2.08891064e+00
192,3.85000000e+00,9,2.81603551e-01,2.08969354e+00
193,3.87000000e+00,9,2.81603551e-01,2.09048075e+00
194,3.89000000e+00,9,2.81603551e-01,2.09127225e+00
195,3.91000000e+00,9,2.81603551e-01,2.09206806e+00
196,3.93000000e+00,9,2.81603551e-01,2.09286817e+00
197,3.95000000e+00,9,2.81603551e-01,2.09367259e+00
198,3.97000000e+00,9,2.81603551e-01,2.09448132e+00
199,3.99000000e+00,9,2.81603551e-01,2.09529437e+00
200,4.01000000e+00,9,2.81603551e-01,2.09611174e+00
201,4.03000000e+00,9,2.81603551e-01,2.09693343e+00
202,4.05000000e+00,9,2.81603551e-01,2.09775944e+00
203,4.07000000e+00,9,2.81603551e-01,2.09858977e+00
204,4.09000000e+00,9,2.81603551e-01,2.09942444e+00
205,4.11000000e+00,9,2.81603551e-01,2.10026344e+00
206,4.13000000e+00,9,2.81603551e-01,2.10110678e+00
207,4.15000000e+00,9,2.81603551e-01,2.10195445e+00
208,4.17000000e+00,9,2.81603551e-01,2.10280647e+00
209,4.19000000e+00,9,2.81603551e-01,2.10366283e+00
210,4.21000000e+00,9,2.81603551e-01,2.10452353e+00
211,4.23000000e+00,9,2.81603551e-01,2.10538859e+00
212,4.25000000e+00,9,2.81603551e-01,2.10625801e+00
213,4.27000000e+00,9,2.81603551e-01,2.10713178e+00
214,4.29000000e+00,9,2.81603551e-01,2.10800991e+00
215,4.31000000e+00,9,2.81603551e-01,2.10889241e+00
216,4.33000000e+00,9,2.81603551e-01,2.10977927e+00
217,4.35000000e+00,9,2.81603551e-01,2.11067050e+00
218,4.37000000e+00,9,2.81603551e-01,2.11156611e+00
219,4.39000000e+00,9,2.81603551e-01,2.11246609e+00
220,4.41000000e+00,9,2.81603551e-01,2.11337046e+00
221,4.43000000e+00,9,2.81603551e-01,2.11427920e+00
222,4.45000000e+00,9,2.81603551e-01,2.11519234e+00
223,4.47000000e+00,9,2.81603551e-01,2.11610986e+00
224,4.49000000e+00,9,2.81603551e-01,2.11703177e+00
225,4.51000000e+00,9,2.81603551e-01,2.11795808e+00
226,4.53000000e+00,9,2.81603551e-01,2.11888879e+00
227,4.55000000e+00,9,2.81603551e-01,2.11982391e+00
228,4.57000000e+00,9,2.81603551e-01,2.12076343e+00
229,4.59000000e+00,9,2.81603551e-01,2.12170736e+00
230,4.61000000e+00,9,2.81603551e-01,2.12265570e+00
231,4.63000000e+00,9,2.81603551e-01,2.12360846e+00
232,4.65000000e+00,9,2.81603551e-01,2.12456564e+00
233,4.67000000e+00,9,2.81603551e-01,2.12552725e+00
234,4.69000000e+00,9,2.81603551e-01,2.12649328e+00
235,4.71000000e+00,9,2.81603551e-01,2.12746374e+00
236,4.73000000e+00,9,2.81603551e-01,2.12843864e+00
237,4.75000000e+00,9,2.81603551e-01,2.12941797e+00
238,4.77000000e+00,9,2.81603551e-01,2.13040175e+00
239,4.79000000e+00,9,2.81603551e-01,2.13138997e+00
240,4.81000000e+00,9,2.81603551e-01,2.13238264e+00
241,4.83000000e+00,9,2.81603551e-01,2.13337976e+00
242,4.85000000e+00,9,2.81603551e-01,2.13438133e+00
243,4.87000000e+00,9,2.81603551e-01,2.13538737e+00
244,4.89000000e+00,9,2.81603551e-01,2.13639786e+00
245,4.91000000e+00,9,2.81603551e-01,2.13741283e+00
246,4.93000000e+00,9,2.81603551e-01,2.13843226e+00
247,4.95000000e+00,9,2.81603551e-01,2.13945617e+00
248,4.97000000e+00,9,2.81603551e-01,2.14048456e+00
249,4.99000000e+00,9,2.81603551e-01,2.14151742e+00
250,5.01000000e+00,9,2.81603551e-01,2.14255477e+00
251,5.03000000e+00,9,2.81603551e-01,2.14359662e+00
252,5.05000000e+00,9,2.81603551e-01,2.14464295e+00
253,5.07000000e+00,9,2.81603551e-01,2.14569378e+00
254,5.09000000e+00,9,2.81603551e-01,2.14674911e+00
255,5.11000000e+00,9,2.81603551e-01,2.14780894e+00
256,5.13000000e+00,9,2.81603551e-01,2.14887328e+00
257,5.15000000e+00,9,2.81603551e-01,2.14994214e+00
258,5.17000000e+00,9,2.81603551e-01,2.15101551e+00
259,5.19000000e+00,9,2.81603551e-01,2.15209339e+00
260,5.21000000e+00,9,2.81603551e-01,2.15317581e+00
261,5.23000000e+00,9,2.81603551e-01,2.15426274e+00
262,5.25000000e+00,9,2.81603551e-01,2.15535421e+00
263,5.27000000e+00,9,2.81603551e-01,2.15645022e+00
264,5.29000000e+00,9,2.81603551e-01,2.15755076e+00
265,5.31000000e+00,9,2.81603551e-01,2.15865585e+00
266,5.33000000e+00,9,2.81603551e-01,2.15976549e+00
267,5.35000000e+00,9,2.81603551e-01,2.16087967e+00
268,5.37000000e+00,9,2.81603551e-01,2.16199841e+00
269,5.39000000e+00,9,2.81603551e-01,2.16312171e+00
270,5.41000000e+00,9,2.81603551e-01,2.16424958e+00
271,5.43000000e+00,9,2.81603551e-01,2.16538201e+00
272,5.45000000e+00,9,2.81603551e-01,2.16651901e+00
273,5.47000000e+00,9,2.81603551e-01,2.16766059e+00
274,5.49000000e+00,9,2.81603551e-01,2.16880675e+00
275,5.51000000e+00,9,2.81603551e-01,2.16995749e+00
276,5.53000000e+00,9,2.81603551e-01,2.17111282e+00
277,5.55000000e+00,9,2.81603551e-01,2.17227274e+00
278,5.57000000e+00,9,2.81603551e-01,2.17343726e+00
279,5.59000000e+00,9,2.81603551e-01,2.17460638e+00
280,5.61000000e+00,9,2.81603551e-01,2.17578011e+00
281,5.63000000e+00,9,2.81603551e-01,2.17695844e+00
282,5.65000000e+00,9,2.81603551e-01,2.17814139e+00
283,5.67000000e+00,9,2.81603551e-01,2.17932896e+00
284,5.69000000e+00,9,2.81603551e-01,2.18052114e+00
285,5.71000000e+00,9,2.81603551e-01,2.18171796e+00
286,5.73000000e+00,9,2.81603551e-01,2.18291940e+00
287,5.75000000e+00,9,2.81603551e-01,2.18412549e+00
288,5.77000000e+00,9,2.81603551e-01,2.18533621e+00
289,5.79000000e+00,9,2.81603551e-01,2.18655157e+00
290,5.81000000e+00,9,2.81603551e-01,2.18777158e+00
291,5.83000000e+00,9,2.81603551e-01,2.18899625e+00
292,5.85000000e+00,9,2.81603551e-01,2.19022557e+00
293,5.87000000e+00,9,2.81603551e-01,2.19145955e+00
294,5.89000000e+00,9,2.81603551e-01,2.19269820e+00
295,5.91000000e+00,9,2.81603551e-01,2.19394153e+00
296,5.93000000e+00,9,2.81603551e-01,2.19518952e+00
297,5.95000000e+00,9,2.81603551e-01,2.19644220e+00
298,5.97000000e+00,9,2.81603551e-01,2.19769956e+00
299,5.99000000e+00,9,2.81603551e-01,2.19896161e+00
300,6.01000000e+00,9,2.81603551e-01,2.20022835e+00
301,6.03000000e+00,9,2.81603551e-01,2.20149979e+00
302,6.05000000e+00,9,2.81603551e-01,2.20277594e+00
303,6.07000000e+00,9,2.81603551e-01,2.20405679e+00
304,6.09000000e+00,9,2.81603551e-01,2.20534235e+00
305,6.11000000e+00,9,2.81603551e-01,2.20663263e+00
306,6.13000000e+00,9,2.81603551e-01,2.20792763e+00
307,6.15000000e+00,9,2.81603551e-01,2.20922736e+00
308,6.17000000e+00,9,2.81603551e-01,2.21053182e+00
309,6.19000000e+00,9,2.81603551e-01,2.21184101e+00
310,6.21000000e+00,9,2.81603551e-01,2.21315494e+00
311,6.23000000e+00,9,2.81603551e-01,2.21447362e+00
312,6.25000000e+00,9,2.81603551e-01,2.21579705e+00
313,6.27000000e+00,9,2.81603551e-01,2.21712524e+00
314,6.29000000e+00,9,2.81603551e-01,2.21845818e+00
315,6.31000000e+00,9,2.81603551e-01,2.21979589e+00
316,6.33000000e+00,9,2.81603551e-01,2.22113836e+00
317,6.35000000e+00,9,2.81603551e-01,2.22248561e+00
318,6.37000000e+00,9,2.81603551e-01,2.22383764e+00
319,6.39000000e+00,9,2.81603551e-01,2.22519445e+00
320,6.41000000e+00,9,2.81603551e-01,2.22655606e+00
321,6.43000000e+00,9,2.81603551e-01,2.22792245e+00
322,6.45000000e+00,9,2.81603551e-01,2.22929365e+00
323,6.47000000e+00,9,2.81603551e-01,2.23066964e+00
324,6.49000000e+00,9,2.81603551e-01,2.23205045e+00
325,6.51000000e+00,9,2.81603551e-01,2.23343607e+00
326,6.53000000e+00,9,2.81603551e-01,2.23482651e+00
327,6.55000000e+00,9,2.81603551e-01,2.23622177e+00
328,6.57000000e+00,9,2.81603551e-01,2.23762187e+00
329,6.59000000e+00,9,2.81603551e-01,2.23902679e+00
330,6.61000000e+00,9,2.81603551e-01,2.24043656e+00
331,6.63000000e+00,9,2.81603551e-01,2.24185117e+00
332,6.65000000e+00,9,2.81603551e-01,2.24327062e+00
333,6.67000000e+00,9,2.81603551e-01,2.24469494e+00
334,6.69000000e+00,9,2.81603551e-01,2.24612411e+00
335,6.71000000e+00,9,2.81603551e-01,2.24755814e+00
336,6.73000000e+00,9,2.81603551e-01,2.24899705e+00
337,6.75000000e+00,9,2.81603551e-01,2.25044083e+00
338,6.77000000e+00,9,2.81603551e-01,2.25188949e+00
339,6.79000000e+00,9,2.81603551e-01,2.25334304e+00
340,6.81000000e+00,9,2.81603551e-01,2.25480148e+00
341,6.83000000e+00,9,2.81603551e-01,2.25626481e+00
342,6.85000000e+00,9,2.81603551e-01,2.25773305e+00
343,6.87000000e+00,9,2.81603551e-01,2.25920619e+00
344,6.89000000e+00,9,2.81603551e-01,2.26068424e+00
345,6.91000000e+00,9,2.81603551e-01,2.26216721e+00
346,6.93000000e+00,9,2.81603551e-01,2.26365511e+00
347,6.95000000e+00,9,2.81603551e-01,2.26514793e+00
348,6.97000000e+00,9,2.81603551e-01,2.26664568e+00
349,6.99000000e+00,9,2.81603551e-01,2.26814837e+00
350,7.01000000e+00,9,2.81603551e-01,2.26965601e+00
351,7.03000000e+00,9,2.81603551e-01,2.27116859e+00
352,7.05000000e+00,9,2.81603551e-01,2.27268613e+00
353,7.07000000e+00,9,2.81603551e-01,2.27420863e+00
354,7.09000000e+00,9,2.81603551e-01,2.27573609e+00
355,7.11000000e+00,9,2.81603551e-01,2.27726853e+00
356,7.13000000e+00,9,2.81603551e-01,2.27880594e+00
357,7.15000000e+00,9,2.81603551e-01,2.28034832e+00
358,7.17000000e+00,9,2.81603551e-01,2.28189570e+00
359,7.19000000e+00,9,2.81603551e-01,2.28344807e+00
360,7.21000000e+00,9,2.81603551e-01,2.28500543e+00
361,7.23000000e+00,9,2.81603551e-01,2.28656779e+00
362,7.25000000e+00,9,2.81603551e-01,2.28813517e+00
363,7.27000000e+00,9,2.81603551e-01,2.28970755e+00
364,7.29000000e+00,9,2.81603551e-01,2.29128495e+00
365,7.31000000e+00,9,2.81603551e-01,2.29286737e+00
366,7.33000000e+00,9,2.81603551e-01,2.29445482e+00
367,7.35000000e+00,9,2.81603551e-01,2.29604731e+00
368,7.37000000e+00,9,2.81603551e-01,2.29764483e+00
369,7.39000000e+00,9,2.81603551e-01,2.29924739e+00
370,7.41000000e+00,9,2.81603551e-01,2.30085499e+00
371,7.43000000e+00,9,2.81603551e-01,2.30246765e+00
372,7.45000000e+00,9,2.81603551e-01,2.30408537e+00
373,7.47000000e+00,9,2.81603551e-01,2.30570814e+00
374,7.49000000e+00,9,2.81603551e-01,2.30733598e+00
375,7.51000000e+00,9,2.81603551e-01,2.30896889e+00
376,7.53000000e+00,9,2.81603551e-01,2.31060687e+00
377,7.55000000e+00,9,2.81603551e-01,2.31224993e+00
378,7.57000000e+00,9,2.81603551e-01,2.31389806e+00
379,7.59000000e+00,9,2.81603551e-01,2.31555128e+00
380,7.61000000e+00,9,2.81603551e-01,2.31720958e+00
381,7.63000000e+00,9,2.81603551e-01,2.31887298e+00
382,7.65000000e+00,9,2.81603551e-01,2.32054146e+00
383,7.67000000e+00,9,2.81603551e-01,2.32221504e+00
384,7.69000000e+00,9,2.81603551e-01,2.32389372e+00
385,7.71000000e+00,9,2.81603551e-01,2.32557749e+00
386,7.73000000e+00,9,2.81603551e-01,2.32726635e+00
387,7.75000000e+00,9,2.81603551e-01,2.32896032e+00
388,7.77000000e+00,9,2.81603551e-01,2.33065938e+00
389,7.79000000e+00,9,2.81603551e-01,2.33236354e+00
390,7.81000000e+00,9,2.81603551e-01,2.33407279e+00
391,7.83000000e+00,9,2.81603551e-01,2.33578714e+00
392,7.85000000e+00,9,2.81603551e-01,2.33750657e+00
393,7.87000000e+00,9,2.81603551e-01,2.33923109e+00
394,7.89000000e+00,9,2.81603551e-01,2.34096069e+00
395,7.91000000e+00,9,2.81603551e-01,2.34269536e+00
396,7.93000000e+00,9,2.81603551e-01,2.34443510e+00
397,7.95000000e+00,9,2.81603551e-01,2.34617989e+00
398,7.97000000e+00,9,2.81603551e-01,2.34792972e+00
399,7.99000000e+00,9,2.81603551e-01,2.34968459e+00
400,8.01000000e+00,9,2.81603551e-01,2.35144447e+00
401,8.03000000e+00,9,2.81603551e-01,2.35320935e+00
402,8.05000000e+00,9,2.81603551e-01,2.35497922e+00
403,8.07000000e+00,9,2.81603551e-01,2.35675403e+00
404,8.09000000e+00,9,2.81603551e-01,2.35853378e+00
405,8.11000000e+00,9,2.81603551e-01,2.36031844e+00
406,8.13000000e+00,9,2.81603551e-01,2.36210796e+00
407,8.15000000e+00,9,2.81603551e-01,2.36390231e+00
408,8.17000000e+00,9,2.81603551e-01,2.36570145e+00
409,8.19000000e+00,9,2.81603551e-01,2.36750534e+00
410,8.21000000e+00,9,2.81603551e-01,2.36931392e+00
411,8.23000000e+00,9,2.81603551e-01,2.37112712e+00
412,8.25000000e+00,9,2.81603551e-01,2.37294489e+00
413,8.27000000e+00,9,2.81603551e-01,2.37476714e+00
414,8.29000000e+00,9,2.81603551e-01,2.37659379e+00
415,8.31000000e+00,9,2.81603551e-01,2.37842474e+00
416,8.33000000e+00,9,2.81603551e-01,2.38025988e+00
417,8.35000000e+00,9,2.81603551e-01,2.38209910e+00
418,8.37000000e+00,9,2.81603551e-01,2.38394226e+00
419,8.39000000e+00,9,2.81603551e-01,2.38578919e+00
420,8.41000000e+00,9,2.81603551e-01,2.38763974e+00
421,8.43000000e+00,9,2.81603551e-01,2.38949369e+00
422,8.45000000e+00,9,2.81603551e-01,2.39135084e+00
423,8.47000000e+00,9,2.81603551e-01,2.39321094e+00
424,8.49000000e+00,9,2.81603551e-01,2.39507371e+00
425,8.51000000e+00,9,2.81603551e-01,2.39693883e+00
426,8.53000000e+00,9,2.81603551e-01,2.39880595e+00
427,8.55000000e+00,9,2.81603551e-01,2.40067467e+00
428,8.57000000e+00,9,2.81603551e-01,2.40254454e+00
429,8.59000000e+00,9,2.81603551e-01,2.40441505e+00
430,8.61000000e+00,9,2.81603551e-01,2.40628563e+00
431,8.63000000e+00,9,2.81603551e-01,2.40815562e+00
432,8.65000000e+00,9,2.81603551e-01,2.41002429e+00
433,8.67000000e+00,9,2.81603551e-01,2.41189080e+00
434,8.69000000e+00,9,2.81603551e-01,2.41375421e+00
435,8.71000000e+00,9,2.81603551e-01,2.41561343e+00
436,8.73000000e+00,9,2.81603551e-01,2.41746726e+00
437,8.75000000e+00,9,2.81603551e-01,2.41931431e+00
438,8.77000000e+00,9,2.81603551e-01,2.42115301e+00
439,8.79000000e+00,9,2.81603551e-01,2.42298158e+00
440,8.81000000e+00,9,2.81603551e-01,2.42479797e+00
441,8.83000000e+00,9,2.81603551e-01,2.42659989e+00
442,8.85000000e+00,9,2.81603551e-01,2.42838471e+00
443,8.87000000e+00,9,2.81603551e-01,2.43014941e+00
444,8.89000000e+00,9,2.81603551e-01,2.43189059e+00
445,8.91000000e+00,9,2.81603551e-01,2.43360434e+00
446,8.93000000e+00,9,2.81603551e-01,2.43528622e+00
447,8.95000000e+00,9,2.81603551e-01,2.43693116e+00
448,8.97000000e+00,9,2.81603551e-01,2.43853336e+00
449,8.99000000e+00,9,2.81603551e-01,2.44008620e+00
450,9.01000000e+00,9,2.81603551e-01,2.44158211e+00
451,9.03000000e+00,9,2.81603551e-01,2.44301244e+00
452,9.05000000e+00,9,2.81603551e-01,2.44436730e+00
453,9.07000000e+00,9,2.81603551e-01,2.44563537e+00
454,9.09000000e+00,9,2.81603551e-01,2.44680370e+00
455,9.11000000e+00,9,2.81603551e-01,2.44785747e+00
456,9.13000000e+00,9,2.81603551e-01,2.44877970e+00
457,9.15000000e+00,9,2.81603551e-01,2.44955095e+00
458,9.17000000e+00,9,2.81603551e-01,2.45014895e+00
459,9.19000000e+00,9,2.81603551e-01,2.45054819e+00
460,9.21000000e+00,9,2.81603551e-01,2.45071941e+00
461,9.23000000e+00,9,2.81603551e-01,2.45062911e+00
462,9.25000000e+00,9,2.81603551e-01,2.45023888e+00
463,9.27000000e+00,9,2.81603551e-01,2.44950467e+00
464,9.29000000e+00,9,2.81603551e-01,2.44837601e+00
465,9.31000000e+00,9,2.81603551e-01,2.44679508e+00
466,9.33000000e+00,9,2.81603551e-01,2.44469559e+00
467,9.35000000e+00,9,2.81603551e-01,2.44200165e+00
468,9.37000000e+00,9,2.81603551e-01,2.43862641e+00
469,9.39000000e+00,9,2.81603551e-01,2.43447057e+00
470,9.41000000e+00,9,2.81603551e-01,2.42942074e+00
471,9.43000000e+00,9,2.81603551e-01,2.42334772e+00
472,9.45000000e+00,9,2.81603551e-01,2.41610464e+00
473,9.47000000e+00,9,2.81603551e-01,2.40752519e+00
474,9.49000000e+00,9,2.81603551e-01,2.39742194e+00
475,9.51000000e+00,9,2.81603551e-01,2.38558518e+00
476,9.53000000e+00,9,2.81603551e-01,2.37178244e+00
477,9.55000000e+00,9,2.81603551e-01,2.35575964e+00
478,9.57000000e+00,9,2.81603551e-01,2.33724454e+00
479,9.59000000e+00,9,2.81603551e-01,2.31595431e+00
480,9.61000000e+00,9,2.81603551e-01,2.29160934e+00
481,9.63000000e+00,9,2.81603551e-01,2.26395699e+00
482,9.65000000e+00,9,2.81603551e-01,2.23281073e+00
483,9.67000000e+00,9,2.81603551e-01,2.19811267e+00
484,9.69000000e+00,9,2.81603551e-01,2.16003212e+00
485,9.71000000e+00,9,2.81603551e-01,2.11911846e+00
486,9.73000000e+00,9,2.81603551e-01,2.07653657e+00
487,9.75000000e+00,9,2.81603551e-01,2.03442663e+00
488,9.77000000e+00,9,2.81603551e-01,1.99645177e+00
489,9.79000000e+00,9,2.81603551e-01,1.96862951e+00
490,9.81000000e+00,9,2.81603551e-01,1.96059595e+00
491,9.83000000e+00,9,2.81603551e-01,1.98754365e+00
492,9.85000000e+00,9,2.81603551e-01,2.07326648e+00
493,9.87000000e+00,9,2.81603551e-01,2.25523680e+00
494,9.89000000e+00,9,2.81603551e-01,2.59416707e+00
495,9.91000000e+00,9,2.81603551e-01,3.19582402e+00
496,9.93000000e+00,9,2.81603551e-01,4.27244723e+00
497,9.95000000e+00,9,2.81603551e-01,6.34500078e+00
498,9.97000000e+00,9,2.81603551e-01,1.09687446e+01
499,9.99000000e+00,9,2.81603551e-01,2.34388475e+01
0,1.00000000e-02,10,4.58016778e-01,2.01570295e+00
1,3.00000000e-02,10,4.58016778e-01,2.01569309e+00
2,5.00000000e-02,10,4.58016778e-01,2.01568417e+00
3,7.00000000e-02,10,4.58016778e-01,2.01568209e+00
4,9.00000000e-02,10,4.58016778e-01,2.01568189e+00
5,1.10000000e-01,10,4.58016778e-01,2.01568629e+00
6,1.30000000e-01,10,4.58016778e-01,2.01569563e+00
7,1.50000000e-01,10,4.58016778e-01,2.01570697e+00
8,1.70000000e-01,10,4.58016778e-01,2.01572499e+00
9,1.90000000e-01,10,4.58016778e-01,2.01574438e+00
10,2.10000000e-01,10,4.58016778e-01,2.01577026e+00
11,2.30000000e-01,10,4.58016778e-01,2.01579820e+00
12,2.50000000e-01,10,4.58016778e-01,2.01583175e+00
13,2.70000000e-01,10,4.58016778e-01,2.01586822e+00
14,2.90000000e-01,10,4.58016778e-01,2.01590955e+00
15,3.10000000e-01,10,4.58016778e-01,2.01595439e+00
16,3.30000000e-01,10,4.58016778e-01,2.01600364e+00
17,3.50000000e-01,10,4.58016778e-01,2.01605671e+00
18,3.70000000e-01,10,4.58016778e-01,2.01611397e+00
19,3.90000000e-01,10,4.58016778e-01,2.01617521e+00
20,4.10000000e-01,10,4.58016778e-01,2.01624053e+00
21,4.30000000e-01,10,4.58016778e-01,2.01630987e+00
22,4.50000000e-01,10,4.58016778e-01,2.01638328e+00
23,4.70000000e-01,10,4.58016778e-01,2.01646072e+00
24,4.90000000e-01,10,4.58016778e-01,2.01654221e+00
25,5.10000000e-01,10,4.58016778e-01,2.01662774e+00
26,5.30000000e-01,10,4.58016778e-01,2.01671731e+00
27,5.50000000e-01,10,4.58016778e-01,2.01681093e+00
28,5.70000000e-01,10,4.58016778e-01,2.01690859e+00
29,5.90000000e-01,10,4.58016778e-01,2.01701029e+00
30,6.10000000e-01,10,4.58016778e-01,2.01711604e+00
31,6.30000000e-01,10,4.58016778e-01,2.01722582e+00
32,6.50000000e-01,10,4.58016778e-01,2.01733965e+00
33,6.70000000e-01,10,4.58016778e-01,2.01745752e+00
34,6.90000000e-01,10,4.58016778e-01,2.01757944e+00
35,7.10000000e-01,10,4.58016778e-01,2.01770540e+00
36,7.30000000e-01,10,4.58016778e-01,2.01783540e+00
37,7.50000000e-01,10,4.58016778e-01,2.01796944e+00
38,7.70000000e-01,10,4.58016778e-01,2.01810752e+00
39,7.90000000e-01,10,4.58016778e-01,2.01824965e+00
40,8.10000000e-01,10,4.58016778e-01,2.01839583e+00
41,8.30000000e-01,10,4.58016778e-01,2.01854604e+00
42,8.50000000e-01,10,4.58016778e-01,2.01870031e+00
43,8.70000000e-01,10,4.58016778e-01,2.01885861e+00
44,8.90000000e-01,10,4.58016778e-01,2.01902097e+00
45,9.10000000e-01,10,4.58016778e-01,2.01918736e+00
46,9.30000000e-01,10,4.58016778e-01,2.01935781e+00
47,9.50000000e-01,10,4.58016778e-01,2.01953230e+00
48,9.70000000e-01,10,4.58016778e-01,2.01971084e+00
49,9.90000000e-01,10,4.58016778e-01,2.01989342e+00
50,1.01000000e+00,10,4.58016778e-01,2.02008006e+00
51,1.03000000e+00,10,4.58016778e-01,2.02027074e+00
52,1.05000000e+00,10,4.58016778e-01,2.02046547e+00
53,1.07000000e+00,10,4.58016778e-01,2.02066426e+00
54,1.09000000e+00,10,4.58016778e-01,2.02086709e+00
55,1.11000000e+00,10,4.58016778e-01,2.02107397e+00
56,1.13000000e+00,10,4.58016778e-01,2.02128491e+00
57,1.15000000e+00,10,4.58016778e-01,2.02149990e+00
58,1.17000000e+00,10,4.58016778e-01,2.02171894e+00
59,1.19000000e+00,10,4.58016778e-01,2.02194204e+00
60,1.21000000e+00,10,4.58016778e-01,2.02216919e+00
61,1.23000000e+00,10,4.58016778e-01,2.02240040e+00
62,1.25000000e+00,10,4.58016778e-01,2.02263566e+00
63,1.27000000e+00,10,4.58016778e-01,2.02287498e+00
64,1.29000000e+00,10,4.58016778e-01,2.02311836e+00
65,1.31000000e+00,10,4.58016778e-01,2.02336580e+00
66,1.33000000e+00,10,4.58016778e-01,2.02361729e+00
67,1.35000000e+00,10,4.58016778e-01,2.02387285e+00
68,1.37000000e+00,10,4.58016778e-01,2.02413247e+00
69,1.39000000e+00,10,4.58016778e-01,2.02439615e+00
70,1.41000000e+00,10,4.58016778e-01,2.02466390e+00
71,1.43000000e+00,10,4.58016778e-01,2.02493571e+00
72,1.45000000e+00,10,4.58016778e-01,2.02521158e+00
73,1.47000000e+00,10,4.58016778e-01,2.02549152e+00
74,1.49000000e+00,10,4.58016778e-01,2.02577553e+00
75,1.51000000e+00,10,4.58016778e-01,2.02606360e+00
76,1.53000000e+00,10,4.58016778e-01,2.02635575e+00
77,1.55000000e+00,10,4.58016778e-01,2.02665196e+00
78,1.57000000e+00,10,4.58016778e-01,2.02695224e+00
79,1.59000000e+00,10,4.58016778e-01,2.02725660e+00
80,1.61000000e+00,10,4.58016778e-01,2.02756503e+00
81,1.63000000e+00,10,4.58016778e-01,2.02787754e+00
82,1.65000000e+00,10,4.58016778e-01,2.02819412e+00
83,1.67000000e+00,10,4.58016778e-01,2.02851477e+00
84,1.69000000e+00,10,4.58016778e-01,2.02883951e+00
85,1.71000000e+00,10,4.58016778e-01,2.02916832e+00
86,1.73000000e+00,10,4.58016778e-01,2.02950121e+00
87,1.75000000e+00,10,4.58016778e-01,2.02983818e+00
88,1.77000000e+00,10,4.58016778e-01,2.03017924e+00
89,1.79000000e+00,10,4.58016778e-01,2.03052438e+00
90,1.81000000e+00,10,4.58016778e-01,2.03087360e+00
91,1.83000000e+00,10,4.58016778e-01,2.03122691e+00
92,1.85000000e+00,10,4.58016778e-01,2.03158431e+00
93,1.87000000e+00,10,4.58016778e-01,2.03194580e+00
94,1.89000000e+00,10,4.58016778e-01,2.03231137e+00
95,1.91000000e+00,10,4.58016778e-01,2.03268104e+00
96,1.93000000e+00,10,4.58016778e-01,2.03305480e+00
97,1.95000000e+00,10,4.58016778e-01,2.03343265e+00
98,1.97000000e+00,10,4.58016778e-01,2.03381460e+00
99,1.99000000e+00,10,4.58016778e-01,2.03420064e+00
100,2.01000000e+00,10,4.58016778e-01,2.03459079e+00
101,2.03000000e+00,10,4.58016778e-01,2.03498503e+00
102,2.05000000e+00,10,4.58016778e-01,2.03538337e+00
103,2.07000000e+00,10,4.58016778e-01,2.03578581e+00
104,2.09000000e+00,10,4.58016778e-01,2.03619236e+00
105,2.11000000e+00,10,4.58016778e-01,2.03660302e+00
106,2.13000000e+00,10,4.58016778e-01,2.03701777e+00
107,2.15000000e+00,10,4.58016778e-01,2.03743664e+00
108,2.17000000e+00,10,4.58016778e-01,2.03785962e+00
109,2.19000000e+00,10,4.58016778e-01,2.03828670e+00
110,2.21000000e+00,10,4.58016778e-01,2.03871790e+00
111,2.23000000e+00,10,4.58016778e-01,2.03915322e+00
112,2.25000000e+00,10,4.58016778e-01,2.03959265e+00
113,2.27000000e+00,10,4.58016778e-01,2.04003619e+00
114,2.29000000e+00,10,4.58016778e-01,2.04048386e+00
115,2.31000000e+00,10,4.58016778e-01,2.04093564e+00
116,2.33000000e+00,10,4.58016778e-01,2.04139155e+00
117,2.35000000e+00,10,4.58016778e-01,2.04185158e+00
118,2.37000000e+00,10,4.58016778e-01,2.04231574e+00
119,2.39000000e+00,10,4.58016778e-01,2.04278402e+00
120,2.41000000e+00,10,4.58016778e-01,2.04325643e+00
121,2.43000000e+00,10,4.58016778e-01,2.04373297e+00
122,2.45000000e+00,10,4.58016778e-01,2.04421365e+00
123,2.47000000e+00,10,4.58016778e-01,2.04469846e+00
124,2.49000000e+00,10,4.58016778e-01,2.04518740e+00
125,2.51000000e+00,10,4.58016778e-01,2.04568048e+00
126,2.53000000e+00,10,4.58016778e-01,2.04617770e+00
127,2.55000000e+00,10,4.58016778e-01,2.04667906e+00
128,2.57000000e+00,10,4.58016778e-01,2.04718456e+00
129,2.59000000e+00,10,4.58016778e-01,2.04769421e+00
130,2.61000000e+00,10,4.58016778e-01,2.04820800e+00
131,2.63000000e+00,10,4.58016778e-01,2.04872594e+00
132,2.65000000e+00,10,4.58016778e-01,2.04924803e+00
133,2.67000000e+00,10,4.58016778e-01,2.04977427e+00
134,2.69000000e+00,10,4.58016778e-01,2.05030467e+00
135,2.71000000e+00,10,4.58016778e-01,2.05083922e+00
136,2.73000000e+00,10,4.58016778e-01,2.05137793e+00
137,2.75000000e+00,10,4.58016778e-01,2.05192080e+00
138,2.77000000e+00,10,4.58016778e-01,2.05246783e+00
139,2.79000000e+00,10,4.58016778e-01,2.05301902e+00
140,2.81000000e+00,10,4.58016778e-01,2.05357438e+00
141,2.83000000e+00,10,4.58016778e-01,2.05413391e+00
142,2.85000000e+00,10,4.58016778e-01,2.05469760e+00
143,2.87000000e+00,10,4.58016778e-01,2.05526547e+00
144,2.89000000e+00,10,4.58016778e-01,2.05583751e+00
145,2.91000000e+00,10,4.58016778e-01,2.05641373e+00
146,2.93000000e+00,10,4.58016778e-01,2.05699412e+00
147,2.95000000e+00,10,4.58016778e-01,2.05757870e+00
148,2.97000000e+00,10,4.58016778e-01,2.05816745e+00
149,2.99000000e+00,10,4.58016778e-01,2.05876039e+00
150,3.01000000e+00,10,4.58016778e-01,2.05935751e+00
151,3.03000000e+00,10,4.58016778e-01,2.05995883e+00
152,3.05000000e+00,10,4.58016778e-01,2.06056433e+00
153,3.07000000e+00,10,4.58016778e-01,2.06117403e+00
154,3.09000000e+00,10,4.58016778e-01,2.06178792e+00
155,3.11000000e+00,10,4.58016778e-01,2.06240601e+00
156,3.13000000e+00,10,4.58016778e-01,2.06302829e+00
157,3.15000000e+00,10,4.58016778e-01,2.06365478e+00
158,3.17000000e+00,10,4.58016778e-01,2.06428547e+00
159,3.19000000e+00,10,4.58016778e-01,2.06492037e+00
160,3.21000000e+00,10,4.58016778e-01,2.06555948e+00
161,3.23000000e+00,10,4.58016778e-01,2.06620279e+00
162,3.25000000e+00,10,4.58016778e-01,2.06685032e+00
163,3.27000000e+00,10,4.58016778e-01,2.06750207e+00
164,3.29000000e+00,10,4.58016778e-01,2.06815803e+00
165,3.31000000e+00,10,4.58016778e-01,2.06881821e+00
166,3.33000000e+00,10,4.58016778e-01,2.06948261e+00
167,3.35000000e+00,10,4.58016778e-01,2.07015124e+00
168,3.37000000e+00,10,4.58016778e-01,2.07082410e+00
169,3.39000000e+00,10,4.58016778e-01,2.07150118e+00
170,3.41000000e+00,10,4.58016778e-01,2.07218250e+00
171,3.43000000e+00,10,4.58016778e-01,2.07286805e+00
172,3.45000000e+00,10,4.58016778e-01,2.07355784e+00
173,3.47000000e+00,10,4.58016778e-01,2.07425187e+00
174,3.49000000e+00,10,4.58016778e-01,2.07495014e+00
175,3.51000000e+00,10,4.58016778e-01,2.07565265e+00
176,3.53000000e+00,10,4.58016778e-01,2.07635942e+00
177,3.55000000e+00,10,4.58016778e-01,2.07707043e+00
178,3.57000000e+00,10,4.58016778e-01,2.07778569e+00
179,3.59000000e+00,10,4.58016778e-01,2.07850521e+00
180,3.61000000e+00,10,4.58016778e-01,2.07922898e+00
181,3.63000000e+00,10,4.58016778e-01,2.07995701e+00
182,3.65000000e+00,10,4.58016778e-01,2.08068931e+00
183,3.67000000e+00,10,4.58016778e-01,2.08142587e+00
184,3.69000000e+00,10,4.58016778e-01,2.08216670e+00
185,3.71000000e+00,10,4.58016778e-01,2.08291180e+00
186,3.73000000e+00,10,4.58016778e-01,2.08366118e+00
187,3.75000000e+00,10,4.58016778e-01,2.08441483e+00
188,3.77000000e+00,10,4.58016778e-01,2.08517275e+00
189,3.79000000e+00,10,4.58016778e-01,2.08593496e+00
190,3.81000000e+00,10,4.58016778e-01,2.08670145e+00
191,3.83000000e+00,10,4.58016778e-01,2.08747223e+00
192,3.85000000e+00,10,4.58016778e-01,2.08824730e+00
193,3.87000000e+00,10,4.58016778e-01,2.08902666e+00
194,3.89000000e+00,10,4.58016778e-01,2.08981032e+00
195,3.91000000e+00,10,4.58016778e-01,2.09059828e+00
196,3.93000000e+00,10,4.58016778e-01,2.09139053e+00
197,3.95000000e+00,10,4.58016778e-01,2.09218709e+00
198,3.97000000e+00,10,4.58016778e-01,2.09298796e+00
199,3.99000000e+00,10,4.58016778e-01,2.09379313e+00
200,4.01000000e+00,10,4.58016778e-01,2.09460262e+00
201,4.03000000e+00,10,4.58016778e-01,2.09541642e+00
202,4.05000000e+00,10,4.58016778e-01,2.09623455e+00
203,4.07000000e+00,10,4.58016778e-01,2.09705699e+00
204,4.09000000e+00,10,4.58016778e-01,2.09788376e+00
205,4.11000000e+00,10,4.58016778e-01,2.09871485e+00
206,4.13000000e+00,10,4.58016778e-01,2.09955028e+00
207,4.15000000e+00,10,4.58016778e-01,2.10039003e+00
208,4.17000000e+00,10,4.58016778e-01,2.10123413e+00
209,4.19000000e+00,10,4.58016778e-01,2.10208256e+00
210,4.21000000e+00,10,4.58016778e-01,2.10293534e+00
211,4.23000000e+00,10,4.58016778e-01,2.10379246e+00
212,4.25000000e+00,10,4.58016778e-01,2.10465393e+00
213,4.27000000e+00,10,4.58016778e-01,2.10551975e+00
214,4.29000000e+00,10,4.58016778e-01,2.10638992e+00
215,4.31000000e+00,10,4.58016778e-01,2.10726446e+00
216,4.33000000e+00,10,4.58016778e-01,2.10814335e+00
217,4.35000000e+00,10,4.58016778e-01,2.10902661e+00
218,4.37000000e+00,10,4.58016778e-01,2.10991424e+00
219,4.39000000e+00,10,4.58016778e-01,2.11080624e+00
220,4.41000000e+00,10,4.58016778e-01,2.11170261e+00
221,4.43000000e+00,10,4.58016778e-01,2.11260336e+00
222,4.45000000e+00,10,4.58016778e-01,2.11350849e+00
223,4.47000000e+00,10,4.58016778e-01,2.11441800e+00
224,4.49000000e+00,10,4.58016778e-01,2.11533190e+00
225,4.51000000e+00,10,4.58016778e-01,2.11625019e+00
226,4.53000000e+00,10,4.58016778e-01,2.11717287e+00
227,4.55000000e+00,10,4.58016778e-01,2.11809995e+00
228,4.57000000e+00,10,4.58016778e-01,2.11903143e+00
229,4.59000000e+00,10,4.58016778e-01,2.11996732e+00
230,4.61000000e+00,10,4.58016778e-01,2.12090761e+00
231,4.63000000e+00,10,4.58016778e-01,2.12185231e+00
232,4.65000000e+00,10,4.58016778e-01,2.12280143e+00
233,4.67000000e+00,10,4.58016778e-01,2.12375496e+00
234,4.69000000e+00,10,4.58016778e-01,2.12471292e+00
235,4.71000000e+00,10,4.58016778e-01,2.12567529e+00
236,4.73000000e+00,10,4.58016778e-01,2.12664210e+00
237,4.75000000e+00,10,4.58016778e-01,2.12761334e+00
238,4.77000000e+00,10,4.58016778e-01,2.12858901e+00
239,4.79000000e+00,10,4.58016778e-01,2.12956912e+00
240,4.81000000e+00,10,4.58016778e-01,2.13055367e+00
241,4.83000000e+00,10,4.58016778e-01,2.13154267e+00
242,4.85000000e+00,10,4.58016778e-01,2.13253612e+00
243,4.87000000e+00,10,4.58016778e-01,2.13353401e+00
244,4.89000000e+00,10,4.58016778e-01,2.13453637e+00
245,4.91000000e+00,10,4.58016778e-01,2.13554318e+00
246,4.93000000e+00,10,4.58016778e-01,2.13655446e+00
247,4.95000000e+00,10,4.58016778e-01,2.13757021e+00
248,4.97000000e+00,10,4.58016778e-01,2.13859042e+00
249,4.99000000e+00,10,4.58016778e-01,2.13961512e+00
250,5.01000000e+00,10,4.58016778e-01,2.14064428e+00
251,5.03000000e+00,10,4.58016778e-01,2.14167794e+00
252,5.05000000e+00,10,4.58016778e-01,2.14271607e+00
253,5.07000000e+00,10,4.58016778e-01,2.14375870e+00
254,5.09000000e+00,10,4.58016778e-01,2.14480582e+00
255,5.11000000e+00,10,4.58016778e-01,2.14585743e+00
256,5.13000000e+00,10,4.58016778e-01,2.14691355e+00
257,5.15000000e+00,10,4.58016778e-01,2.14797417e+00
258,5.17000000e+00,10,4.58016778e-01,2.14903930e+00
259,5.19000000e+00,10,4.58016778e-01,2.15010894e+00
260,5.21000000e+00,10,4.58016778e-01,2.15118310e+00
261,5.23000000e+00,10,4.58016778e-01,2.15226178e+00
262,5.25000000e+00,10,4.58016778e-01,2.15334499e+00
263,5.27000000e+00,10,4.58016778e-01,2.15443272e+00
264,5.29000000e+00,10,4.58016778e-01,2.15552498e+00
265,5.31000000e+00,10,4.58016778e-01,2.15662178e+00
266,5.33000000e+00,10,4.58016778e-01,2.15772312e+00
267,5.35000000e+00,10,4.58016778e-01,2.15882900e+00
268,5.37000000e+00,10,4.58016778e-01,2.15993943e+00
269,5.39000000e+00,10,4.58016778e-01,2.16105441e+00
270,5.41000000e+00,10,4.58016778e-01,2.16217395e+00
271,5.43000000e+00,10,4.58016778e-01,2.16329805e+00
272,5.45000000e+00,10,4.58016778e-01,2.16442671e+00
273,5.47000000e+00,10,4.58016778e-01,2.16555994e+00
274,5.49000000e+00,10,4.58016778e-01,2.16669774e+00
275,5.51000000e+00,10,4.58016778e-01,2.16784012e+00
276,5.53000000e+00,10,4.58016778e-01,2.16898708e+00
277,5.55000000e+00,10,4.58016778e-01,2.17013862e+00
278,5.57000000e+00,10,4.58016778e-01,2.17129476e+00
279,5.59000000e+00,10,4.58016778e-01,2.17245548e+00
280,5.61000000e+00,10,4.58016778e-01,2.17362081e+00
281,5.63000000e+00,10,4.58016778e-01,2.17479073e+00
282,5.65000000e+00,10,4.58016778e-01,2.17596526e+00
283,5.67000000e+00,10,4.58016778e-01,2.17714440e+00
284,5.69000000e+00,10,4.58016778e-01,2.17832816e+00
285,5.71000000e+00,10,4.58016778e-01,2.17951653e+00
286,5.73000000e+00,10,4.58016778e-01,2.18070953e+00
287,5.75000000e+00,10,4.58016778e-01,2.18190715e+00
288,5.77000000e+00,10,4.58016778e-01,2.18310941e+00
289,5.79000000e+00,10,4.58016778e-01,2.18431630e+00
290,5.81000000e+00,10,4.58016778e-01,2.18552783e+00
291,5.83000000e+00,10,4.58016778e-01,2.18674401e+00
292,5.85000000e+00,10,4.58016778e-01,2.18796483e+00
293,5.87000000e+00,10,4.58016778e-01,2.18919031e+00
294,5.89000000e+00,10,4.58016778e-01,2.19042045e+00
295,5.91000000e+00,10,4.58016778e-01,2.19165525e+00
296,5.93000000e+00,10,4.58016778e-01,2.19289471e+00
297,5.95000000e+00,10,4.58016778e-01,2.19413885e+00
298,5.97000000e+00,10,4.58016778e-01,2.19538767e+00
299,5.99000000e+00,10,4.58016778e-01,2.19664116e+00
300,6.01000000e+00,10,4.58016778e-01,2.19789934e+00
301,6.03000000e+00,10,4.58016778e-01,2.19916221e+00
302,6.05000000e+00,10,4.58016778e-01,2.20042978e+00
303,6.07000000e+00,10,4.58016778e-01,2.20170204e+00
304,6.09000000e+00,10,4.58016778e-01,2.20297900e+00
305,6.11000000e+00,10,4.58016778e-01,2.20426068e+00
306,6.13000000e+00,10,4.58016778e-01,2.20554707e+00
307,6.15000000e+00,10,4.58016778e-01,2.20683817e+00
308,6.17000000e+00,10,4.58016778e-01,2.20813400e+00
309,6.19000000e+00,10,4.58016778e-01,2.20943455e+00
310,6.21000000e+00,10,4.58016778e-01,2.21073984e+00
311,6.23000000e+00,10,4.58016778e-01,2.21204986e+00
312,6.25000000e+00,10,4.58016778e-01,2.21336462e+00
313,6.27000000e+00,10,4.58016778e-01,2.21468413e+00
314,6.29000000e+00,10,4.58016778e-01,2.21600839e+00
315,6.31000000e+00,10,4.58016778e-01,2.21733740e+00
316,6.33000000e+00,10,4.58016778e-01,2.21867118e+00
317,6.35000000e+00,10,4.58016778e-01,2.22000972e+00
318,6.37000000e+00,10,4.58016778e-01,2.22135303e+00
319,6.39000000e+00,10,4.58016778e-01,2.22270111e+00
320,6.41000000e+00,10,4.58016778e-01,2.22405398e+00
321,6.43000000e+00,10,4.58016778e-01,2.22541163e+00
322,6.45000000e+00,10,4.58016778e-01,2.22677407e+00
323,6.47000000e+00,10,4.58016778e-01,2.22814130e+00
324,6.49000000e+00,10,4.58016778e-01,2.22951334e+00
325,6.51000000e+00,10,4.58016778e-01,2.23089017e+00
326,6.53000000e+00,10,4.58016778e-01,2.23227182e+00
327,6.55000000e+00,10,4.58016778e-01,2.23365828e+00
328,6.57000000e+00,10,4.58016778e-01,2.23504957e+00
329,6.59000000e+00,10,4.58016778e-01,2.23644567e+00
330,6.61000000e+00,10,4.58016778e-01,2.23784661e+00
331,6.63000000e+00,10,4.58016778e-01,2.23925238e+00
332,6.65000000e+00,10,4.58016778e-01,2.24066299e+00
333,6.67000000e+00,10,4.58016778e-01,2.24207845e+00
334,6.69000000e+00,10,4.58016778e-01,2.24349875e+00
335,6.71000000e+00,10,4.58016778e-01,2.24492391e+00
336,6.73000000e+00,10,4.58016778e-01,2.24635393e+00
337,6.75000000e+00,10,4.58016778e-01,2.24778882e+00
338,6.77000000e+00,10,4.58016778e-01,2.24922858e+00
339,6.79000000e+00,10,4.58016778e-01,2.25067321e+00
340,6.81000000e+00,10,4.58016778e-01,2.25212273e+00
341,6.83000000e+00,10,4.58016778e-01,2.25357713e+00
342,6.85000000e+00,10,4.58016778e-01,2.25503642e+00
343,6.87000000e+00,10,4.58016778e-01,2.25650061e+00
344,6.89000000e+00,10,4.58016778e-01,2.25796970e+00
345,6.91000000e+00,10,4.58016778e-01,2.25944370e+00
346,6.93000000e+00,10,4.58016778e-01,2.26092261e+00
347,6.95000000e+00,10,4.58016778e-01,2.26240644e+00
348,6.97000000e+00,10,4.58016778e-01,2.26389520e+00
349,6.99000000e+00,10,4.58016778e-01,2.26538888e+00
350,7.01000000e+00,10,4.58016778e-01,2.26688749e+00
351,7.03000000e+00,10,4.58016778e-01,2.26839105e+00
352,7.05000000e+00,10,4.58016778e-01,2.26989955e+00
353,7.07000000e+00,10,4.58016778e-01,2.27141299e+00
354,7.09000000e+00,10,4.58016778e-01,2.27293140e+00
355,7.11000000e+00,10,4.58016778e-01,2.27445476e+00
356,7.13000000e+00,10,4.58016778e-01,2.27598309e+00
357,7.15000000e+00,10,4.58016778e-01,2.27751639e+00
358,7.17000000e+00,10,4.58016778e-01,2.27905467e+00
359,7.19000000e+00,10,4.58016778e-01,2.28059793e+00
360,7.21000000e+00,10,4.58016778e-01,2.28214617e+00
361,7.23000000e+00,10,4.58016778e-01,2.28369941e+00
362,7.25000000e+00,10,4.58016778e-01,2.28525764e+00
363,7.27000000e+00,10,4.58016778e-01,2.28682088e+00
364,7.29000000e+00,10,4.58016778e-01,2.28838912e+00
365,7.31000000e+00,10,4.58016778e-01,2.28996238e+00
366,7.33000000e+00,10,4.58016778e-01,2.29154065e+00
367,7.35000000e+00,10,4.58016778e-01,2.29312395e+00
368,7.37000000e+00,10,4.58016778e-01,2.29471228e+00
369,7.39000000e+00,10,4.58016778e-01,2.29630563e+00
370,7.41000000e+00,10,4.58016778e-01,2.29790403e+00
371,7.43000000e+00,10,4.58016778e-01,2.29950746e+00
372,7.45000000e+00,10,4.58016778e-01,2.30111595e+00
373,7.47000000e+00,10,4.58016778e-01,2.30272948e+00
374,7.49000000e+00,10,4.58016778e-01,2.30434807e+00
375,7.51000000e+00,10,4.58016778e-01,2.30597172e+00
376,7.53000000e+00,10,4.58016778e-01,2.30760044e+00
377,7.55000000e+00,10,4.58016778e-01,2.30923422e+00
378,7.57000000e+00,10,4.58016778e-01,2.31087308e+00
379,7.59000000e+00,10,4.58016778e-01,2.31251701e+00
380,7.61000000e+00,10,4.58016778e-01,2.31416602e+00
381,7.63000000e+00,10,4.58016778e-01,2.31582011e+00
382,7.65000000e+00,10,4.58016778e-01,2.31747929e+00
383,7.67000000e+00,10,4.58016778e-01,2.31914355e+00
384,7.69000000e+00,10,4.58016778e-01,2.32081291e+00
385,7.71000000e+00,10,4.58016778e-01,2.32248736e+00
386,7.73000000e+00,10,4.58016778e-01,2.32416690e+00
387,7.75000000e+00,10,4.58016778e-01,2.32585154e+00
388,7.77000000e+00,10,4.58016778e-01,2.32754127e+00
389,7.79000000e+00,10,4.58016778e-01,2.32923610e+00
390,7.81000000e+00,10,4.58016778e-01,2.33093603e+00
391,7.83000000e+00,10,4.58016778e-01,2.33264105e+00
392,7.85000000e+00,10,4.58016778e-01,2.33435116e+00
393,7.87000000e+00,10,4.58016778e-01,2.33606636e+00
394,7.89000000e+00,10,4.58016778e-01,2.33778665e+00
395,7.91000000e+00,10,4.58016778e-01,2.33951203e+00
396,7.93000000e+00,10,4.58016778e-01,2.34124248e+00
397,7.95000000e+00,10,4.58016778e-01,2.34297800e+00
398,7.97000000e+00,10,4.58016778e-01,2.34471859e+00
399,7.99000000e+00,10,4.58016778e-01,2.34646423e+00
400,8.01000000e+00,10,4.58016778e-01,2.34821491e+00
401,8.03000000e+00,10,4.58016778e-01,2.34997063e+00
402,8.05000000e+00,10,4.58016778e-01,2.35173137e+00
403,8.07000000e+00,10,4.58016778e-01,2.35349711e+00
404,8.09000000e+00,10,4.58016778e-01,2.35526784e+00
405,8.11000000e+00,10,4.58016778e-01,2.35704354e+00
406,8.13000000e+00,10,4.58016778e-01,2.35882418e+00
407,8.15000000e+00,10,4.58016778e-01,2.36060973e+00
408,8.17000000e+00,10,4.58016778e-01,2.36240018e+00
409,8.19000000e+00,10,4.58016778e-01,2.36419549e+00
410,8.21000000e+00,10,4.58016778e-01,2.36599562e+00
411,8.23000000e+00,10,4.58016778e-01,2.36780054e+00
412,8.25000000e+00,10,4.58016778e-01,2.36961019e+00
413,8.27000000e+00,10,4.58016778e-01,2.37142455e+00
414,8.29000000e+00,10,4.58016778e-01,2.37324354e+00
415,8.31000000e+00,10,4.58016778e-01,2.37506712e+00
416,8.33000000e+00,10,4.58016778e-01,2.37689522e+00
417,8.35000000e+00,10,4.58016778e-01,2.37872776e+00
418,8.37000000e+00,10,4.58016778e-01,2.38056468e+00
419,8.39000000e+00,10,4.58016778e-01,2.38240588e+00
420,8.41000000e+00,10,4.58016778e-01,2.38425127e+00
421,8.43000000e+00,10,4.58016778e-01,2.38610075e+00
422,8.45000000e+00,10,4.58016778e-01,2.38795420e+00
423,8.47000000e+00,10,4.58016778e-01,2.38981152e+00
424,8.49000000e+00,10,4.58016778e-01,2.39167255e+00
425,8.51000000e+00,10,4.58016778e-01,2.39353716e+00
426,8.53000000e+00,10,4.58016778e-01,2.39540518e+00
427,8.55000000e+00,10,4.58016778e-01,2.39727645e+00
428,8.57000000e+00,10,4.58016778e-01,2.39915078e+00
429,8.59000000e+00,10,4.58016778e-01,2.40102797e+00
430,8.61000000e+00,10,4.58016778e-01,2.40290780e+00
431,8.63000000e+00,10,4.58016778e-01,2.40479004e+00
432,8.65000000e+00,10,4.58016778e-01,2.40667443e+00
433,8.67000000e+00,10,4.58016778e-01,2.40856072e+00
434,8.69000000e+00,10,4.58016778e-01,2.41044862e+00
435,8.71000000e+00,10,4.58016778e-01,2.41233781e+00
436,8.73000000e+00,10,4.58016778e-01,2.41422800e+00
437,8.75000000e+00,10,4.58016778e-01,2.41611883e+00
438,8.77000000e+00,10,4.58016778e-01,2.41800996e+00
439,8.79000000e+00,10,4.58016778e-01,2.41990103e+00
440,8.81000000e+00,10,4.58016778e-01,2.42179167e+00
441,8.83000000e+00,10,4.58016778e-01,2.42368151e+00
442,8.85000000e+00,10,4.58016778e-01,2.42557017e+00
443,8.87000000e+00,10,4.58016778e-01,2.42745730e+00
444,8.89000000e+00,10,4.58016778e-01,2.42934256e+00
445,8.91000000e+00,10,4.58016778e-01,2.43122565e+00
446,8.93000000e+00,10,4.58016778e-01,2.43310631e+00
447,8.95000000e+00,10,4.58016778e-01,2.43498437e+00
448,8.97000000e+00,10,4.58016778e-01,2.43685973e+00
449,8.99000000e+00,10,4.58016778e-01,2.43873245e+00
450,9.01000000e+00,10,4.58016778e-01,2.44060274e+00
451,9.03000000e+00,10,4.58016778e-01,2.44247103e+00
452,9.05000000e+00,10,4.58016778e-01,2.44433804e+00
453,9.07000000e+00,10,4.58016778e-01,2.44620480e+00
454,9.09000000e+00,10,4.58016778e-01,2.44807281e+00
455,9.11000000e+00,10,4.58016778e-01,2.44994408e+00
456,9.13000000e+00,10,4.58016778e-01,2.45182127e+00
457,9.15000000e+00,10,4.58016778e-01,2.45370786e+00
458,9.17000000e+00,10,4.58016778e-01,2.45560829e+00
459,9.19000000e+00,10,4.58016778e-01,2.45752817e+00
460,9.21000000e+00,10,4.58016778e-01,2.45947456e+00
461,9.23000000e+00,10,4.58016778e-01,2.46145618e+00
462,9.25000000e+00,10,4.58016778e-01,2.46348380e+00
463,9.27000000e+00,10,4.58016778e-01,2.46557061e+00
464,9.29000000e+00,10,4.58016778e-01,2.46773263e+00
465,9.31000000e+00,10,4.58016778e-01,2.46998920e+00
466,9.33000000e+00,10,4.58016778e-01,2.47236357e+00
467,9.35000000e+00,10,4.58016778e-01,2.47488349e+00
468,9.37000000e+00,10,4.58016778e-01,2.47758186e+00
469,9.39000000e+00,10,4.58016778e-01,2.48049744e+00
470,9.41000000e+00,10,4.58016778e-01,2.48367551e+00
471,9.43000000e+00,10,4.58016778e-01,2.48716854e+00
472,9.45000000e+00,10,4.58016778e-01,2.49103664e+00
473,9.47000000e+00,10,4.58016778e-01,2.49534785e+00
474,9.49000000e+00,10,4.58016778e-01,2.50017785e+00
475,9.51000000e+00,10,4.58016778e-01,2.50560898e+00
476,9.53000000e+00,10,4.58016778e-01,2.51172807e+00
477,9.55000000e+00,10,4.58016778e-01,2.51862233e+00
478,9.57000000e+00,10,4.58016778e-01,2.52637253e+00
479,9.59000000e+00,10,4.58016778e-01,2.53504186e+00
480,9.61000000e+00,10,4.58016778e-01,2.54465851e+00
481,9.63000000e+00,10,4.58016778e-01,2.55518892e+00
482,9.65000000e+00,10,4.58016778e-01,2.56649708e+00
483,9.67000000e+00,10,4.58016778e-01,2.57828347e+00
484,9.69000000e+00,10,4.58016778e-01,2.58999389e+00
485,9.71000000e+00,10,4.58016778e-01,2.60068381e+00
486,9.73000000e+00,10,4.58016778e-01,2.60881753e+00
487,9.75000000e+00,10,4.58016778e-01,2.61197069e+00
488,9.77000000e+00,10,4.58016778e-01,2.60639046e+00
489,9.79000000e+00,10,4.58016778e-01,2.58634375e+00
490,9.81000000e+00,10,4.58016778e-01,2.54314652e+00
491,9.83000000e+00,10,4.58016778e-01,2.46369827e+00
492,9.85000000e+00,10,4.58016778e-01,2.32819361e+00
493,9.87000000e+00,10,4.58016778e-01,2.10626632e+00
494,9.89000000e+00,10,4.58016778e-01,1.74946872e+00
495,9.91000000e+00,10,4.58016778e-01,1.17316522e+00
496,9.93000000e+00,10,4.58016778e-01,2.02957178e-01
497,9.95000000e+00,10,4.58016778e-01,-1.60730810e+00
498,9.97000000e+00,10,4.58016778e-01,-5.63850895e+00
499,9.99000000e+00,10,4.58016778e-01,-1.66951751e+01
0,1.00000000e-02,11,6.17876244e-01,2.01569861e+00
1,3.00000000e-02,11,6.17876244e-01,2.01568274e+00
2,5.00000000e-02,11,6.17876244e-01,2.01566763e+00
3,7.00000000e-02,11,6.17876244e-01,2.01565715e+00
4,9.00000000e-02,11,6.17876244e-01,2.01565237e+00
5,1.10000000e-01,11,6.17876244e-01,2.01564864e+00
6,1.30000000e-01,11,6.17876244e-01,2.01565109e+00
7,1.50000000e-01,11,6.17876244e-01,2.01565732e+00
8,1.70000000e-01,11,6.17876244e-01,2.01566602e+00
9,1.90000000e-01,11,6.17876244e-01,2.01568142e+00
10,2.10000000e-01,11,6.17876244e-01,2.01569798e+00
11,2.30000000e-01,11,6.17876244e-01,2.01572120e+00
12,2.50000000e-01,11,6.17876244e-01,2.01574640e+00
13,2.70000000e-01,11,6.17876244e-01,2.01577720e+00
14,2.90000000e-01,11,6.17876244e-01,2.01581096e+00
15,3.10000000e-01,11,6.17876244e-01,2.01584951e+00
16,3.30000000e-01,11,6.17876244e-01,2.01589163e+00
17,3.50000000e-01,11,6.17876244e-01,2.01593811e+00
18,3.70000000e-01,11,6.17876244e-01,2.01598845e+00
19,3.90000000e-01,11,6.17876244e-01,2.01604294e+00
20,4.10000000e-01,11,6.17876244e-01,2.01610142e+00
21,4.30000000e-01,11,6.17876244e-01,2.01616398e+00
22,4.50000000e-01,11,6.17876244e-01,2.01623056e+00
23,4.70000000e-01,11,6.17876244e-01,2.01630120e+00
24,4.90000000e-01,11,6.17876244e-01,2.01637588e+00
25,5.10000000e-01,11,6.17876244e-01,2.01645460e+00
26,5.30000000e-01,11,6.17876244e-01,2.01653736e+00
27,5.50000000e-01,11,6.17876244e-01,2.01662417e+00
28,5.70000000e-01,11,6.17876244e-01,2.01671501e+00
29,5.90000000e-01,11,6.17876244e-01,2.01680990e+00
30,6.10000000e-01,11,6.17876244e-01,2.01690883e+00
31,6.30000000e-01,11,6.17876244e-01,2.01701180e+00
32,6.50000000e-01,11,6.17876244e-01,2.01711881e+00
33,6.70000000e-01,11,6.17876244e-01,2.01722986e+00
34,6.90000000e-01,11,6.17876244e-01,2.01734496e+00
35,7.10000000e-01,11,6.17876244e-01,2.01746409e+00
36,7.30000000e-01,11,6.17876244e-01,2.01758727e+00
37,7.50000000e-01,11,6.17876244e-01,2.01771449e+00
38,7.70000000e-01,11,6.17876244e-01,2.01784576e+00
39,7.90000000e-01,11,6.17876244e-01,2.01798106e+00
40,8.10000000e-01,11,6.17876244e-01,2.01812041e+00
41,8.30000000e-01,11,6.17876244e-01,2.01826380e+00
42,8.50000000e-01,11,6.17876244e-01,2.01841123e+00
43,8.70000000e-01,11,6.17876244e-01,2.01856271e+00
44,8.90000000e-01,11,6.17876244e-01,2.01871823e+00
45,9.10000000e-01,11,6.17876244e-01,2.01887780e+00
46,9.30000000e-01,11,6.17876244e-01,2.01904141e+00
47,9.50000000e-01,11,6.17876244e-01,2.01920907e+00
48,9.70000000e-01,11,6.17876244e-01,2.01938077e+00
49,9.90000000e-01,11,6.17876244e-01,2.01955652e+00
50,1.01000000e+00,11,6.17876244e-01,2.01973632e+00
51,1.03000000e+00,11,6.17876244e-01,2.01992016e+00
52,1.05000000e+00,11,6.17876244e-01,2.02010805e+00
53,1.07000000e+00,11,6.17876244e-01,2.02029999e+00
54,1.09000000e+00,11,6.17876244e-01,2.02049598e+00
55,1.11000000e+00,11,6.17876244e-01,2.02069602e+00
56,1.13000000e+00,11,6.17876244e-01,2.02090012e+00
57,1.15000000e+00,11,6.17876244e-01,2.02110826e+00
58,1.17000000e+00,11,6.17876244e-01,2.02132045e+00
59,1.19000000e+00,11,6.17876244e-01,2.02153670e+00
60,1.21000000e+00,11,6.17876244e-01,2.02175700e+00
61,1.23000000e+00,11,6.17876244e-01,2.02198135e+00
62,1.25000000e+00,11,6.17876244e-01,2.02220976e+00
63,1.27000000e+00,11,6.17876244e-01,2.02244223e+00
64,1.29000000e+00,11,6.17876244e-01,2.02267875e+00
65,1.31000000e+00,11,6.17876244e-01,2.02291933e+00
66,1.33000000e+00,11,6.17876244e-01,2.02316397e+00
67,1.35000000e+00,11,6.17876244e-01,2.02341266e+00
68,1.37000000e+00,11,6.17876244e-01,2.02366542e+00
69,1.39000000e+00,11,6.17876244e-01,2.02392224e+00
70,1.41000000e+00,11,6.17876244e-01,2.02418311e+00
71,1.43000000e+00,11,6.17876244e-01,2.02444806e+00
72,1.45000000e+00,11,6.17876244e-01,2.02471706e+00
73,1.47000000e+00,11,6.17876244e-01,2.02499013e+00
74,1.49000000e+00,11,6.17876244e-01,2.02526726e+00
75,1.51000000e+00,11,6.17876244e-01,2.02554846e+00
76,1.53000000e+00,11,6.17876244e-01,2.02583373e+00
77,1.55000000e+00,11,6.17876244e-01,2.02612306e+00
78,1.57000000e+00,11,6.17876244e-01,2.02641647e+00
79,1.59000000e+00,11,6.17876244e-01,2.02671394e+00
80,1.61000000e+00,11,6.17876244e-01,2.02701549e+00
81,1.63000000e+00,11,6.17876244e-01,2.02732111e+00
82,1.65000000e+00,11,6.17876244e-01,2.02763080e+00
83,1.67000000e+00,11,6.17876244e-01,2.02794457e+00
84,1.69000000e+00,11,6.17876244e-01,2.02826241e+00
85,1.71000000e+00,11,6.17876244e-01,2.02858433e+00
86,1.73000000e+00,11,6.17876244e-01,2.02891032e+00
87,1.75000000e+00,11,6.17876244e-01,2.02924040e+00
88,1.77000000e+00,11,6.17876244e-01,2.02957456e+00
89,1.79000000e+00,11,6.17876244e-01,2.02991279e+00
90,1.81000000e+00,11,6.17876244e-01,2.03025511e+00
91,1.83000000e+00,11,6.17876244e-01,2.03060152e+00
92,1.85000000e+00,11,6.17876244e-01,2.03095201e+00
93,1.87000000e+00,11,6.17876244e-01,2.03130658e+00
94,1.89000000e+00,11,6.17876244e-01,2.03166525e+00
95,1.91000000e+00,11,6.17876244e-01,2.03202800e+00
96,1.93000000e+00,11,6.17876244e-01,2.03239484e+00
97,1.95000000e+00,11,6.17876244e-01,2.03276578e+00
98,1.97000000e+00,11,6.17876244e-01,2.03314080e+00
99,1.99000000e+00,11,6.17876244e-01,2.03351992e+00
100,2.01000000e+00,11,6.17876244e-01,2.03390314e+00
101,2.03000000e+00,11,6.17876244e-01,2.03429045e+00
102,2.05000000e+00,11,6.17876244e-01,2.03468186e+00
103,2.07000000e+00,11,6.17876244e-01,2.03507737e+00
104,2.09000000e+00,11,6.17876244e-01,2.03547699e+00
105,2.11000000e+00,11,6.17876244e-01,2.03588070e+00
106,2.13000000e+00,11,6.17876244e-01,2.03628852e+00
107,2.15000000e+00,11,6.17876244e-01,2.03670044e+00
108,2.17000000e+00,11,6.17876244e-01,2.03711647e+00
109,2.19000000e+00,11,6.17876244e-01,2.03753661e+00
110,2.21000000e+00,11,6.17876244e-01,2.03796086e+00
111,2.23000000e+00,11,6.17876244e-01,2.03838922e+00
112,2.25000000e+00,11,6.17876244e-01,2.03882169e+00
113,2.27000000e+00,11,6.17876244e-01,2.03925828e+00
114,2.29000000e+00,11,6.17876244e-01,2.03969899e+00
115,2.31000000e+00,11,6.17876244e-01,2.04014381e+00
116,2.33000000e+00,11,6.17876244e-01,2.04059275e+00
117,2.35000000e+00,11,6.17876244e-01,2.04104581e+00
118,2.37000000e+00,11,6.17876244e-01,2.04150299e+00
119,2.39000000e+00,11,6.17876244e-01,2.04196430e+00
120,2.41000000e+00,11,6.17876244e-01,2.04242973e+00
121,2.43000000e+00,11,6.17876244e-01,2.04289930e+00
122,2.45000000e+00,11,6.17876244e-01,2.04337299e+00
123,2.47000000e+00,11,6.17876244e-01,2.04385081e+00
124,2.49000000e+00,11,6.17876244e-01,2.04433276e+00
125,2.51000000e+00,11,6.17876244e-01,2.04481885e+00
126,2.53000000e+00,11,6.17876244e-01,2.04530907e+00
127,2.55000000e+00,11,6.17876244e-01,2.04580343e+00
128,2.57000000e+00,11,6.17876244e-01,2.04630193e+00
129,2.59000000e+00,11,6.17876244e-01,2.04680458e+00
130,2.61000000e+00,11,6.17876244e-01,2.04731136e+00
131,2.63000000e+00,11,6.17876244e-01,2.04782229e+00
132,2.65000000e+00,11,6.17876244e-01,2.04833737e+00
133,2.67000000e+00,11,6.17876244e-01,2.04885660e+00
134,2.69000000e+00,11,6.17876244e-01,2.04937997e+00
135,2.71000000e+00,11,6.17876244e-01,2.04990750e+00
136,2.73000000e+00,11,6.17876244e-01,2.05043918e+00
137,2.75000000e+00,11,6.17876244e-01,2.05097502e+00
138,2.77000000e+00,11,6.17876244e-01,2.05151502e+00
139,2.79000000e+00,11,6.17876244e-01,2.05205918e+00
140,2.81000000e+00,11,6.17876244e-01,2.05260750e+00
141,2.83000000e+00,11,6.17876244e-01,2.05315998e+00
142,2.85000000e+00,11,6.17876244e-01,2.05371663e+00
143,2.87000000e+00,11,6.17876244e-01,2.05427745e+00
144,2.89000000e+00,11,6.17876244e-01,2.05484244e+00
145,2.91000000e+00,11,6.17876244e-01,2.05541160e+00
146,2.93000000e+00,11,6.17876244e-01,2.05598493e+00
147,2.95000000e+00,11,6.17876244e-01,2.05656244e+00
148,2.97000000e+00,11,6.17876244e-01,2.05714413e+00
149,2.99000000e+00,11,6.17876244e-01,2.05773000e+00
150,3.01000000e+00,11,6.17876244e-01,2.05832005e+00
151,3.03000000e+00,11,6.17876244e-01,2.05891428e+00
152,3.05000000e+00,11,6.17876244e-01,2.05951270e+00
153,3.07000000e+00,11,6.17876244e-01,2.06011532e+00
154,3.09000000e+00,11,6.17876244e-01,2.06072212e+00
155,3.11000000e+00,11,6.17876244e-01,2.06133311e+00
156,3.13000000e+00,11,6.17876244e-01,2.06194830e+00
157,3.15000000e+00,11,6.17876244e-01,2.06256769e+00
158,3.17000000e+00,11,6.17876244e-01,2.06319128e+00
159,3.19000000e+00,11,6.17876244e-01,2.06381907e+00
160,3.21000000e+00,11,6.17876244e-01,2.06445107e+00
161,3.23000000e+00,11,6.17876244e-01,2.06508727e+00
162,3.25000000e+00,11,6.17876244e-01,2.06572768e+00
163,3.27000000e+00,11,6.17876244e-01,2.06637230e+00
164,3.29000000e+00,11,6.17876244e-01,2.06702113e+00
165,3.31000000e+00,11,6.17876244e-01,2.06767419e+00
166,3.33000000e+00,11,6.17876244e-01,2.06833145e+00
167,3.35000000e+00,11,6.17876244e-01,2.06899294e+00
168,3.37000000e+00,11,6.17876244e-01,2.06965866e+00
169,3.39000000e+00,11,6.17876244e-01,2.07032860e+00
170,3.41000000e+00,11,6.17876244e-01,2.07100276e+00
171,3.43000000e+00,11,6.17876244e-01,2.07168116e+00
172,3.45000000e+00,11,6.17876244e-01,2.07236379e+00
173,3.47000000e+00,11,6.17876244e-01,2.07305065e+00
174,3.49000000e+00,11,6.17876244e-01,2.07374176e+00
175,3.51000000e+00,11,6.17876244e-01,2.07443710e+00
176,3.53000000e+00,11,6.17876244e-01,2.07513668e+00
177,3.55000000e+00,11,6.17876244e-01,2.07584051e+00
178,3.57000000e+00,11,6.17876244e-01,2.07654859e+00
179,3.59000000e+00,11,6.17876244e-01,2.07726092e+00
180,3.61000000e+00,11,6.17876244e-01,2.07797750e+00
181,3.63000000e+00,11,6.17876244e-01,2.07869834e+00
182,3.65000000e+00,11,6.17876244e-01,2.07942343e+00
183,3.67000000e+00,11,6.17876244e-01,2.08015279e+00
184,3.69000000e+00,11,6.17876244e-01,2.08088641e+00
185,3.71000000e+00,11,6.17876244e-01,2.08162429e+00
186,3.73000000e+00,11,6.17876244e-01,2.08236645e+00
187,3.75000000e+00,11,6.17876244e-01,2.08311287e+00
188,3.77000000e+00,11,6.17876244e-01,2.08386357e+00
189,3.79000000e+00,11,6.17876244e-01,2.08461855e+00
190,3.81000000e+00,11,6.17876244e-01,2.08537780e+00
191,3.83000000e+00,11,6.17876244e-01,2.08614134e+00
192,3.85000000e+00,11,6.17876244e-01,2.08690916e+00
193,3.87000000e+00,11,6.17876244e-01,2.08768127e+00
194,3.89000000e+00,11,6.17876244e-01,2.08845767e+00
195,3.91000000e+00,11,6.17876244e-01,2.08923836e+00
196,3.93000000e+00,11,6.17876244e-01,2.09002335e+00
197,3.95000000e+00,11,6.17876244e-01,2.09081264e+00
198,3.97000000e+00,11,6.17876244e-01,2.09160623e+00
199,3.99000000e+00,11,6.17876244e-01,2.09240413e+00
200,4.01000000e+00,11,6.17876244e-01,2.09320633e+00
201,4.03000000e+00,11,6.17876244e-01,2.09401284e+00
202,4.05000000e+00,11,6.17876244e-01,2.09482367e+00
203,4.07000000e+00,11,6.17876244e-01,2.09563881e+00
204,4.09000000e+00,11,6.17876244e-01,2.09645827e+00
205,4.11000000e+00,11,6.17876244e-01,2.09728206e+00
206,4.13000000e+00,11,6.17876244e-01,2.09811017e+00
207,4.15000000e+00,11,6.17876244e-01,2.09894260e+00
208,4.17000000e+00,11,6.17876244e-01,2.09977937e+00
209,4.19000000e+00,11,6.17876244e-01,2.10062048e+00
210,4.21000000e+00,11,6.17876244e-01,2.10146592e+00
211,4.23000000e+00,11,6.17876244e-01,2.10231570e+00
212,4.25000000e+00,11,6.17876244e-01,2.10316982e+00
213,4.27000000e+00,11,6.17876244e-01,2.10402829e+00
214,4.29000000e+00,11,6.17876244e-01,2.10489111e+00
215,4.31000000e+00,11,6.17876244e-01,2.10575828e+00
216,4.33000000e+00,11,6.17876244e-01,2.10662981e+00
217,4.35000000e+00,11,6.17876244e-01,2.10750570e+00
218,4.37000000e+00,11,6.17876244e-01,2.10838595e+00
219,4.39000000e+00,11,6.17876244e-01,2.10927056e+00
220,4.41000000e+00,11,6.17876244e-01,2.11015955e+00
221,4.43000000e+00,11,6.17876244e-01,2.11105290e+00
222,4.45000000e+00,11,6.17876244e-01,2.11195063e+00
223,4.47000000e+00,11,6.17876244e-01,2.11285274e+00
224,4.49000000e+00,11,6.17876244e-01,2.11375923e+00
225,4.51000000e+00,11,6.17876244e-01,2.11467010e+00
226,4.53000000e+00,11,6.17876244e-01,2.11558537e+00
227,4.55000000e+00,11,6.17876244e-01,2.11650502e+00
228,4.57000000e+00,11,6.17876244e-01,2.11742907e+00
229,4.59000000e+00,11,6.17876244e-01,2.11835751e+00
230,4.61000000e+00,11,6.17876244e-01,2.11929036e+00
231,4.63000000e+00,11,6.17876244e-01,2.12022761e+00
232,4.65000000e+00,11,6.17876244e-01,2.12116928e+00
233,4.67000000e+00,11,6.17876244e-01,2.12211535e+00
234,4.69000000e+00,11,6.17876244e-01,2.12306584e+00
235,4.71000000e+00,11,6.17876244e-01,2.12402074e+00
236,4.73000000e+00,11,6.17876244e-01,2.12498007e+00
237,4.75000000e+00,11,6.17876244e-01,2.12594382e+00
238,4.77000000e+00,11,6.17876244e-01,2.12691200e+00
239,4.79000000e+00,11,6.17876244e-01,2.12788462e+00
240,4.81000000e+00,11,6.17876244e-01,2.12886167e+00
241,4.83000000e+00,11,6.17876244e-01,2.12984316e+00
242,4.85000000e+00,11,6.17876244e-01,2.13082909e+00
243,4.87000000e+00,11,6.17876244e-01,2.13181947e+00
244,4.89000000e+00,11,6.17876244e-01,2.13281430e+00
245,4.91000000e+00,11,6.17876244e-01,2.13381358e+00
246,4.93000000e+00,11,6.17876244e-01,2.13481732e+00
247,4.95000000e+00,11,6.17876244e-01,2.13582553e+00
248,4.97000000e+00,11,6.17876244e-01,2.13683819e+00
249,4.99000000e+00,11,6.17876244e-01,2.13785533e+00
250,5.01000000e+00,11,6.17876244e-01,2.13887693e+00
251,5.03000000e+00,11,6.17876244e-01,2.13990301e+00
252,5.05000000e+00,11,6.17876244e-01,2.14093358e+00
253,5.07000000e+00,11,6.17876244e-01,2.14196862e+00
254,5.09000000e+00,11,6.17876244e-01,2.14300815e+00
255,5.11000000e+00,11,6.17876244e-01,2.14405217e+00
256,5.13000000e+00,11,6.17876244e-01,2.14510069e+00
257,5.15000000e+00,11,6.17876244e-01,2.14615371e+00
258,5.17000000e+00,11,6.17876244e-01,2.14721122e+00
259,5.19000000e+00,11,6.17876244e-01,2.14827325e+00
260,5.21000000e+00,11,6.17876244e-01,2.14933978e+00
261,5.23000000e+00,11,6.17876244e-01,2.15041082e+00
262,5.25000000e+00,11,6.17876244e-01,2.15148639e+00
263,5.27000000e+00,11,6.17876244e-01,2.15256647e+00
264,5.29000000e+00,11,6.17876244e-01,2.15365108e+00
265,5.31000000e+00,11,6.17876244e-01,2.15474022e+00
266,5.33000000e+00,11,6.17876244e-01,2.15583390e+00
267,5.35000000e+00,11,6.17876244e-01,2.15693211e+00
268,5.37000000e+00,11,6.17876244e-01,2.15803486e+00
269,5.39000000e+00,11,6.17876244e-01,2.15914215e+00
270,5.41000000e+00,11,6.17876244e-01,2.16025400e+00
271,5.43000000e+00,11,6.17876244e-01,2.16137040e+00
272,5.45000000e+00,11,6.17876244e-01,2.16249135e+00
273,5.47000000e+00,11,6.17876244e-01,2.16361687e+00
274,5.49000000e+00,11,6.17876244e-01,2.16474695e+00
275,5.51000000e+00,11,6.17876244e-01,2.16588161e+00
276,5.53000000e+00,11,6.17876244e-01,2.16702083e+00
277,5.55000000e+00,11,6.17876244e-01,2.16816464e+00
278,5.57000000e+00,11,6.17876244e-01,2.16931302e+00
279,5.59000000e+00,11,6.17876244e-01,2.17046599e+00
280,5.61000000e+00,11,6.17876244e-01,2.17162355e+00
281,5.63000000e+00,11,6.17876244e-01,2.17278571e+00
282,5.65000000e+00,11,6.17876244e-01,2.17395246e+00
283,5.67000000e+00,11,6.17876244e-01,2.17512382e+00
284,5.69000000e+00,11,6.17876244e-01,2.17629979e+00
285,5.71000000e+00,11,6.17876244e-01,2.17748036e+00
286,5.73000000e+00,11,6.17876244e-01,2.17866555e+00
287,5.75000000e+00,11,6.17876244e-01,2.17985537e+00
288,5.77000000e+00,11,6.17876244e-01,2.18104980e+00
289,5.79000000e+00,11,6.17876244e-01,2.18224887e+00
290,5.81000000e+00,11,6.17876244e-01,2.18345257e+00
291,5.83000000e+00,11,6.17876244e-01,2.18466090e+00
292,5.85000000e+00,11,6.17876244e-01,2.18587388e+00
293,5.87000000e+00,11,6.17876244e-01,2.18709150e+00
294,5.89000000e+00,11,6.17876244e-01,2.18831378e+00
295,5.91000000e+00,11,6.17876244e-01,2.18954070e+00
296,5.93000000e+00,11,6.17876244e-01,2.19077229e+00
297,5.95000000e+00,11,6.17876244e-01,2.19200855e+00
298,5.97000000e+00,11,6.17876244e-01,2.19324947e+00
299,5.99000000e+00,11,6.17876244e-01,2.19449506e+00
300,6.01000000e+00,11,6.17876244e-01,2.19574533e+00
301,6.03000000e+00,11,6.17876244e-01,2.19700028e+00
302,6.05000000e+00,11,6.17876244e-01,2.19825992e+00
303,6.07000000e+00,11,6.17876244e-01,2.19952426e+00
304,6.09000000e+00,11,6.17876244e-01,2.20079328e+00
305,6.11000000e+00,11,6.17876244e-01,2.20206701e+00
306,6.13000000e+00,11,6.17876244e-01,2.20334544e+00
307,6.15000000e+00,11,6.17876244e-01,2.20462858e+00
308,6.17000000e+00,11,6.17876244e-01,2.20591644e+00
309,6.19000000e+00,11,6.17876244e-01,2.20720902e+00
310,6.21000000e+00,11,6.17876244e-01,2.20850631e+00
311,6.23000000e+00,11,6.17876244e-01,2.20980834e+00
312,6.25000000e+00,11,6.17876244e-01,2.21111510e+00
313,6.27000000e+00,11,6.17876244e-01,2.21242660e+00
314,6.29000000e+00,11,6.17876244e-01,2.21374284e+00
315,6.31000000e+00,11,6.17876244e-01,2.21506383e+00
316,6.33000000e+00,11,6.17876244e-01,2.21638957e+00
317,6.35000000e+00,11,6.17876244e-01,2.21772007e+00
318,6.37000000e+00,11,6.17876244e-01,2.21905533e+00
319,6.39000000e+00,11,6.17876244e-01,2.22039535e+00
320,6.41000000e+00,11,6.17876244e-01,2.22174015e+00
321,6.43000000e+00,11,6.17876244e-01,2.22308973e+00
322,6.45000000e+00,11,6.17876244e-01,2.22444408e+00
323,6.47000000e+00,11,6.17876244e-01,2.22580322e+00
324,6.49000000e+00,11,6.17876244e-01,2.22716716e+00
325,6.51000000e+00,11,6.17876244e-01,2.22853589e+00
326,6.53000000e+00,11,6.17876244e-01,2.22990942e+00
327,6.55000000e+00,11,6.17876244e-01,2.23128775e+00
328,6.57000000e+00,11,6.17876244e-01,2.23267090e+00
329,6.59000000e+00,11,6.17876244e-01,2.23405887e+00
330,6.61000000e+00,11,6.17876244e-01,2.23545165e+00
331,6.63000000e+00,11,6.17876244e-01,2.23684926e+00
332,6.65000000e+00,11,6.17876244e-01,2.23825171e+00
333,6.67000000e+00,11,6.17876244e-01,2.23965899e+00
334,6.69000000e+00,11,6.17876244e-01,2.24107111e+00
335,6.71000000e+00,11,6.17876244e-01,2.24248808e+00
336,6.73000000e+00,11,6.17876244e-01,2.24390990e+00
337,6.75000000e+00,11,6.17876244e-01,2.24533657e+00
338,6.77000000e+00,11,6.17876244e-01,2.24676811e+00
339,6.79000000e+00,11,6.17876244e-01,2.24820452e+00
340,6.81000000e+00,11,6.17876244e-01,2.24964579e+00
341,6.83000000e+00,11,6.17876244e-01,2.25109195e+00
342,6.85000000e+00,11,6.17876244e-01,2.25254299e+00
343,6.87000000e+00,11,6.17876244e-01,2.25399891e+00
344,6.89000000e+00,11,6.17876244e-01,2.25545973e+00
345,6.91000000e+00,11,6.17876244e-01,2.25692545e+00
346,6.93000000e+00,11,6.17876244e-01,2.25839607e+00
347,6.95000000e+00,11,6.17876244e-01,2.25987161e+00
348,6.97000000e+00,11,6.17876244e-01,2.26135205e+00
349,6.99000000e+00,11,6.17876244e-01,2.26283742e+00
350,7.01000000e+00,11,6.17876244e-01,2.26432771e+00
351,7.03000000e+00,11,6.17876244e-01,2.26582293e+00
352,7.05000000e+00,11,6.17876244e-01,2.26732308e+00
353,7.07000000e+00,11,6.17876244e-01,2.26882818e+00
354,7.09000000e+00,11,6.17876244e-01,2.27033822e+00
355,7.11000000e+00,11,6.17876244e-01,2.27185321e+00
356,7.13000000e+00,11,6.17876244e-01,2.27337316e+00
357,7.15000000e+00,11,6.17876244e-01,2.27489808e+00
358,7.17000000e+00,11,6.17876244e-01,2.27642796e+00
359,7.19000000e+00,11,6.17876244e-01,2.27796281e+00
360,7.21000000e+00,11,6.17876244e-01,2.27950264e+00
361,7.23000000e+00,11,6.17876244e-01,2.28104745e+00
362,7.25000000e+00,11,6.17876244e-01,2.28259725e+00
363,7.27000000e+00,11,6.17876244e-01,2.28415205e+00
364,7.29000000e+00,11,6.17876244e-01,2.28571184e+00
365,7.31000000e+00,11,6.17876244e-01,2.28727664e+00
366,7.33000000e+00,11,6.17876244e-01,2.28884645e+00
367,7.35000000e+00,11,6.17876244e-01,2.29042127e+00
368,7.37000000e+00,11,6.17876244e-01,2.29200110e+00
369,7.39000000e+00,11,6.17876244e-01,2.29358597e+00
370,7.41000000e+00,11,6.17876244e-01,2.29517586e+00
371,7.43000000e+00,11,6.17876244e-01,2.29677079e+00
372,7.45000000e+00,11,6.17876244e-01,2.29837075e+00
373,7.47000000e+00,11,6.17876244e-01,2.29997576e+00
374,7.49000000e+00,11,6.17876244e-01,2.30158581e+00
375,7.51000000e+00,11,6.17876244e-01,2.30320092e+00
376,7.53000000e+00,11,6.17876244e-01,2.30482109e+00
377,7.55000000e+00,11,6.17876244e-01,2.30644631e+00
378,7.57000000e+00,11,6.17876244e-01,2.30807660e+00
379,7.59000000e+00,11,6.17876244e-01,2.30971196e+00
380,7.61000000e+00,11,6.17876244e-01,2.31135239e+00
381,7.63000000e+00,11,6.17876244e-01,2.31299789e+00
382,7.65000000e+00,11,6.17876244e-01,2.31464848e+00
383,7.67000000e+00,11,6.17876244e-01,2.31630415e+00
384,7.69000000e+00,11,6.17876244e-01,2.31796490e+00
385,7.71000000e+00,11,6.17876244e-01,2.31963074e+00
386,7.73000000e+00,11,6.17876244e-01,2.32130166e+00
387,7.75000000e+00,11,6.17876244e-01,2.32297768e+00
388,7.77000000e+00,11,6.17876244e-01,2.32465879e+00
389,7.79000000e+00,11,6.17876244e-01,2.32634499e+00
390,7.81000000e+00,11,6.17876244e-01,2.32803629e+00
391,7.83000000e+00,11,6.17876244e-01,2.32973268e+00
392,7.85000000e+00,11,6.17876244e-01,2.33143415e+00
393,7.87000000e+00,11,6.17876244e-01,2.33314072e+00
394,7.89000000e+00,11,6.17876244e-01,2.33485237e+00
395,7.91000000e+00,11,6.17876244e-01,2.33656910e+00
396,7.93000000e+00,11,6.17876244e-01,2.33829092e+00
397,7.95000000e+00,11,6.17876244e-01,2.34001780e+00
398,7.97000000e+00,11,6.17876244e-01,2.34174975e+00
399,7.99000000e+00,11,6.17876244e-01,2.34348675e+00
400,8.01000000e+00,11,6.17876244e-01,2.34522881e+00
401,8.03000000e+00,11,6.17876244e-01,2.34697589e+00
402,8.05000000e+00,11,6.17876244e-01,2.34872800e+00
403,8.07000000e+00,11,6.17876244e-01,2.35048512e+00
404,8.09000000e+00,11,6.17876244e-01,2.35224722e+00
405,8.11000000e+00,11,6.17876244e-01,2.35401429e+00
406,8.13000000e+00,11,6.17876244e-01,2.35578631e+00
407,8.15000000e+00,11,6.17876244e-01,2.35756325e+00
408,8.17000000e+00,11,6.17876244e-01,2.35934507e+00
409,8.19000000e+00,11,6.17876244e-01,2.36113175e+00
410,8.21000000e+00,11,6.17876244e-01,2.36292325e+00
411,8.23000000e+00,11,6.17876244e-01,2.36471952e+00
412,8.25000000e+00,11,6.17876244e-01,2.36652051e+00
413,8.27000000e+00,11,6.17876244e-01,2.36832617e+00
414,8.29000000e+00,11,6.17876244e-01,2.37013645e+00
415,8.31000000e+00,11,6.17876244e-01,2.37195126e+00
416,8.33000000e+00,11,6.17876244e-01,2.37377053e+00
417,8.35000000e+00,11,6.17876244e-01,2.37559418e+00
418,8.37000000e+00,11,6.17876244e-01,2.37742210e+00
419,8.39000000e+00,11,6.17876244e-01,2.37925419e+00
420,8.41000000e+00,11,6.17876244e-01,2.38109033e+00
421,8.43000000e+00,11,6.17876244e-01,2.38293037e+00
422,8.45000000e+00,11,6.17876244e-01,2.38477415e+00
423,8.47000000e+00,11,6.17876244e-01,2.38662151e+00
424,8.49000000e+00,11,6.17876244e-01,2.38847225e+00
425,8.51000000e+00,11,6.17876244e-01,2.39032614e+00
426,8.53000000e+00,11,6.17876244e-01,2.39218294e+00
427,8.55000000e+00,11,6.17876244e-01,2.39404237e+00
428,8.57000000e+00,11,6.17876244e-01,2.39590411e+00
429,8.59000000e+00,11,6.17876244e-01,2.39776781e+00
430,8.61000000e+00,11,6.17876244e-01,2.39963307e+00
431,8.63000000e+00,11,6.17876244e-01,2.40149944e+00
432,8.65000000e+00,11,6.17876244e-01,2.40336641e+00
433,8.67000000e+00,11,6.17876244e-01,2.40523340e+00
434,8.69000000e+00,11,6.17876244e-01,2.40709978e+00
435,8.71000000e+00,11,6.17876244e-01,2.40896480e+00
436,8.73000000e+00,11,6.17876244e-01,2.41082765e+00
437,8.75000000e+00,11,6.17876244e-01,2.41268737e+00
438,8.77000000e+00,11,6.17876244e-01,2.41454293e+00
439,8.79000000e+00,11,6.17876244e-01,2.41639311e+00
440,8.81000000e+00,11,6.17876244e-01,2.41823656e+00
441,8.83000000e+00,11,6.17876244e-01,2.42007173e+00
442,8.85000000e+00,11,6.17876244e-01,2.42189687e+00
443,8.87000000e+00,11,6.17876244e-01,2.42371000e+00
444,8.89000000e+00,11,6.17876244e-01,2.42550885e+00
445,8.91000000e+00,11,6.17876244e-01,2.42729088e+00
446,8.93000000e+00,11,6.17876244e-01,2.42905315e+00
447,8.95000000e+00,11,6.17876244e-01,2.43079235e+00
448,8.97000000e+00,11,6.17876244e-01,2.43250471e+00
449,8.99000000e+00,11,6.17876244e-01,2.43418593e+00
450,9.01000000e+00,11,6.17876244e-01,2.43583111e+00
451,9.03000000e+00,11,6.17876244e-01,2.43743469e+00
452,9.05000000e+00,11,6.17876244e-01,2.43899029e+00
453,9.07000000e+00,11,6.17876244e-01,2.44049068e+00
454,9.09000000e+00,11,6.17876244e-01,2.44192758e+00
455,9.11000000e+00,11,6.17876244e-01,2.44329156e+00
456,9.13000000e+00,11,6.17876244e-01,2.44457185e+00
457,9.15000000e+00,11,6.17876244e-01,2.44575617e+00
458,9.17000000e+00,11,6.17876244e-01,2.44683049e+00
459,9.19000000e+00,11,6.17876244e-01,2.44777876e+00
460,9.21000000e+00,11,6.17876244e-01,2.44858270e+00
461,9.23000000e+00,11,6.17876244e-01,2.44922138e+00
462,9.25000000e+00,11,6.17876244e-01,2.44967092e+00
463,9.27000000e+00,11,6.17876244e-01,2.44990403e+00
464,9.29000000e+00,11,6.17876244e-01,2.44988953e+00
465,9.31000000e+00,11,6.17876244e-01,2.44959183e+00
466,9.33000000e+00,11,6.17876244e-01,2.44897028e+00
467,9.35000000e+00,11,6.17876244e-01,2.44797851e+00
468,9.37000000e+00,11,6.17876244e-01,2.44656366e+00
469,9.39000000e+00,11,6.17876244e-01,2.44466552e+00
470,9.41000000e+00,11,6.17876244e-01,2.44221568e+00
471,9.43000000e+00,11,6.17876244e-01,2.43913649e+00
472,9.45000000e+00,11,6.17876244e-01,2.43534021e+00
473,9.47000000e+00,11,6.17876244e-01,2.43072801e+00
474,9.49000000e+00,11,6.17876244e-01,2.42518932e+00
475,9.51000000e+00,11,6.17876244e-01,2.41860138e+00
476,9.53000000e+00,11,6.17876244e-01,2.41082958e+00
477,9.55000000e+00,11,6.17876244e-01,2.40172870e+00
478,9.57000000e+00,11,6.17876244e-01,2.39114609e+00
479,9.59000000e+00,11,6.17876244e-01,2.37892754e+00
480,9.61000000e+00,11,6.17876244e-01,2.36492764e+00
481,9.63000000e+00,11,6.17876244e-01,2.34902700e+00
482,9.65000000e+00,11,6.17876244e-01,2.33115992e+00
483,9.67000000e+00,11,6.17876244e-01,2.31135836e+00
484,9.69000000e+00,11,6.17876244e-01,2.28982016e+00
485,9.71000000e+00,11,6.17876244e-01,2.26701452e+00
486,9.73000000e+00,11,6.17876244e-01,2.24384346e+00
487,9.75000000e+00,11,6.17876244e-01,2.22188775e+00
488,9.77000000e+00,11,6.17876244e-01,2.20378034e+00
489,9.79000000e+00,11,6.17876244e-01,2.19377261e+00
490,9.81000000e+00,11,6.17876244e-01,2.19859534e+00
491,9.83000000e+00,11,6.17876244e-01,2.22878211e+00
492,9.85000000e+00,11,6.17876244e-01,2.30076577e+00
493,9.87000000e+00,11,6.17876244e-01,2.44044082e+00
494,9.89000000e+00,11,6.17876244e-01,2.69010652e+00
495,9.91000000e+00,11,6.17876244e-01,3.12502813e+00
496,9.93000000e+00,11,6.17876244e-01,3.90189074e+00
497,9.95000000e+00,11,6.17876244e-01,5.42210219e+00
498,9.97000000e+00,11,6.17876244e-01,8.92424163e+00
499,9.99000000e+00,11,6.17876244e-01,1.87041382e+01
0,1.00000000e-02,12,7.55404408e-01,2.01569540e+00
1,3.00000000e-02,12,7.55404408e-01,2.01567344e+00
2,5.00000000e-02,12,7.55404408e-01,2.01565354e+00
3,7.00000000e-02,12,7.55404408e-01,2.01563609e+00
4,9.00000000e-02,12,7.55404408e-01,2.01562454e+00
5,1.10000000e-01,12,7.55404408e-01,2.01561746e+00
6,1.30000000e-01,12,7.55404408e-01,2.01561169e+00
7,1.50000000e-01,12,7.55404408e-01,2.01561234e+00
8,1.70000000e-01,12,7.55404408e-01,2.01561674e+00
9,1.90000000e-01,12,7.55404408e-01,2.01562340e+00
10,2.10000000e-01,12,7.55404408e-01,2.01563692e+00
11,2.30000000e-01,12,7.55404408e-01,2.01565162e+00
12,2.50000000e-01,12,7.55404408e-01,2.01567279e+00
13,2.70000000e-01,12,7.55404408e-01,2.01569617e+00
14,2.90000000e-01,12,7.55404408e-01,2.01572491e+00
15,3.10000000e-01,12,7.55404408e-01,2.01575682e+00
16,3.30000000e-01,12,7.55404408e-01,2.01579335e+00
17,3.50000000e-01,12,7.55404408e-01,2.01583356e+00
18,3.70000000e-01,12,7.55404408e-01,2.01587804e+00
19,3.90000000e-01,12,7.55404408e-01,2.01592644e+00
20,4.10000000e-01,12,7.55404408e-01,2.01597895e+00
21,4.30000000e-01,12,7.55404408e-01,2.01603547e+00
22,4.50000000e-01,12,7.55404408e-01,2.01609605e+00
23,4.70000000e-01,12,7.55404408e-01,2.01616066e+00
24,4.90000000e-01,12,7.55404408e-01,2.01622932e+00
25,5.10000000e-01,12,7.55404408e-01,2.01630202e+00
26,5.30000000e-01,12,7.55404408e-01,2.01637877e+00
27,5.50000000e-01,12,7.55404408e-01,2.01645955e+00
28,5.70000000e-01,12,7.55404408e-01,2.01654437e+00
29,5.90000000e-01,12,7.55404408e-01,2.01663323e+00
30,6.10000000e-01,12,7.55404408e-01,2.01672614e+00
31,6.30000000e-01,12,7.55404408e-01,2.01682308e+00
32,6.50000000e-01,12,7.55404408e-01,2.01692407e+00
33,6.70000000e-01,12,7.55404408e-01,2.01702909e+00
34,6.90000000e-01,12,7.55404408e-01,2.01713816e+00
35,7.10000000e-01,12,7.55404408e-01,2.01725126e+00
36,7.30000000e-01,12,7.55404408e-01,2.01736841e+00
37,7.50000000e-01,12,7.55404408e-01,2.01748960e+00
38,7.70000000e-01,12,7.55404408e-01,2.01761482e+00
39,7.90000000e-01,12,7.55404408e-01,2.01774409e+00
40,8.10000000e-01,12,7.55404408e-01,2.01787741e+00
41,8.30000000e-01,12,7.55404408e-01,2.01801476e+00
42,8.50000000e-01,12,7.55404408e-01,2.01815616e+00
43,8.70000000e-01,12,7.55404408e-01,2.01830160e+00
44,8.90000000e-01,12,7.55404408e-01,2.01845108e+00
45,9.10000000e-01,12,7.55404408e-01,2.01860461e+00
46,9.30000000e-01,12,7.55404408e-01,2.01876218e+00
47,9.50000000e-01,12,7.55404408e-01,2.01892379e+00
48,9.70000000e-01,12,7.55404408e-01,2.01908945e+00
49,9.90000000e-01,12,7.55404408e-01,2.01925915e+00
50,1.01000000e+00,12,7.55404408e-01,2.01943291e+00
51,1.03000000e+00,12,7.55404408e-01,2.01961070e+00
52,1.05000000e+00,12,7.55404408e-01,2.01979255e+00
53,1.07000000e+00,12,7.55404408e-01,2.01997844e+00
54,1.09000000e+00,12,7.55404408e-01,2.02016838e+00
55,1.11000000e+00,12,7.55404408e-01,2.02036237e+00
56,1.13000000e+00,12,7.55404408e-01,2.02056041e+00
57,1.15000000e+00,12,7.55404408e-01,2.02076250e+00
58,1.17000000e+00,12,7.55404408e-01,2.02096864e+00
59,1.19000000e+00,12,7.55404408e-01,2.02117883e+00
60,1.21000000e+00,12,7.55404408e-01,2.02139307e+00
61,1.23000000e+00,12,7.55404408e-01,2.02161137e+00
62,1.25000000e+00,12,7.55404408e-01,2.02183372e+00
63,1.27000000e+00,12,7.55404408e-01,2.02206012e+00
64,1.29000000e+00,12,7.55404408e-01,2.02229058e+00
65,1.31000000e+00,12,7.55404408e-01,2.02252510e+00
66,1.33000000e+00,12,7.55404408e-01,2.02276367e+00
67,1.35000000e+00,12,7.55404408e-01,2.02300630e+00
68,1.37000000e+00,12,7.55404408e-01,2.02325299e+00
69,1.39000000e+00,12,7.55404408e-01,2.02350373e+00
70,1.41000000e+00,12,7.55404408e-01,2.02375854e+00
71,1.43000000e+00,12,7.55404408e-01,2.02401741e+00
72,1.45000000e+00,12,7.55404408e-01,2.02428034e+00
73,1.47000000e+00,12,7.55404408e-01,2.02454733e+00
74,1.49000000e+00,12,7.55404408e-01,2.02481839e+00
75,1.51000000e+00,12,7.55404408e-01,2.02509351e+00
76,1.53000000e+00,12,7.55404408e-01,2.02537270e+00
77,1.55000000e+00,12,7.55404408e-01,2.02565596e+00
78,1.57000000e+00,12,7.55404408e-01,2.02594328e+00
79,1.59000000e+00,12,7.55404408e-01,2.02623467e+00
80,1.61000000e+00,12,7.55404408e-01,2.02653013e+00
81,1.63000000e+00,12,7.55404408e-01,2.02682966e+00
82,1.65000000e+00,12,7.55404408e-01,2.02713327e+00
83,1.67000000e+00,12,7.55404408e-01,2.02744094e+00
84,1.69000000e+00,12,7.55404408e-01,2.02775269e+00
85,1.71000000e+00,12,7.55404408e-01,2.02806852e+00
86,1.73000000e+00,12,7.55404408e-01,2.02838842e+00
87,1.75000000e+00,12,7.55404408e-01,2.02871240e+00
88,1.77000000e+00,12,7.55404408e-01,2.02904046e+00
89,1.79000000e+00,12,7.55404408e-01,2.02937259e+00
90,1.81000000e+00,12,7.55404408e-01,2.02970881e+00
91,1.83000000e+00,12,7.55404408e-01,2.03004911e+00
92,1.85000000e+00,12,7.55404408e-01,2.03039349e+00
93,1.87000000e+00,12,7.55404408e-01,2.03074196e+00
94,1.89000000e+00,12,7.55404408e-01,2.03109452e+00
95,1.91000000e+00,12,7.55404408e-01,2.03145116e+00
96,1.93000000e+00,12,7.55404408e-01,2.03181189e+00
97,1.95000000e+00,12,7.55404408e-01,2.03217670e+00
98,1.97000000e+00,12,7.55404408e-01,2.03254561e+00
99,1.99000000e+00,12,7.55404408e-01,2.03291861e+00
100,2.01000000e+00,12,7.55404408e-01,2.03329571e+00
101,2.03000000e+00,12,7.55404408e-01,2.03367690e+00
102,2.05000000e+00,12,7.55404408e-01,2.03406218e+00
103,2.07000000e+00,12,7.55404408e-01,2.03445157e+00
104,2.09000000e+00,12,7.55404408e-01,2.03484505e+00
105,2.11000000e+00,12,7.55404408e-01,2.03524263e+00
106,2.13000000e+00,12,7.55404408e-01,2.03564432e+00
107,2.15000000e+00,12,7.55404408e-01,2.03605011e+00
108,2.17000000e+00,12,7.55404408e-01,2.03646000e+00
109,2.19000000e+00,12,7.55404408e-01,2.03687400e+00
110,2.21000000e+00,12,7.55404408e-01,2.03729210e+00
111,2.23000000e+00,12,7.55404408e-01,2.03771432e+00
112,2.25000000e+00,12,7.55404408e-01,2.03814064e+00
113,2.27000000e+00,12,7.55404408e-01,2.03857108e+00
114,2.29000000e+00,12,7.55404408e-01,2.03900563e+00
115,2.31000000e+00,12,7.55404408e-01,2.03944430e+00
116,2.33000000e+00,12,7.55404408e-01,2.03988709e+00
117,2.35000000e+00,12,7.55404408e-01,2.04033399e+00
118,2.37000000e+00,12,7.55404408e-01,2.04078501e+00
119,2.39000000e+00,12,7.55404408e-01,2.04124016e+00
120,2.41000000e+00,12,7.55404408e-01,2.04169942e+00
121,2.43000000e+00,12,7.55404408e-01,2.04216282e+00
122,2.45000000e+00,12,7.55404408e-01,2.04263034e+00
123,2.47000000e+00,12,7.55404408e-01,2.04310198e+00
124,2.49000000e+00,12,7.55404408e-01,2.04357776e+00
125,2.51000000e+00,12,7.55404408e-01,2.04405767e+00
126,2.53000000e+00,12,7.55404408e-01,2.04454171e+00
127,2.55000000e+00,12,7.55404408e-01,2.04502989e+00
128,2.57000000e+00,12,7.55404408e-01,2.04552221e+00
129,2.59000000e+00,12,7.55404408e-01,2.04601866e+00
130,2.61000000e+00,12,7.55404408e-01,2.04651925e+00
131,2.63000000e+00,12,7.55404408e-01,2.04702399e+00
132,2.65000000e+00,12,7.55404408e-01,2.04753287e+00
133,2.67000000e+00,12,7.55404408e-01,2.04804590e+00
134,2.69000000e+00,12,7.55404408e-01,2.04856307e+00
135,2.71000000e+00,12,7.55404408e-01,2.04908439e+00
136,2.73000000e+00,12,7.55404408e-01,2.04960987e+00
137,2.75000000e+00,12,7.55404408e-01,2.05013950e+00
138,2.77000000e+00,12,7.55404408e-01,2.05067328e+00
139,2.79000000e+00,12,7.55404408e-01,2.05121122e+00
140,2.81000000e+00,12,7.55404408e-01,2.05175332e+00
141,2.83000000e+00,12,7.55404408e-01,2.05229958e+00
142,2.85000000e+00,12,7.55404408e-01,2.05285001e+00
143,2.87000000e+00,12,7.55404408e-01,2.05340460e+00
144,2.89000000e+00,12,7.55404408e-01,2.05396335e+00
145,2.91000000e+00,12,7.55404408e-01,2.05452628e+00
146,2.93000000e+00,12,7.55404408e-01,2.05509337e+00
147,2.95000000e+00,12,7.55404408e-01,2.05566464e+00
148,2.97000000e+00,12,7.55404408e-01,2.05624009e+00
149,2.99000000e+00,12,7.55404408e-01,2.05681971e+00
150,3.01000000e+00,12,7.55404408e-01,2.05740351e+00
151,3.03000000e+00,12,7.55404408e-01,2.05799150e+00
152,3.05000000e+00,12,7.55404408e-01,2.05858366e+00
153,3.07000000e+00,12,7.55404408e-01,2.05918001e+00
154,3.09000000e+00,12,7.55404408e-01,2.05978055e+00
155,3.11000000e+00,12,7.55404408e-01,2.06038528e+00
156,3.13000000e+00,12,7.55404408e-01,2.06099421e+00
157,3.15000000e+00,12,7.55404408e-01,2.06160732e+00
158,3.17000000e+00,12,7.55404408e-01,2.06222464e+00
159,3.19000000e+00,12,7.55404408e-01,2.06284615e+00
160,3.21000000e+00,12,7.55404408e-01,2.06347186e+00
161,3.23000000e+00,12,7.55404408e-01,2.06410178e+00
162,3.25000000e+00,12,7.55404408e-01,2.06473590e+00
163,3.27000000e+00,12,7.55404408e-01,2.06537423e+00
164,3.29000000e+00,12,7.55404408e-01,2.06601677e+00
165,3.31000000e+00,12,7.55404408e-01,2.06666352e+00
166,3.33000000e+00,12,7.55404408e-01,2.06731449e+00
167,3.35000000e+00,12,7.55404408e-01,2.06796967e+00
168,3.37000000e+00,12,7.55404408e-01,2.06862908e+00
169,3.39000000e+00,12,7.55404408e-01,2.06929270e+00
170,3.41000000e+00,12,7.55404408e-01,2.06996055e+00
171,3.43000000e+00,12,7.55404408e-01,2.07063263e+00
172,3.45000000e+00,12,7.55404408e-01,2.07130894e+00
173,3.47000000e+00,12,7.55404408e-01,2.07198947e+00
174,3.49000000e+00,12,7.55404408e-01,2.07267425e+00
175,3.51000000e+00,12,7.55404408e-01,2.07336325e+00
176,3.53000000e+00,12,7.55404408e-01,2.07405650e+00
177,3.55000000e+00,12,7.55404408e-01,2.07475399e+00
178,3.57000000e+00,12,7.55404408e-01,2.07545572e+00
179,3.59000000e+00,12,7.55404408e-01,2.07616170e+00
180,3.61000000e+00,12,7.55404408e-01,2.07687193e+00
181,3.63000000e+00,12,7.55404408e-01,2.07758641e+00
182,3.65000000e+00,12,7.55404408e-01,2.07830514e+00
183,3.67000000e+00,12,7.55404408e-01,2.07902813e+00
184,3.69000000e+00,12,7.55404408e-01,2.07975538e+00
185,3.71000000e+00,12,7.55404408e-01,2.08048690e+00
186,3.73000000e+00,12,7.55404408e-01,2.08122267e+00
187,3.75000000e+00,12,7.55404408e-01,2.08196272e+00
188,3.77000000e+00,12,7.55404408e-01,2.08270703e+00
189,3.79000000e+00,12,7.55404408e-01,2.08345562e+00
190,3.81000000e+00,12,7.55404408e-01,2.08420848e+00
191,3.83000000e+00,12,7.55404408e-01,2.08496562e+00
192,3.85000000e+00,12,7.55404408e-01,2.08572704e+00
193,3.87000000e+00,12,7.55404408e-01,2.08649275e+00
194,3.89000000e+00,12,7.55404408e-01,2.08726274e+00
195,3.91000000e+00,12,7.55404408e-01,2.08803702e+00
196,3.93000000e+00,12,7.55404408e-01,2.08881559e+00
197,3.95000000e+00,12,7.55404408e-01,2.08959846e+00
198,3.97000000e+00,12,7.55404408e-01,2.09038563e+00
199,3.99000000e+00,12,7.55404408e-01,2.09117709e+00
200,4.01000000e+00,12,7.55404408e-01,2.09197286e+00
201,4.03000000e+00,12,7.55404408e-01,2.09277293e+00
202,4.05000000e+00,12,7.55404408e-01,2.09357732e+00
203,4.07000000e+00,12,7.55404408e-01,2.09438601e+00
204,4.09000000e+00,12,7.55404408e-01,2.09519903e+00
205,4.11000000e+00,12,7.55404408e-01,2.09601635e+00
206,4.13000000e+00,12,7.55404408e-01,2.09683800e+00
207,4.15000000e+00,12,7.55404408e-01,2.09766398e+00
208,4.17000000e+00,12,7.55404408e-01,2.09849428e+00
209,4.19000000e+00,12,7.55404408e-01,2.09932891e+00
210,4.21000000e+00,12,7.55404408e-01,2.10016787e+00
211,4.23000000e+00,12,7.55404408e-01,2.10101117e+00
212,4.25000000e+00,12,7.55404408e-01,2.10185880e+00
213,4.27000000e+00,12,7.55404408e-01,2.10271078e+00
214,4.29000000e+00,12,7.55404408e-01,2.10356711e+00
215,4.31000000e+00,12,7.55404408e-01,2.10442778e+00
216,4.33000000e+00,12,7.55404408e-01,2.10529280e+00
217,4.35000000e+00,12,7.55404408e-01,2.10616218e+00
218,4.37000000e+00,12,7.55404408e-01,2.10703591e+00
219,4.39000000e+00,12,7.55404408e-01,2.10791401e+00
220,4.41000000e+00,12,7.55404408e-01,2.10879647e+00
221,4.43000000e+00,12,7.55404408e-01,2.10968329e+00
222,4.45000000e+00,12,7.55404408e-01,2.11057449e+00
223,4.47000000e+00,12,7.55404408e-01,2.11147006e+00
224,4.49000000e+00,12,7.55404408e-01,2.11237001e+00
225,4.51000000e+00,12,7.55404408e-01,2.11327433e+00
226,4.53000000e+00,12,7.55404408e-01,2.11418304e+00
227,4.55000000e+00,12,7.55404408e-01,2.11509614e+00
228,4.57000000e+00,12,7.55404408e-01,2.11601362e+00
229,4.59000000e+00,12,7.55404408e-01,2.11693550e+00
230,4.61000000e+00,12,7.55404408e-01,2.11786178e+00
231,4.63000000e+00,12,7.55404408e-01,2.11879245e+00
232,4.65000000e+00,12,7.55404408e-01,2.11972753e+00
233,4.67000000e+00,12,7.55404408e-01,2.12066702e+00
234,4.69000000e+00,12,7.55404408e-01,2.12161091e+00
235,4.71000000e+00,12,7.55404408e-01,2.12255922e+00
236,4.73000000e+00,12,7.55404408e-01,2.12351194e+00
237,4.75000000e+00,12,7.55404408e-01,2.12446909e+00
238,4.77000000e+00,12,7.55404408e-01,2.12543066e+00
239,4.79000000e+00,12,7.55404408e-01,2.12639665e+00
240,4.81000000e+00,12,7.55404408e-01,2.12736708e+00
241,4.83000000e+00,12,7.55404408e-01,2.12834194e+00
242,4.85000000e+00,12,7.55404408e-01,2.12932124e+00
243,4.87000000e+00,12,7.55404408e-01,2.13030498e+00
244,4.89000000e+00,12,7.55404408e-01,2.13129316e+00
245,4.91000000e+00,12,7.55404408e-01,2.13228580e+00
246,4.93000000e+00,12,7.55404408e-01,2.13328288e+00
247,4.95000000e+00,12,7.55404408e-01,2.13428442e+00
248,4.97000000e+00,12,7.55404408e-01,2.13529042e+00
249,4.99000000e+00,12,7.55404408e-01,2.13630088e+00
250,5.01000000e+00,12,7.55404408e-01,2.13731581e+00
251,5.03000000e+00,12,7.55404408e-01,2.13833521e+00
252,5.05000000e+00,12,7.55404408e-01,2.13935909e+00
253,5.07000000e+00,12,7.55404408e-01,2.14038744e+00
254,5.09000000e+00,12,7.55404408e-01,2.14142027e+00
255,5.11000000e+00,12,7.55404408e-01,2.14245759e+00
256,5.13000000e+00,12,7.55404408e-01,2.14349939e+00
257,5.15000000e+00,12,7.55404408e-01,2.14454569e+00
258,5.17000000e+00,12,7.55404408e-01,2.14559649e+00
259,5.19000000e+00,12,7.55404408e-01,2.14665178e+00
260,5.21000000e+00,12,7.55404408e-01,2.14771158e+00
261,5.23000000e+00,12,7.55404408e-01,2.14877589e+00
262,5.25000000e+00,12,7.55404408e-01,2.14984471e+00
263,5.27000000e+00,12,7.55404408e-01,2.15091804e+00
264,5.29000000e+00,12,7.55404408e-01,2.15199590e+00
265,5.31000000e+00,12,7.55404408e-01,2.15307827e+00
266,5.33000000e+00,12,7.55404408e-01,2.15416518e+00
267,5.35000000e+00,12,7.55404408e-01,2.15525662e+00
268,5.37000000e+00,12,7.55404408e-01,2.15635259e+00
269,5.39000000e+00,12,7.55404408e-01,2.15745310e+00
270,5.41000000e+00,12,7.55404408e-01,2.15855815e+00
271,5.43000000e+00,12,7.55404408e-01,2.15966775e+00
272,5.45000000e+00,12,7.55404408e-01,2.16078191e+00
273,5.47000000e+00,12,7.55404408e-01,2.16190061e+00
274,5.49000000e+00,12,7.55404408e-01,2.16302388e+00
275,5.51000000e+00,12,7.55404408e-01,2.16415171e+00
276,5.53000000e+00,12,7.55404408e-01,2.16528411e+00
277,5.55000000e+00,12,7.55404408e-01,2.16642108e+00
278,5.57000000e+00,12,7.55404408e-01,2.16756262e+00
279,5.59000000e+00,12,7.55404408e-01,2.16870875e+00
280,5.61000000e+00,12,7.55404408e-01,2.16985946e+00
281,5.63000000e+00,12,7.55404408e-01,2.17101475e+00
282,5.65000000e+00,12,7.55404408e-01,2.17217464e+00
283,5.67000000e+00,12,7.55404408e-01,2.17333913e+00
284,5.69000000e+00,12,7.55404408e-01,2.17450822e+00
285,5.71000000e+00,12,7.55404408e-01,2.17568191e+00
286,5.73000000e+00,12,7.55404408e-01,2.17686021e+00
287,5.75000000e+00,12,7.55404408e-01,2.17804313e+00
288,5.77000000e+00,12,7.55404408e-01,2.17923066e+00
289,5.79000000e+00,12,7.55404408e-01,2.18042281e+00
290,5.81000000e+00,12,7.55404408e-01,2.18161960e+00
291,5.83000000e+00,12,7.55404408e-01,2.18282101e+00
292,5.85000000e+00,12,7.55404408e-01,2.18402706e+00
293,5.87000000e+00,12,7.55404408e-01,2.18523775e+00
294,5.89000000e+00,12,7.55404408e-01,2.18645308e+00
295,5.91000000e+00,12,7.55404408e-01,2.18767306e+00
296,5.93000000e+00,12,7.55404408e-01,2.18889769e+00
297,5.95000000e+00,12,7.55404408e-01,2.19012698e+00
298,5.97000000e+00,12,7.55404408e-01,2.19136093e+00
299,5.99000000e+00,12,7.55404408e-01,2.19259955e+00
300,6.01000000e+00,12,7.55404408e-01,2.19384284e+00
301,6.03000000e+00,12,7.55404408e-01,2.19509081e+00
302,6.05000000e+00,12,7.55404408e-01,2.19634345e+00
303,6.07000000e+00,12,7.55404408e-01,2.19760078e+00
304,6.09000000e+00,12,7.55404408e-01,2.19886280e+00
305,6.11000000e+00,12,7.55404408e-01,2.20012951e+00
306,6.13000000e+00,12,7.55404408e-01,2.20140092e+00
307,6.15000000e+00,12,7.55404408e-01,2.20267703e+00
308,6.17000000e+00,12,7.55404408e-01,2.20395785e+00
309,6.19000000e+00,12,7.55404408e-01,2.20524338e+00
310,6.21000000e+00,12,7.55404408e-01,2.20653363e+00
311,6.23000000e+00,12,7.55404408e-01,2.20782860e+00
312,6.25000000e+00,12,7.55404408e-01,2.20912829e+00
313,6.27000000e+00,12,7.55404408e-01,2.21043272e+00
314,6.29000000e+00,12,7.55404408e-01,2.21174188e+00
315,6.31000000e+00,12,7.55404408e-01,2.21305579e+00
316,6.33000000e+00,12,7.55404408e-01,2.21437443e+00
317,6.35000000e+00,12,7.55404408e-01,2.21569783e+00
318,6.37000000e+00,12,7.55404408e-01,2.21702598e+00
319,6.39000000e+00,12,7.55404408e-01,2.21835889e+00
320,6.41000000e+00,12,7.55404408e-01,2.21969657e+00
321,6.43000000e+00,12,7.55404408e-01,2.22103902e+00
322,6.45000000e+00,12,7.55404408e-01,2.22238624e+00
323,6.47000000e+00,12,7.55404408e-01,2.22373823e+00
324,6.49000000e+00,12,7.55404408e-01,2.22509502e+00
325,6.51000000e+00,12,7.55404408e-01,2.22645659e+00
326,6.53000000e+00,12,7.55404408e-01,2.22782295e+00
327,6.55000000e+00,12,7.55404408e-01,2.22919412e+00
328,6.57000000e+00,12,7.55404408e-01,2.23057008e+00
329,6.59000000e+00,12,7.55404408e-01,2.23195086e+00
330,6.61000000e+00,12,7.55404408e-01,2.23333645e+00
331,6.63000000e+00,12,7.55404408e-01,2.23472686e+00
332,6.65000000e+00,12,7.55404408e-01,2.23612209e+00
333,6.67000000e+00,12,7.55404408e-01,2.23752215e+00
334,6.69000000e+00,12,7.55404408e-01,2.23892705e+00
335,6.71000000e+00,12,7.55404408e-01,2.24033678e+00
336,6.73000000e+00,12,7.55404408e-01,2.24175136e+00
337,6.75000000e+00,12,7.55404408e-01,2.24317079e+00
338,6.77000000e+00,12,7.55404408e-01,2.24459507e+00
339,6.79000000e+00,12,7.55404408e-01,2.24602421e+00
340,6.81000000e+00,12,7.55404408e-01,2.24745822e+00
341,6.83000000e+00,12,7.55404408e-01,2.24889709e+00
342,6.85000000e+00,12,7.55404408e-01,2.25034085e+00
343,6.87000000e+00,12,7.55404408e-01,2.25178948e+00
344,6.89000000e+00,12,7.55404408e-01,2.25324299e+00
345,6.91000000e+00,12,7.55404408e-01,2.25470140e+00
346,6.93000000e+00,12,7.55404408e-01,2.25616470e+00
347,6.95000000e+00,12,7.55404408e-01,2.25763291e+00
348,6.97000000e+00,12,7.55404408e-01,2.25910602e+00
349,6.99000000e+00,12,7.55404408e-01,2.26058404e+00
350,7.01000000e+00,12,7.55404408e-01,2.26206698e+00
351,7.03000000e+00,12,7.55404408e-01,2.26355484e+00
352,7.05000000e+00,12,7.55404408e-01,2.26504763e+00
353,7.07000000e+00,12,7.55404408e-01,2.26654536e+00
354,7.09000000e+00,12,7.55404408e-01,2.26804802e+00
355,7.11000000e+00,12,7.55404408e-01,2.26955562e+00
356,7.13000000e+00,12,7.55404408e-01,2.27106817e+00
357,7.15000000e+00,12,7.55404408e-01,2.27258568e+00
358,7.17000000e+00,12,7.55404408e-01,2.27410814e+00
359,7.19000000e+00,12,7.55404408e-01,2.27563557e+00
360,7.21000000e+00,12,7.55404408e-01,2.27716797e+00
361,7.23000000e+00,12,7.55404408e-01,2.27870535e+00
362,7.25000000e+00,12,7.55404408e-01,2.28024770e+00
363,7.27000000e+00,12,7.55404408e-01,2.28179504e+00
364,7.29000000e+00,12,7.55404408e-01,2.28334737e+00
365,7.31000000e+00,12,7.55404408e-01,2.28490470e+00
366,7.33000000e+00,12,7.55404408e-01,2.28646703e+00
367,7.35000000e+00,12,7.55404408e-01,2.28803436e+00
368,7.37000000e+00,12,7.55404408e-01,2.28960671e+00
369,7.39000000e+00,12,7.55404408e-01,2.29118407e+00
370,7.41000000e+00,12,7.55404408e-01,2.29276645e+00
371,7.43000000e+00,12,7.55404408e-01,2.29435386e+00
372,7.45000000e+00,12,7.55404408e-01,2.29594630e+00
373,7.47000000e+00,12,7.55404408e-01,2.29754377e+00
374,7.49000000e+00,12,7.55404408e-01,2.29914629e+00
375,7.51000000e+00,12,7.55404408e-01,2.30075385e+00
376,7.53000000e+00,12,7.55404408e-01,2.30236646e+00
377,7.55000000e+00,12,7.55404408e-01,2.30398412e+00
378,7.57000000e+00,12,7.55404408e-01,2.30560684e+00
379,7.59000000e+00,12,7.55404408e-01,2.30723462e+00
380,7.61000000e+00,12,7.55404408e-01,2.30886747e+00
381,7.63000000e+00,12,7.55404408e-01,2.31050539e+00
382,7.65000000e+00,12,7.55404408e-01,2.31214837e+00
383,7.67000000e+00,12,7.55404408e-01,2.31379644e+00
384,7.69000000e+00,12,7.55404408e-01,2.31544958e+00
385,7.71000000e+00,12,7.55404408e-01,2.31710781e+00
386,7.73000000e+00,12,7.55404408e-01,2.31877112e+00
387,7.75000000e+00,12,7.55404408e-01,2.32043952e+00
388,7.77000000e+00,12,7.55404408e-01,2.32211300e+00
389,7.79000000e+00,12,7.55404408e-01,2.32379157e+00
390,7.81000000e+00,12,7.55404408e-01,2.32547523e+00
391,7.83000000e+00,12,7.55404408e-01,2.32716398e+00
392,7.85000000e+00,12,7.55404408e-01,2.32885783e+00
393,7.87000000e+00,12,7.55404408e-01,2.33055676e+00
394,7.89000000e+00,12,7.55404408e-01,2.33226077e+00
395,7.91000000e+00,12,7.55404408e-01,2.33396988e+00
396,7.93000000e+00,12,7.55404408e-01,2.33568406e+00
397,7.95000000e+00,12,7.55404408e-01,2.33740332e+00
398,7.97000000e+00,12,7.55404408e-01,2.33912765e+00
399,7.99000000e+00,12,7.55404408e-01,2.34085705e+00
400,8.01000000e+00,12,7.55404408e-01,2.34259151e+00
401,8.03000000e+00,12,7.55404408e-01,2.34433102e+00
402,8.05000000e+00,12,7.55404408e-01,2.34607556e+00
403,8.07000000e+00,12,7.55404408e-01,2.34782514e+00
404,8.09000000e+00,12,7.55404408e-01,2.34957973e+00
405,8.11000000e+00,12,7.55404408e-01,2.35133932e+00
406,8.13000000e+00,12,7.55404408e-01,2.35310389e+00
407,8.15000000e+00,12,7.55404408e-01,2.35487342e+00
408,8.17000000e+00,12,7.55404408e-01,2.35664789e+00
409,8.19000000e+00,12,7.55404408e-01,2.35842727e+00
410,8.21000000e+00,12,7.55404408e-01,2.36021154e+00
411,8.23000000e+00,12,7.55404408e-01,2.36200067e+00
412,8.25000000e+00,12,7.55404408e-01,2.36379461e+00
413,8.27000000e+00,12,7.55404408e-01,2.36559333e+00
414,8.29000000e+00,12,7.55404408e-01,2.36739679e+00
415,8.31000000e+00,12,7.55404408e-01,2.36920494e+00
416,8.33000000e+00,12,7.55404408e-01,2.37101772e+00
417,8.35000000e+00,12,7.55404408e-01,2.37283507e+00
418,8.37000000e+00,12,7.55404408e-01,2.37465694e+00
419,8.39000000e+00,12,7.55404408e-01,2.37648324e+00
420,8.41000000e+00,12,7.55404408e-01,2.37831389e+00
421,8.43000000e+00,12,7.55404408e-01,2.38014882e+00
422,8.45000000e+00,12,7.55404408e-01,2.38198792e+00
423,8.47000000e+00,12,7.55404408e-01,2.38383108e+00
424,8.49000000e+00,12,7.55404408e-01,2.38567819e+00
425,8.51000000e+00,12,7.55404408e-01,2.38752913e+00
426,8.53000000e+00,12,7.55404408e-01,2.38938374e+00
427,8.55000000e+00,12,7.55404408e-01,2.39124189e+00
428,8.57000000e+00,12,7.55404408e-01,2.39310339e+00
429,8.59000000e+00,12,7.55404408e-01,2.39496807e+00
430,8.61000000e+00,12,7.55404408e-01,2.39683573e+00
431,8.63000000e+00,12,7.55404408e-01,2.39870615e+00
432,8.65000000e+00,12,7.55404408e-01,2.40057909e+00
433,8.67000000e+00,12,7.55404408e-01,2.40245430e+00
434,8.69000000e+00,12,7.55404408e-01,2.40433151e+00
435,8.71000000e+00,12,7.55404408e-01,2.40621040e+00
436,8.73000000e+00,12,7.55404408e-01,2.40809067e+00
437,8.75000000e+00,12,7.55404408e-01,2.40997197e+00
438,8.77000000e+00,12,7.55404408e-01,2.41185392e+00
439,8.79000000e+00,12,7.55404408e-01,2.41373612e+00
440,8.81000000e+00,12,7.55404408e-01,2.41561817e+00
441,8.83000000e+00,12,7.55404408e-01,2.41749961e+00
442,8.85000000e+00,12,7.55404408e-01,2.41937998e+00
443,8.87000000e+00,12,7.55404408e-01,2.42125879e+00
444,8.89000000e+00,12,7.55404408e-01,2.42313554e+00
445,8.91000000e+00,12,7.55404408e-01,2.42500970e+00
446,8.93000000e+00,12,7.55404408e-01,2.42688077e+00
447,8.95000000e+00,12,7.55404408e-01,2.42874821e+00
448,8.97000000e+00,12,7.55404408e-01,2.43061153e+00
449,8.99000000e+00,12,7.55404408e-01,2.43247025e+00
450,9.01000000e+00,12,7.55404408e-01,2.43432395e+00
451,9.03000000e+00,12,7.55404408e-01,2.43617226e+00
452,9.05000000e+00,12,7.55404408e-01,2.43801493e+00
453,9.07000000e+00,12,7.55404408e-01,2.43985185e+00
454,9.09000000e+00,12,7.55404408e-01,2.44168307e+00
455,9.11000000e+00,12,7.55404408e-01,2.44350890e+00
456,9.13000000e+00,12,7.55404408e-01,2.44532993e+00
457,9.15000000e+00,12,7.55404408e-01,2.44714715e+00
458,9.17000000e+00,12,7.55404408e-01,2.44896201e+00
459,9.19000000e+00,12,7.55404408e-01,2.45077656e+00
460,9.21000000e+00,12,7.55404408e-01,2.45259357e+00
461,9.23000000e+00,12,7.55404408e-01,2.45441670e+00
462,9.25000000e+00,12,7.55404408e-01,2.45625066e+00
463,9.27000000e+00,12,7.55404408e-01,2.45810145e+00
464,9.29000000e+00,12,7.55404408e-01,2.45997663e+00
465,9.31000000e+00,12,7.55404408e-01,2.46188551e+00
466,9.33000000e+00,12,7.55404408e-01,2.46383958e+00
467,9.35000000e+00,12,7.55404408e-01,2.46585274e+00
468,9.37000000e+00,12,7.55404408e-01,2.46794172e+00
469,9.39000000e+00,12,7.55404408e-01,2.47012645e+00
470,9.41000000e+00,12,7.55404408e-01,2.47243037e+00
471,9.43000000e+00,12,7.55404408e-01,2.47488074e+00
472,9.45000000e+00,12,7.55404408e-01,2.47750882e+00
473,9.47000000e+00,12,7.55404408e-01,2.48034976e+00
474,9.49000000e+00,12,7.55404408e-01,2.48344224e+00
475,9.51000000e+00,12,7.55404408e-01,2.48682743e+00
476,9.53000000e+00,12,7.55404408e-01,2.49054708e+00
477,9.55000000e+00,12,7.55404408e-01,2.49464020e+00
478,9.57000000e+00,12,7.55404408e-01,2.49913770e+00
479,9.59000000e+00,12,7.55404408e-01,2.50405384e+00
480,9.61000000e+00,12,7.55404408e-01,2.50937301e+00
481,9.63000000e+00,12,7.55404408e-01,2.51502973e+00
482,9.65000000e+00,12,7.55404408e-01,2.52087829e+00
483,9.67000000e+00,12,7.55404408e-01,2.52664755e+00
484,9.69000000e+00,12,7.55404408e-01,2.53187352e+00
485,9.71000000e+00,12,7.55404408e-01,2.53579931e+00
486,9.73000000e+00,12,7.55404408e-01,2.53722714e+00
487,9.75000000e+00,12,7.55404408e-01,2.53429934e+00
488,9.77000000e+00,12,7.55404408e-01,2.52417442e+00
489,9.79000000e+00,12,7.55404408e-01,2.50254694e+00
490,9.81000000e+00,12,7.55404408e-01,2.46293129e+00
491,9.83000000e+00,12,7.55404408e-01,2.39557712e+00
492,9.85000000e+00,12,7.55404408e-01,2.28576360e+00
493,9.87000000e+00,12,7.55404408e-01,2.11088381e+00
494,9.89000000e+00,12,7.55404408e-01,1.83462073e+00
495,9.91000000e+00,12,7.55404408e-01,1.39253033e+00
496,9.93000000e+00,12,7.55404408e-01,6.48455196e-01
497,9.95000000e+00,12,7.55404408e-01,-7.55319003e-01
498,9.97000000e+00,12,7.55404408e-01,-3.94694457e+00
499,9.99000000e+00,12,7.55404408e-01,-1.28905076e+01
0,1.00000000e-02,13,8.65631202e-01,2.01569353e+00
1,3.00000000e-02,13,8.65631202e-01,2.01566624e+00
2,5.00000000e-02,13,8.65631202e-01,2.01564143e+00
3,7.00000000e-02,13,8.65631202e-01,2.01562016e+00
4,9.00000000e-02,13,8.65631202e-01,2.01560188e+00
5,1.10000000e-01,13,8.65631202e-01,2.01558942e+00
6,1.30000000e-01,13,8.65631202e-01,2.01558158e+00
7,1.50000000e-01,13,8.65631202e-01,2.01557504e+00
8,1.70000000e-01,13,8.65631202e-01,2.01557432e+00
9,1.90000000e-01,13,8.65631202e-01,2.01557825e+00
10,2.10000000e-01,13,8.65631202e-01,2.01558387e+00
11,2.30000000e-01,13,8.65631202e-01,2.01559637e+00
12,2.50000000e-01,13,8.65631202e-01,2.01561036e+00
13,2.70000000e-01,13,8.65631202e-01,2.01563038e+00
14,2.90000000e-01,13,8.65631202e-01,2.01565302e+00
15,3.10000000e-01,13,8.65631202e-01,2.01568066e+00
16,3.30000000e-01,13,8.65631202e-01,2.01571173e+00
17,3.50000000e-01,13,8.65631202e-01,2.01574723e+00
18,3.70000000e-01,13,8.65631202e-01,2.01578654e+00
19,3.90000000e-01,13,8.65631202e-01,2.01583003e+00
20,4.10000000e-01,13,8.65631202e-01,2.01587748e+00
21,4.30000000e-01,13,8.65631202e-01,2.01592902e+00
22,4.50000000e-01,13,8.65631202e-01,2.01598457e+00
23,4.70000000e-01,13,8.65631202e-01,2.01604418e+00
24,4.90000000e-01,13,8.65631202e-01,2.01610782e+00
25,5.10000000e-01,13,8.65631202e-01,2.01617550e+00
26,5.30000000e-01,13,8.65631202e-01,2.01624723e+00
27,5.50000000e-01,13,8.65631202e-01,2.01632299e+00
28,5.70000000e-01,13,8.65631202e-01,2.01640279e+00
29,5.90000000e-01,13,8.65631202e-01,2.01648664e+00
30,6.10000000e-01,13,8.65631202e-01,2.01657452e+00
31,6.30000000e-01,13,8.65631202e-01,2.01666644e+00
32,6.50000000e-01,13,8.65631202e-01,2.01676240e+00
33,6.70000000e-01,13,8.65631202e-01,2.01686240e+00
34,6.90000000e-01,13,8.65631202e-01,2.01696644e+00
35,7.10000000e-01,13,8.65631202e-01,2.01707452e+00
36,7.30000000e-01,13,8.65631202e-01,2.01718664e+00
37,7.50000000e-01,13,8.65631202e-01,2.01730280e+00
38,7.70000000e-01,13,8.65631202e-01,2.01742300e+00
39,7.90000000e-01,13,8.65631202e-01,2.01754724e+00
40,8.10000000e-01,13,8.65631202e-01,2.01767552e+00
41,8.30000000e-01,13,8.65631202e-01,2.01780784e+00
42,8.50000000e-01,13,8.65631202e-01,2.01794421e+00
43,8.70000000e-01,13,8.65631202e-01,2.01808462e+00
44,8.90000000e-01,13,8.65631202e-01,2.01822906e+00
45,9.10000000e-01,13,8.65631202e-01,2.01837756e+00
46,9.30000000e-01,13,8.65631202e-01,2.01853009e+00
47,9.50000000e-01,13,8.65631202e-01,2.01868667e+00
48,9.70000000e-01,13,8.65631202e-01,2.01884729e+00
49,9.90000000e-01,13,8.65631202e-01,2.01901196e+00
50,1.01000000e+00,13,8.65631202e-01,2.01918067e+00
51,1.03000000e+00,13,8.65631202e-01,2.01935343e+00
52,1.05000000e+00,13,8.65631202e-01,2.01953023e+00
53,1.07000000e+00,13,8.65631202e-01,2.01971109e+00
54,1.09000000e+00,13,8.65631202e-01,2.01989598e+00
55,1.11000000e+00,13,8.65631202e-01,2.02008493e+00
56,1.13000000e+00,13,8.65631202e-01,2.02027793e+00
57,1.15000000e+00,13,8.65631202e-01,2.02047497e+00
58,1.17000000e+00,13,8.65631202e-01,2.02067607e+00
59,1.19000000e+00,13,8.65631202e-01,2.02088121e+00
60,1.21000000e+00,13,8.65631202e-01,2.02109041e+00
61,1.23000000e+00,13,8.65631202e-01,2.02130365e+00
62,1.25000000e+00,13,8.65631202e-01,2.02152095e+00
63,1.27000000e+00,13,8.65631202e-01,2.02174231e+00
64,1.29000000e+00,13,8.65631202e-01,2.02196772e+00
65,1.31000000e+00,13,8.65631202e-01,2.02219718e+00
66,1.33000000e+00,13,8.65631202e-01,2.02243070e+00
67,1.35000000e+00,13,8.65631202e-01,2.02266828e+00
68,1.37000000e+00,13,8.65631202e-01,2.02290991e+00
69,1.39000000e+00,13,8.65631202e-01,2.02315560e+00
70,1.41000000e+00,13,8.65631202e-01,2.02340535e+00
71,1.43000000e+00,13,8.65631202e-01,2.02365916e+00
72,1.45000000e+00,13,8.65631202e-01,2.02391703e+00
73,1.47000000e+00,13,8.65631202e-01,2.02417897e+00
74,1.49000000e+00,13,8.65631202e-01,2.02444496e+00
75,1.51000000e+00,13,8.65631202e-01,2.02471502e+00
76,1.53000000e+00,13,8.65631202e-01,2.02498914e+00
77,1.55000000e+00,13,8.65631202e-01,2.02526733e+00
78,1.57000000e+00,13,8.65631202e-01,2.02554959e+00
79,1.59000000e+00,13,8.65631202e-01,2.02583591e+00
80,1.61000000e+00,13,8.65631202e-01,2.02612630e+00
81,1.63000000e+00,13,8.65631202e-01,2.02642077e+00
82,1.65000000e+00,13,8.65631202e-01,2.02671930e+00
83,1.67000000e+00,13,8.65631202e-01,2.02702190e+00
84,1.69000000e+00,13,8.65631202e-01,2.02732858e+00
85,1.71000000e+00,13,8.65631202e-01,2.02763933e+00
86,1.73000000e+00,13,8.65631202e-01,2.02795415e+00
87,1.75000000e+00,13,8.65631202e-01,2.02827305e+00
88,1.77000000e+00,13,8.65631202e-01,2.02859603e+00
89,1.79000000e+00,13,8.65631202e-01,2.02892309e+00
90,1.81000000e+00,13,8.65631202e-01,2.02925422e+00
91,1.83000000e+00,13,8.65631202e-01,2.02958944e+00
92,1.85000000e+00,13,8.65631202e-01,2.02992874e+00
93,1.87000000e+00,13,8.65631202e-01,2.03027212e+00
94,1.89000000e+00,13,8.65631202e-01,2.03061958e+00
95,1.91000000e+00,13,8.65631202e-01,2.03097113e+00
96,1.93000000e+00,13,8.65631202e-01,2.03132677e+00
97,1.95000000e+00,13,8.65631202e-01,2.03168649e+00
98,1.97000000e+00,13,8.65631202e-01,2.03205031e+00
99,1.99000000e+00,13,8.65631202e-01,2.03241821e+00
100,2.01000000e+00,13,8.65631202e-01,2.03279021e+00
101,2.03000000e+00,13,8.65631202e-01,2.03316630e+00
102,2.05000000e+00,13,8.65631202e-01,2.03354649e+00
103,2.07000000e+00,13,8.65631202e-01,2.03393077e+00
104,2.09000000e+00,13,8.65631202e-01,2.03431914e+00
105,2.11000000e+00,13,8.65631202e-01,2.03471162e+00
106,2.13000000e+00,13,8.65631202e-01,2.03510820e+00
107,2.15000000e+00,13,8.65631202e-01,2.03550888e+00
108,2.17000000e+00,13,8.65631202e-01,2.03591366e+00
109,2.19000000e+00,13,8.65631202e-01,2.03632254e+00
110,2.21000000e+00,13,8.65631202e-01,2.03673553e+00
111,2.23000000e+00,13,8.65631202e-01,2.03715263e+00
112,2.25000000e+00,13,8.65631202e-01,2.03757384e+00
113,2.27000000e+00,13,8.65631202e-01,2.03799916e+00
114,2.29000000e+00,13,8.65631202e-01,2.03842859e+00
115,2.31000000e+00,13,8.65631202e-01,2.03886213e+00
116,2.33000000e+00,13,8.65631202e-01,2.03929979e+00
117,2.35000000e+00,13,8.65631202e-01,2.03974156e+00
118,2.37000000e+00,13,8.65631202e-01,2.04018746e+00
119,2.39000000e+00,13,8.65631202e-01,2.04063747e+00
120,2.41000000e+00,13,8.65631202e-01,2.04109160e+00
121,2.43000000e+00,13,8.65631202e-01,2.04154986e+00
122,2.45000000e+00,13,8.65631202e-01,2.04201224e+00
123,2.47000000e+00,13,8.65631202e-01,2.04247875e+00
124,2.49000000e+00,13,8.65631202e-01,2.04294939e+00
125,2.51000000e+00,13,8.65631202e-01,2.04342415e+00
126,2.53000000e+00,13,8.65631202e-01,2.04390305e+00
127,2.55000000e+00,13,8.65631202e-01,2.04438608e+00
128,2.57000000e+00,13,8.65631202e-01,2.04487324e+00
129,2.59000000e+00,13,8.65631202e-01,2.04536454e+00
130,2.61000000e+00,13,8.65631202e-01,2.04585998e+00
131,2.63000000e+00,13,8.65631202e-01,2.04635956e+00
132,2.65000000e+00,13,8.65631202e-01,2.04686328e+00
133,2.67000000e+00,13,8.65631202e-01,2.04737115e+00
134,2.69000000e+00,13,8.65631202e-01,2.04788316e+00
135,2.71000000e+00,13,8.65631202e-01,2.04839932e+00
136,2.73000000e+00,13,8.65631202e-01,2.04891962e+00
137,2.75000000e+00,13,8.65631202e-01,2.04944408e+00
138,2.77000000e+00,13,8.65631202e-01,2.04997269e+00
139,2.79000000e+00,13,8.65631202e-01,2.05050546e+00
140,2.81000000e+00,13,8.65631202e-01,2.05104238e+00
141,2.83000000e+00,13,8.65631202e-01,2.05158346e+00
142,2.85000000e+00,13,8.65631202e-01,2.05212870e+00
143,2.87000000e+00,13,8.65631202e-01,2.05267811e+00
144,2.89000000e+00,13,8.65631202e-01,2.05323168e+00
145,2.91000000e+00,13,8.65631202e-01,2.05378941e+00
146,2.93000000e+00,13,8.65631202e-01,2.05435132e+00
147,2.95000000e+00,13,8.65631202e-01,2.05491739e+00
148,2.97000000e+00,13,8.65631202e-01,2.05548764e+00
149,2.99000000e+00,13,8.65631202e-01,2.05606206e+00
150,3.01000000e+00,13,8.65631202e-01,2.05664066e+00
151,3.03000000e+00,13,8.65631202e-01,2.05722344e+00
152,3.05000000e+00,13,8.65631202e-01,2.05781040e+00
153,3.07000000e+00,13,8.65631202e-01,2.05840154e+00
154,3.09000000e+00,13,8.65631202e-01,2.05899687e+00
155,3.11000000e+00,13,8.65631202e-01,2.05959639e+00
156,3.13000000e+00,13,8.65631202e-01,2.06020009e+00
157,3.15000000e+00,13,8.65631202e-01,2.06080799e+00
158,3.17000000e+00,13,8.65631202e-01,2.06142008e+00
159,3.19000000e+00,13,8.65631202e-01,2.06203636e+00
160,3.21000000e+00,13,8.65631202e-01,2.06265685e+00
161,3.23000000e+00,13,8.65631202e-01,2.06328153e+00
162,3.25000000e+00,13,8.65631202e-01,2.06391042e+00
163,3.27000000e+00,13,8.65631202e-01,2.06454352e+00
164,3.29000000e+00,13,8.65631202e-01,2.06518082e+00
165,3.31000000e+00,13,8.65631202e-01,2.06582233e+00
166,3.33000000e+00,13,8.65631202e-01,2.06646805e+00
167,3.35000000e+00,13,8.65631202e-01,2.06711798e+00
168,3.37000000e+00,13,8.65631202e-01,2.06777214e+00
169,3.39000000e+00,13,8.65631202e-01,2.06843051e+00
170,3.41000000e+00,13,8.65631202e-01,2.06909310e+00
171,3.43000000e+00,13,8.65631202e-01,2.06975992e+00
172,3.45000000e+00,13,8.65631202e-01,2.07043096e+00
173,3.47000000e+00,13,8.65631202e-01,2.07110624e+00
174,3.49000000e+00,13,8.65631202e-01,2.07178574e+00
175,3.51000000e+00,13,8.65631202e-01,2.07246948e+00
176,3.53000000e+00,13,8.65631202e-01,2.07315745e+00
177,3.55000000e+00,13,8.65631202e-01,2.07384966e+00
178,3.57000000e+00,13,8.65631202e-01,2.07454611e+00
179,3.59000000e+00,13,8.65631202e-01,2.07524681e+00
180,3.61000000e+00,13,8.65631202e-01,2.07595175e+00
181,3.63000000e+00,13,8.65631202e-01,2.07666094e+00
182,3.65000000e+00,13,8.65631202e-01,2.07737438e+00
183,3.67000000e+00,13,8.65631202e-01,2.07809207e+00
184,3.69000000e+00,13,8.65631202e-01,2.07881402e+00
185,3.71000000e+00,13,8.65631202e-01,2.07954023e+00
186,3.73000000e+00,13,8.65631202e-01,2.08027070e+00
187,3.75000000e+00,13,8.65631202e-01,2.08100544e+00
188,3.77000000e+00,13,8.65631202e-01,2.08174444e+00
189,3.79000000e+00,13,8.65631202e-01,2.08248771e+00
190,3.81000000e+00,13,8.65631202e-01,2.08323525e+00
191,3.83000000e+00,13,8.65631202e-01,2.08398707e+00
192,3.85000000e+00,13,8.65631202e-01,2.08474317e+00
193,3.87000000e+00,13,8.65631202e-01,2.08550354e+00
194,3.89000000e+00,13,8.65631202e-01,2.08626820e+00
195,3.91000000e+00,13,8.65631202e-01,2.08703715e+00
196,3.93000000e+00,13,8.65631202e-01,2.08781038e+00
197,3.95000000e+00,13,8.65631202e-01,2.08858790e+00
198,3.97000000e+00,13,8.65631202e-01,2.08936972e+00
199,3.99000000e+00,13,8.65631202e-01,2.09015584e+00
200,4.01000000e+00,13,8.65631202e-01,2.09094625e+00
201,4.03000000e+00,13,8.65631202e-01,2.09174097e+00
202,4.05000000e+00,13,8.65631202e-01,2.09253999e+00
203,4.07000000e+00,13,8.65631202e-01,2.09334333e+00
204,4.09000000e+00,13,8.65631202e-01,2.09415097e+00
205,4.11000000e+00,13,8.65631202e-01,2.09496293e+00
206,4.13000000e+00,13,8.65631202e-01,2.09577920e+00
207,4.15000000e+00,13,8.65631202e-01,2.09659980e+00
208,4.17000000e+00,13,8.65631202e-01,2.09742471e+00
209,4.19000000e+00,13,8.65631202e-01,2.09825396e+00
210,4.21000000e+00,13,8.65631202e-01,2.09908753e+00
211,4.23000000e+00,13,8.65631202e-01,2.09992543e+00
212,4.25000000e+00,13,8.65631202e-01,2.10076767e+00
213,4.27000000e+00,13,8.65631202e-01,2.10161425e+00
214,4.29000000e+00,13,8.65631202e-01,2.10246517e+00
215,4.31000000e+00,13,8.65631202e-01,2.10332044e+00
216,4.33000000e+00,13,8.65631202e-01,2.10418005e+00
217,4.35000000e+00,13,8.65631202e-01,2.10504401e+00
218,4.37000000e+00,13,8.65631202e-01,2.10591232e+00
219,4.39000000e+00,13,8.65631202e-01,2.10678499e+00
220,4.41000000e+00,13,8.65631202e-01,2.10766203e+00
221,4.43000000e+00,13,8.65631202e-01,2.10854342e+00
222,4.45000000e+00,13,8.65631202e-01,2.10942918e+00
223,4.47000000e+00,13,8.65631202e-01,2.11031931e+00
224,4.49000000e+00,13,8.65631202e-01,2.11121382e+00
225,4.51000000e+00,13,8.65631202e-01,2.11211270e+00
226,4.53000000e+00,13,8.65631202e-01,2.11301595e+00
227,4.55000000e+00,13,8.65631202e-01,2.11392359e+00
228,4.57000000e+00,13,8.65631202e-01,2.11483562e+00
229,4.59000000e+00,13,8.65631202e-01,2.11575204e+00
230,4.61000000e+00,13,8.65631202e-01,2.11667284e+00
231,4.63000000e+00,13,8.65631202e-01,2.11759805e+00
232,4.65000000e+00,13,8.65631202e-01,2.11852765e+00
233,4.67000000e+00,13,8.65631202e-01,2.11946165e+00
234,4.69000000e+00,13,8.65631202e-01,2.12040006e+00
235,4.71000000e+00,13,8.65631202e-01,2.12134288e+00
236,4.73000000e+00,13,8.65631202e-01,2.12229012e+00
237,4.75000000e+00,13,8.65631202e-01,2.12324177e+00
238,4.77000000e+00,13,8.65631202e-01,2.12419783e+00
239,4.79000000e+00,13,8.65631202e-01,2.12515832e+00
240,4.81000000e+00,13,8.65631202e-01,2.12612324e+00
241,4.83000000e+00,13,8.65631202e-01,2.12709259e+00
242,4.85000000e+00,13,8.65631202e-01,2.12806637e+00
243,4.87000000e+00,13,8.65631202e-01,2.12904458e+00
244,4.89000000e+00,13,8.65631202e-01,2.13002724e+00
245,4.91000000e+00,13,8.65631202e-01,2.13101434e+00
246,4.93000000e+00,13,8.65631202e-01,2.13200589e+00
247,4.95000000e+00,13,8.65631202e-01,2.13300189e+00
248,4.97000000e+00,13,8.65631202e-01,2.13400235e+00
249,4.99000000e+00,13,8.65631202e-01,2.13500726e+00
250,5.01000000e+00,13,8.65631202e-01,2.13601664e+00
251,5.03000000e+00,13,8.65631202e-01,2.13703048e+00
252,5.05000000e+00,13,8.65631202e-01,2.13804879e+00
253,5.07000000e+00,13,8.65631202e-01,2.13907157e+00
254,5.09000000e+00,13,8.65631202e-01,2.14009883e+00
255,5.11000000e+00,13,8.65631202e-01,2.14113058e+00
256,5.13000000e+00,13,8.65631202e-01,2.14216680e+00
257,5.15000000e+00,13,8.65631202e-01,2.14320751e+00
258,5.17000000e+00,13,8.65631202e-01,2.14425272e+00
259,5.19000000e+00,13,8.65631202e-01,2.14530242e+00
260,5.21000000e+00,13,8.65631202e-01,2.14635662e+00
261,5.23000000e+00,13,8.65631202e-01,2.14741532e+00
262,5.25000000e+00,13,8.65631202e-01,2.14847853e+00
263,5.27000000e+00,13,8.65631202e-01,2.14954625e+00
264,5.29000000e+00,13,8.65631202e-01,2.15061849e+00
265,5.31000000e+00,13,8.65631202e-01,2.15169524e+00
266,5.33000000e+00,13,8.65631202e-01,2.15277652e+00
267,5.35000000e+00,13,8.65631202e-01,2.15386232e+00
268,5.37000000e+00,13,8.65631202e-01,2.15495266e+00
269,5.39000000e+00,13,8.65631202e-01,2.15604752e+00
270,5.41000000e+00,13,8.65631202e-01,2.15714693e+00
271,5.43000000e+00,13,8.65631202e-01,2.15825088e+00
272,5.45000000e+00,13,8.65631202e-01,2.15935937e+00
273,5.47000000e+00,13,8.65631202e-01,2.16047242e+00
274,5.49000000e+00,13,8.65631202e-01,2.16159002e+00
275,5.51000000e+00,13,8.65631202e-01,2.16271218e+00
276,5.53000000e+00,13,8.65631202e-01,2.16383890e+00
277,5.55000000e+00,13,8.65631202e-01,2.16497018e+00
278,5.57000000e+00,13,8.65631202e-01,2.16610604e+00
279,5.59000000e+00,13,8.65631202e-01,2.16724647e+00
280,5.61000000e+00,13,8.65631202e-01,2.16839148e+00
281,5.63000000e+00,13,8.65631202e-01,2.16954108e+00
282,5.65000000e+00,13,8.65631202e-01,2.17069526e+00
283,5.67000000e+00,13,8.65631202e-01,2.17185403e+00
284,5.69000000e+00,13,8.65631202e-01,2.17301740e+00
285,5.71000000e+00,13,8.65631202e-01,2.17418537e+00
286,5.73000000e+00,13,8.65631202e-01,2.17535794e+00
287,5.75000000e+00,13,8.65631202e-01,2.17653512e+00
288,5.77000000e+00,13,8.65631202e-01,2.17771692e+00
289,5.79000000e+00,13,8.65631202e-01,2.17890333e+00
290,5.81000000e+00,13,8.65631202e-01,2.18009436e+00
291,5.83000000e+00,13,8.65631202e-01,2.18129002e+00
292,5.85000000e+00,13,8.65631202e-01,2.18249031e+00
293,5.87000000e+00,13,8.65631202e-01,2.18369523e+00
294,5.89000000e+00,13,8.65631202e-01,2.18490479e+00
295,5.91000000e+00,13,8.65631202e-01,2.18611899e+00
296,5.93000000e+00,13,8.65631202e-01,2.18733784e+00
297,5.95000000e+00,13,8.65631202e-01,2.18856134e+00
298,5.97000000e+00,13,8.65631202e-01,2.18978950e+00
299,5.99000000e+00,13,8.65631202e-01,2.19102232e+00
300,6.01000000e+00,13,8.65631202e-01,2.19225981e+00
301,6.03000000e+00,13,8.65631202e-01,2.19350196e+00
302,6.05000000e+00,13,8.65631202e-01,2.19474879e+00
303,6.07000000e+00,13,8.65631202e-01,2.19600030e+00
304,6.09000000e+00,13,8.65631202e-01,2.19725649e+00
305,6.11000000e+00,13,8.65631202e-01,2.19851737e+00
306,6.13000000e+00,13,8.65631202e-01,2.19978294e+00
307,6.15000000e+00,13,8.65631202e-01,2.20105321e+00
308,6.17000000e+00,13,8.65631202e-01,2.20232818e+00
309,6.19000000e+00,13,8.65631202e-01,2.20360785e+00
310,6.21000000e+00,13,8.65631202e-01,2.20489224e+00
311,6.23000000e+00,13,8.65631202e-01,2.20618134e+00
312,6.25000000e+00,13,8.65631202e-01,2.20747517e+00
313,6.27000000e+00,13,8.65631202e-01,2.20877372e+00
314,6.29000000e+00,13,8.65631202e-01,2.21007699e+00
315,6.31000000e+00,13,8.65631202e-01,2.21138501e+00
316,6.33000000e+00,13,8.65631202e-01,2.21269776e+00
317,6.35000000e+00,13,8.65631202e-01,2.21401526e+00
318,6.37000000e+00,13,8.65631202e-01,2.21533750e+00
319,6.39000000e+00,13,8.65631202e-01,2.21666450e+00
320,6.41000000e+00,13,8.65631202e-01,2.21799625e+00
321,6.43000000e+00,13,8.65631202e-01,2.21933277e+00
322,6.45000000e+00,13,8.65631202e-01,2.22067406e+00
323,6.47000000e+00,13,8.65631202e-01,2.22202012e+00
324,6.49000000e+00,13,8.65631202e-01,2.22337096e+00
325,6.51000000e+00,13,8.65631202e-01,2.22472658e+00
326,6.53000000e+00,13,8.65631202e-01,2.22608699e+00
327,6.55000000e+00,13,8.65631202e-01,2.22745220e+00
328,6.57000000e+00,13,8.65631202e-01,2.22882220e+00
329,6.59000000e+00,13,8.65631202e-01,2.23019700e+00
330,6.61000000e+00,13,8.65631202e-01,2.23157661e+00
331,6.63000000e+00,13,8.65631202e-01,2.23296103e+00
332,6.65000000e+00,13,8.65631202e-01,2.23435027e+00
333,6.67000000e+00,13,8.65631202e-01,2.23574433e+00
334,6.69000000e+00,13,8.65631202e-01,2.23714322e+00
335,6.71000000e+00,13,8.65631202e-01,2.23854695e+00
336,6.73000000e+00,13,8.65631202e-01,2.23995551e+00
337,6.75000000e+00,13,8.65631202e-01,2.24136891e+00
338,6.77000000e+00,13,8.65631202e-01,2.24278716e+00
339,6.79000000e+00,13,8.65631202e-01,2.24421027e+00
340,6.81000000e+00,13,8.65631202e-01,2.24563823e+00
341,6.83000000e+00,13,8.65631202e-01,2.24707106e+00
342,6.85000000e+00,13,8.65631202e-01,2.24850875e+00
343,6.87000000e+00,13,8.65631202e-01,2.24995132e+00
344,6.89000000e+00,13,8.65631202e-01,2.25139877e+00
345,6.91000000e+00,13,8.65631202e-01,2.25285110e+00
346,6.93000000e+00,13,8.65631202e-01,2.25430832e+00
347,6.95000000e+00,13,8.65631202e-01,2.25577044e+00
348,6.97000000e+00,13,8.65631202e-01,2.25723746e+00
349,6.99000000e+00,13,8.65631202e-01,2.25870938e+00
350,7.01000000e+00,13,8.65631202e-01,2.26018621e+00
351,7.03000000e+00,13,8.65631202e-01,2.26166796e+00
352,7.05000000e+00,13,8.65631202e-01,2.26315463e+00
353,7.07000000e+00,13,8.65631202e-01,2.26464622e+00
354,7.09000000e+00,13,8.65631202e-01,2.26614275e+00
355,7.11000000e+00,13,8.65631202e-01,2.26764421e+00
356,7.13000000e+00,13,8.65631202e-01,2.26915062e+00
357,7.15000000e+00,13,8.65631202e-01,2.27066197e+00
358,7.17000000e+00,13,8.65631202e-01,2.27217827e+00
359,7.19000000e+00,13,8.65631202e-01,2.27369954e+00
360,7.21000000e+00,13,8.65631202e-01,2.27522576e+00
361,7.23000000e+00,13,8.65631202e-01,2.27675696e+00
362,7.25000000e+00,13,8.65631202e-01,2.27829313e+00
363,7.27000000e+00,13,8.65631202e-01,2.27983427e+00
364,7.29000000e+00,13,8.65631202e-01,2.28138041e+00
365,7.31000000e+00,13,8.65631202e-01,2.28293153e+00
366,7.33000000e+00,13,8.65631202e-01,2.28448764e+00
367,7.35000000e+00,13,8.65631202e-01,2.28604876e+00
368,7.37000000e+00,13,8.65631202e-01,2.28761488e+00
369,7.39000000e+00,13,8.65631202e-01,2.28918600e+00
370,7.41000000e+00,13,8.65631202e-01,2.29076215e+00
371,7.43000000e+00,13,8.65631202e-01,2.29234331e+00
372,7.45000000e+00,13,8.65631202e-01,2.29392950e+00
373,7.47000000e+00,13,8.65631202e-01,2.29552072e+00
374,7.49000000e+00,13,8.65631202e-01,2.29711697e+00
375,7.51000000e+00,13,8.65631202e-01,2.29871826e+00
376,7.53000000e+00,13,8.65631202e-01,2.30032459e+00
377,7.55000000e+00,13,8.65631202e-01,2.30193597e+00
378,7.57000000e+00,13,8.65631202e-01,2.30355240e+00
379,7.59000000e+00,13,8.65631202e-01,2.30517389e+00
380,7.61000000e+00,13,8.65631202e-01,2.30680044e+00
381,7.63000000e+00,13,8.65631202e-01,2.30843205e+00
382,7.65000000e+00,13,8.65631202e-01,2.31006872e+00
383,7.67000000e+00,13,8.65631202e-01,2.31171047e+00
384,7.69000000e+00,13,8.65631202e-01,2.31335730e+00
385,7.71000000e+00,13,8.65631202e-01,2.31500920e+00
386,7.73000000e+00,13,8.65631202e-01,2.31666617e+00
387,7.75000000e+00,13,8.65631202e-01,2.31832823e+00
388,7.77000000e+00,13,8.65631202e-01,2.31999538e+00
389,7.79000000e+00,13,8.65631202e-01,2.32166760e+00
390,7.81000000e+00,13,8.65631202e-01,2.32334492e+00
391,7.83000000e+00,13,8.65631202e-01,2.32502732e+00
392,7.85000000e+00,13,8.65631202e-01,2.32671480e+00
393,7.87000000e+00,13,8.65631202e-01,2.32840737e+00
394,7.89000000e+00,13,8.65631202e-01,2.33010502e+00
395,7.91000000e+00,13,8.65631202e-01,2.33180776e+00
396,7.93000000e+00,13,8.65631202e-01,2.33351557e+00
397,7.95000000e+00,13,8.65631202e-01,2.33522846e+00
398,7.97000000e+00,13,8.65631202e-01,2.33694642e+00
399,7.99000000e+00,13,8.65631202e-01,2.33866945e+00
400,8.01000000e+00,13,8.65631202e-01,2.34039753e+00
401,8.03000000e+00,13,8.65631202e-01,2.34213065e+00
402,8.05000000e+00,13,8.65631202e-01,2.34386882e+00
403,8.07000000e+00,13,8.65631202e-01,2.34561201e+00
404,8.09000000e+00,13,8.65631202e-01,2.34736021e+00
405,8.11000000e+00,13,8.65631202e-01,2.34911340e+00
406,8.13000000e+00,13,8.65631202e-01,2.35087158e+00
407,8.15000000e+00,13,8.65631202e-01,2.35263470e+00
408,8.17000000e+00,13,8.65631202e-01,2.35440277e+00
409,8.19000000e+00,13,8.65631202e-01,2.35617573e+00
410,8.21000000e+00,13,8.65631202e-01,2.35795357e+00
411,8.23000000e+00,13,8.65631202e-01,2.35973625e+00
412,8.25000000e+00,13,8.65631202e-01,2.36152373e+00
413,8.27000000e+00,13,8.65631202e-01,2.36331596e+00
414,8.29000000e+00,13,8.65631202e-01,2.36511290e+00
415,8.31000000e+00,13,8.65631202e-01,2.36691450e+00
416,8.33000000e+00,13,8.65631202e-01,2.36872067e+00
417,8.35000000e+00,13,8.65631202e-01,2.37053137e+00
418,8.37000000e+00,13,8.65631202e-01,2.37234650e+00
419,8.39000000e+00,13,8.65631202e-01,2.37416598e+00
420,8.41000000e+00,13,8.65631202e-01,2.37598972e+00
421,8.43000000e+00,13,8.65631202e-01,2.37781758e+00
422,8.45000000e+00,13,8.65631202e-01,2.37964947e+00
423,8.47000000e+00,13,8.65631202e-01,2.38148522e+00
424,8.49000000e+00,13,8.65631202e-01,2.38332468e+00
425,8.51000000e+00,13,8.65631202e-01,2.38516769e+00
426,8.53000000e+00,13,8.65631202e-01,2.38701403e+00
427,8.55000000e+00,13,8.65631202e-01,2.38886349e+00
428,8.57000000e+00,13,8.65631202e-01,2.39071581e+00
429,8.59000000e+00,13,8.65631202e-01,2.39257071e+00
430,8.61000000e+00,13,8.65631202e-01,2.39442789e+00
431,8.63000000e+00,13,8.65631202e-01,2.39628697e+00
432,8.65000000e+00,13,8.65631202e-01,2.39814756e+00
433,8.67000000e+00,13,8.65631202e-01,2.40000922e+00
434,8.69000000e+00,13,8.65631202e-01,2.40187143e+00
435,8.71000000e+00,13,8.65631202e-01,2.40373361e+00
436,8.73000000e+00,13,8.65631202e-01,2.40559514e+00
437,8.75000000e+00,13,8.65631202e-01,2.40745527e+00
438,8.77000000e+00,13,8.65631202e-01,2.40931319e+00
439,8.79000000e+00,13,8.65631202e-01,2.41116796e+00
440,8.81000000e+00,13,8.65631202e-01,2.41301855e+00
441,8.83000000e+00,13,8.65631202e-01,2.41486377e+00
442,8.85000000e+00,13,8.65631202e-01,2.41670226e+00
443,8.87000000e+00,13,8.65631202e-01,2.41853253e+00
444,8.89000000e+00,13,8.65631202e-01,2.42035285e+00
445,8.91000000e+00,13,8.65631202e-01,2.42216127e+00
446,8.93000000e+00,13,8.65631202e-01,2.42395559e+00
447,8.95000000e+00,13,8.65631202e-01,2.42573331e+00
448,8.97000000e+00,13,8.65631202e-01,2.42749159e+00
449,8.99000000e+00,13,8.65631202e-01,2.42922721e+00
450,9.01000000e+00,13,8.65631202e-01,2.43093652e+00
451,9.03000000e+00,13,8.65631202e-01,2.43261536e+00
452,9.05000000e+00,13,8.65631202e-01,2.43425902e+00
453,9.07000000e+00,13,8.65631202e-01,2.43586213e+00
454,9.09000000e+00,13,8.65631202e-01,2.43741861e+00
455,9.11000000e+00,13,8.65631202e-01,2.43892153e+00
456,9.13000000e+00,13,8.65631202e-01,2.44036299e+00
457,9.15000000e+00,13,8.65631202e-01,2.44173404e+00
458,9.17000000e+00,13,8.65631202e-01,2.44302447e+00
459,9.19000000e+00,13,8.65631202e-01,2.44422267e+00
460,9.21000000e+00,13,8.65631202e-01,2.44531540e+00
461,9.23000000e+00,13,8.65631202e-01,2.44628763e+00
462,9.25000000e+00,13,8.65631202e-01,2.44712221e+00
463,9.27000000e+00,13,8.65631202e-01,2.44779963e+00
464,9.29000000e+00,13,8.65631202e-01,2.44829769e+00
465,9.31000000e+00,13,8.65631202e-01,2.44859112e+00
466,9.33000000e+00,13,8.65631202e-01,2.44865116e+00
467,9.35000000e+00,13,8.65631202e-01,2.44844513e+00
468,9.37000000e+00,13,8.65631202e-01,2.44793590e+00
469,9.39000000e+00,13,8.65631202e-01,2.44708135e+00
470,9.41000000e+00,13,8.65631202e-01,2.44583376e+00
471,9.43000000e+00,13,8.65631202e-01,2.44413923e+00
472,9.45000000e+00,13,8.65631202e-01,2.44193707e+00
473,9.47000000e+00,13,8.65631202e-01,2.43915923e+00
474,9.49000000e+00,13,8.65631202e-01,2.43572997e+00
475,9.51000000e+00,13,8.65631202e-01,2.43156567e+00
476,9.53000000e+00,13,8.65631202e-01,2.42657528e+00
477,9.55000000e+00,13,8.65631202e-01,2.42066148e+00
478,9.57000000e+00,13,8.65631202e-01,2.41372327e+00
479,9.59000000e+00,13,8.65631202e-01,2.40566059e+00
480,9.61000000e+00,13,8.65631202e-01,2.39638240e+00
481,9.63000000e+00,13,8.65631202e-01,2.38581971e+00
482,9.65000000e+00,13,8.65631202e-01,2.37394666e+00
483,9.67000000e+00,13,8.65631202e-01,2.36081353e+00
484,9.69000000e+00,13,8.65631202e-01,2.34659806e+00
485,9.71000000e+00,13,8.65631202e-01,2.33168441e+00
486,9.73000000e+00,13,8.65631202e-01,2.31678395e+00
487,9.75000000e+00,13,8.65631202e-01,2.30311907e+00
488,9.77000000e+00,13,8.65631202e-01,2.29270228e+00
489,9.79000000e+00,13,8.65631202e-01,2.28875933e+00
490,9.81000000e+00,13,8.65631202e-01,2.29637323e+00
491,9.83000000e+00,13,8.65631202e-01,2.32347660e+00
492,9.85000000e+00,13,8.65631202e-01,2.38243222e+00
493,9.87000000e+00,13,8.65631202e-01,2.49274974e+00
494,9.89000000e+00,13,8.65631202e-01,2.68648429e+00
495,9.91000000e+00,13,8.65631202e-01,3.02141802e+00
496,9.93000000e+00,13,8.65631202e-01,3.62035775e+00
497,9.95000000e+00,13,8.65631202e-01,4.80501787e+00
498,9.97000000e+00,13,8.65631202e-01,7.58420649e+00
499,9.99000000e+00,13,8.65631202e-01,1.54872153e+01
0,1.00000000e-02,14,9.44575023e-01,2.01569295e+00
1,3.00000000e-02,14,9.44575023e-01,2.01566230e+00
2,5.00000000e-02,14,9.44575023e-01,2.01563232e+00
3,7.00000000e-02,14,9.44575023e-01,2.01560782e+00
4,9.00000000e-02,14,9.44575023e-01,2.01558694e+00
5,1.10000000e-01,14,9.44575023e-01,2.01556895e+00
6,1.30000000e-01,14,9.44575023e-01,2.01555609e+00
7,1.50000000e-01,14,9.44575023e-01,2.01554886e+00
8,1.70000000e-01,14,9.44575023e-01,2.01554323e+00
9,1.90000000e-01,14,9.44575023e-01,2.01554201e+00
10,2.10000000e-01,14,9.44575023e-01,2.01554655e+00
11,2.30000000e-01,14,9.44575023e-01,2.01555253e+00
12,2.50000000e-01,14,9.44575023e-01,2.01556501e+00
13,2.70000000e-01,14,9.44575023e-01,2.01557957e+00
14,2.90000000e-01,14,9.44575023e-01,2.01559957e+00
15,3.10000000e-01,14,9.44575023e-01,2.01562265e+00
16,3.30000000e-01,14,9.44575023e-01,2.01565039e+00
17,3.50000000e-01,14,9.44575023e-01,2.01568178e+00
18,3.70000000e-01,14,9.44575023e-01,2.01571744e+00
19,3.90000000e-01,14,9.44575023e-01,2.01575701e+00
20,4.10000000e-01,14,9.44575023e-01,2.01580069e+00
21,4.30000000e-01,14,9.44575023e-01,2.01584837e+00
22,4.50000000e-01,14,9.44575023e-01,2.01590011e+00
23,4.70000000e-01,14,9.44575023e-01,2.01595587e+00
24,4.90000000e-01,14,9.44575023e-01,2.01601568e+00
25,5.10000000e-01,14,9.44575023e-01,2.01607953e+00
26,5.30000000e-01,14,9.44575023e-01,2.01614741e+00
27,5.50000000e-01,14,9.44575023e-01,2.01621934e+00
28,5.70000000e-01,14,9.44575023e-01,2.01629530e+00
29,5.90000000e-01,14,9.44575023e-01,2.01637530e+00
30,6.10000000e-01,14,9.44575023e-01,2.01645934e+00
31,6.30000000e-01,14,9.44575023e-01,2.01654742e+00
32,6.50000000e-01,14,9.44575023e-01,2.01663954e+00
33,6.70000000e-01,14,9.44575023e-01,2.01673569e+00
34,6.90000000e-01,14,9.44575023e-01,2.01683589e+00
35,7.10000000e-01,14,9.44575023e-01,2.01694012e+00
36,7.30000000e-01,14,9.44575023e-01,2.01704840e+00
37,7.50000000e-01,14,9.44575023e-01,2.01716071e+00
38,7.70000000e-01,14,9.44575023e-01,2.01727707e+00
39,7.90000000e-01,14,9.44575023e-01,2.01739746e+00
40,8.10000000e-01,14,9.44575023e-01,2.01752189e+00
41,8.30000000e-01,14,9.44575023e-01,2.01765037e+00
42,8.50000000e-01,14,9.44575023e-01,2.01778289e+00
43,8.70000000e-01,14,9.44575023e-01,2.01791944e+00
44,8.90000000e-01,14,9.44575023e-01,2.01806004e+00
45,9.10000000e-01,14,9.44575023e-01,2.01820469e+00
46,9.30000000e-01,14,9.44575023e-01,2.01835337e+00
47,9.50000000e-01,14,9.44575023e-01,2.01850610e+00
48,9.70000000e-01,14,9.44575023e-01,2.01866287e+00
49,9.90000000e-01,14,9.44575023e-01,2.01882369e+00
50,1.01000000e+00,14,9.44575023e-01,2.01898855e+00
51,1.03000000e+00,14,9.44575023e-01,2.01915745e+00
52,1.05000000e+00,14,9.44575023e-01,2.01933041e+00
53,1.07000000e+00,14,9.44575023e-01,2.01950740e+00
54,1.09000000e+00,14,9.44575023e-01,2.01968845e+00
55,1.11000000e+00,14,9.44575023e-01,2.01987354e+00
56,1.13000000e+00,14,9.44575023e-01,2.02006268e+00
57,1.15000000e+00,14,9.44575023e-01,2.02025587e+00
58,1.17000000e+00,14,9.44575023e-01,2.02045311e+00
59,1.19000000e+00,14,9.44575023e-01,2.02065440e+00
60,1.21000000e+00,14,9.44575023e-01,2.02085974e+00
61,1.23000000e+00,14,9.44575023e-01,2.02106913e+00
62,1.25000000e+00,14,9.44575023e-01,2.02128257e+00
63,1.27000000e+00,14,9.44575023e-01,2.02150007e+00
64,1.29000000e+00,14,9.44575023e-01,2.02172161e+00
65,1.31000000e+00,14,9.44575023e-01,2.02194722e+00
66,1.33000000e+00,14,9.44575023e-01,2.02217688e+00
67,1.35000000e+00,14,9.44575023e-01,2.02241059e+00
68,1.37000000e+00,14,9.44575023e-01,2.02264836e+00
69,1.39000000e+00,14,9.44575023e-01,2.02289019e+00
70,1.41000000e+00,14,9.44575023e-01,2.02313608e+00
71,1.43000000e+00,14,9.44575023e-01,2.02338602e+00
72,1.45000000e+00,14,9.44575023e-01,2.02364003e+00
73,1.47000000e+00,14,9.44575023e-01,2.02389810e+00
74,1.49000000e+00,14,9.44575023e-01,2.02416023e+00
75,1.51000000e+00,14,9.44575023e-01,2.02442642e+00
76,1.53000000e+00,14,9.44575023e-01,2.02469667e+00
77,1.55000000e+00,14,9.44575023e-01,2.02497099e+00
78,1.57000000e+00,14,9.44575023e-01,2.02524938e+00
79,1.59000000e+00,14,9.44575023e-01,2.02553183e+00
80,1.61000000e+00,14,9.44575023e-01,2.02581835e+00
81,1.63000000e+00,14,9.44575023e-01,2.02610894e+00
82,1.65000000e+00,14,9.44575023e-01,2.02640360e+00
83,1.67000000e+00,14,9.44575023e-01,2.02670233e+00
84,1.69000000e+00,14,9.44575023e-01,2.02700513e+00
85,1.71000000e+00,14,9.44575023e-01,2.02731200e+00
86,1.73000000e+00,14,9.44575023e-01,2.02762295e+00
87,1.75000000e+00,14,9.44575023e-01,2.02793797e+00
88,1.77000000e+00,14,9.44575023e-01,2.02825707e+00
89,1.79000000e+00,14,9.44575023e-01,2.02858025e+00
90,1.81000000e+00,14,9.44575023e-01,2.02890750e+00
91,1.83000000e+00,14,9.44575023e-01,2.02923884e+00
92,1.85000000e+00,14,9.44575023e-01,2.02957425e+00
93,1.87000000e+00,14,9.44575023e-01,2.02991375e+00
94,1.89000000e+00,14,9.44575023e-01,2.03025733e+00
95,1.91000000e+00,14,9.44575023e-01,2.03060499e+00
96,1.93000000e+00,14,9.44575023e-01,2.03095674e+00
97,1.95000000e+00,14,9.44575023e-01,2.03131258e+00
98,1.97000000e+00,14,9.44575023e-01,2.03167251e+00
99,1.99000000e+00,14,9.44575023e-01,2.03203652e+00
100,2.01000000e+00,14,9.44575023e-01,2.03240463e+00
101,2.03000000e+00,14,9.44575023e-01,2.03277682e+00
102,2.05000000e+00,14,9.44575023e-01,2.03315311e+00
103,2.07000000e+00,14,9.44575023e-01,2.03353350e+00
104,2.09000000e+00,14,9.44575023e-01,2.03391798e+00
105,2.11000000e+00,14,9.44575023e-01,2.03430656e+00
106,2.13000000e+00,14,9.44575023e-01,2.03469924e+00
107,2.15000000e+00,14,9.44575023e-01,2.03509601e+00
108,2.17000000e+00,14,9.44575023e-01,2.03549689e+00
109,2.19000000e+00,14,9.44575023e-01,2.03590188e+00
110,2.21000000e+00,14,9.44575023e-01,2.03631096e+00
111,2.23000000e+00,14,9.44575023e-01,2.03672415e+00
112,2.25000000e+00,14,9.44575023e-01,2.03714146e+00
113,2.27000000e+00,14,9.44575023e-01,2.03756286e+00
114,2.29000000e+00,14,9.44575023e-01,2.03798838e+00
115,2.31000000e+00,14,9.44575023e-01,2.03841802e+00
116,2.33000000e+00,14,9.44575023e-01,2.03885176e+00
117,2.35000000e+00,14,9.44575023e-01,2.03928962e+00
118,2.37000000e+00,14,9.44575023e-01,2.03973160e+00
119,2.39000000e+00,14,9.44575023e-01,2.04017770e+00
120,2.41000000e+00,14,9.44575023e-01,2.04062791e+00
121,2.43000000e+00,14,9.44575023e-01,2.04108225e+00
122,2.45000000e+00,14,9.44575023e-01,2.04154071e+00
123,2.47000000e+00,14,9.44575023e-01,2.04200329e+00
124,2.49000000e+00,14,9.44575023e-01,2.04247000e+00
125,2.51000000e+00,14,9.44575023e-01,2.04294084e+00
126,2.53000000e+00,14,9.44575023e-01,2.04341581e+00
127,2.55000000e+00,14,9.44575023e-01,2.04389491e+00
128,2.57000000e+00,14,9.44575023e-01,2.04437815e+00
129,2.59000000e+00,14,9.44575023e-01,2.04486551e+00
130,2.61000000e+00,14,9.44575023e-01,2.04535702e+00
131,2.63000000e+00,14,9.44575023e-01,2.04585266e+00
132,2.65000000e+00,14,9.44575023e-01,2.04635245e+00
133,2.67000000e+00,14,9.44575023e-01,2.04685637e+00
134,2.69000000e+00,14,9.44575023e-01,2.04736444e+00
135,2.71000000e+00,14,9.44575023e-01,2.04787666e+00
136,2.73000000e+00,14,9.44575023e-01,2.04839302e+00
137,2.75000000e+00,14,9.44575023e-01,2.04891353e+00
138,2.77000000e+00,14,9.44575023e-01,2.04943820e+00
139,2.79000000e+00,14,9.44575023e-01,2.04996702e+00
140,2.81000000e+00,14,9.44575023e-01,2.05049999e+00
141,2.83000000e+00,14,9.44575023e-01,2.05103712e+00
142,2.85000000e+00,14,9.44575023e-01,2.05157840e+00
143,2.87000000e+00,14,9.44575023e-01,2.05212385e+00
144,2.89000000e+00,14,9.44575023e-01,2.05267346e+00
145,2.91000000e+00,14,9.44575023e-01,2.05322724e+00
146,2.93000000e+00,14,9.44575023e-01,2.05378518e+00
147,2.95000000e+00,14,9.44575023e-01,2.05434729e+00
148,2.97000000e+00,14,9.44575023e-01,2.05491358e+00
149,2.99000000e+00,14,9.44575023e-01,2.05548403e+00
150,3.01000000e+00,14,9.44575023e-01,2.05605866e+00
151,3.03000000e+00,14,9.44575023e-01,2.05663747e+00
152,3.05000000e+00,14,9.44575023e-01,2.05722046e+00
153,3.07000000e+00,14,9.44575023e-01,2.05780762e+00
154,3.09000000e+00,14,9.44575023e-01,2.05839897e+00
155,3.11000000e+00,14,9.44575023e-01,2.05899451e+00
156,3.13000000e+00,14,9.44575023e-01,2.05959423e+00
157,3.15000000e+00,14,9.44575023e-01,2.06019815e+00
158,3.17000000e+00,14,9.44575023e-01,2.06080625e+00
159,3.19000000e+00,14,9.44575023e-01,2.06141855e+00
160,3.21000000e+00,14,9.44575023e-01,2.06203505e+00
161,3.23000000e+00,14,9.44575023e-01,2.06265574e+00
162,3.25000000e+00,14,9.44575023e-01,2.06328063e+00
163,3.27000000e+00,14,9.44575023e-01,2.06390973e+00
164,3.29000000e+00,14,9.44575023e-01,2.06454303e+00
165,3.31000000e+00,14,9.44575023e-01,2.06518054e+00
166,3.33000000e+00,14,9.44575023e-01,2.06582226e+00
167,3.35000000e+00,14,9.44575023e-01,2.06646820e+00
168,3.37000000e+00,14,9.44575023e-01,2.06711834e+00
169,3.39000000e+00,14,9.44575023e-01,2.06777271e+00
170,3.41000000e+00,14,9.44575023e-01,2.06843129e+00
171,3.43000000e+00,14,9.44575023e-01,2.06909409e+00
172,3.45000000e+00,14,9.44575023e-01,2.06976112e+00
173,3.47000000e+00,14,9.44575023e-01,2.07043238e+00
174,3.49000000e+00,14,9.44575023e-01,2.07110786e+00
175,3.51000000e+00,14,9.44575023e-01,2.07178758e+00
176,3.53000000e+00,14,9.44575023e-01,2.07247152e+00
177,3.55000000e+00,14,9.44575023e-01,2.07315971e+00
178,3.57000000e+00,14,9.44575023e-01,2.07385213e+00
179,3.59000000e+00,14,9.44575023e-01,2.07454879e+00
180,3.61000000e+00,14,9.44575023e-01,2.07524970e+00
181,3.63000000e+00,14,9.44575023e-01,2.07595486e+00
182,3.65000000e+00,14,9.44575023e-01,2.07666426e+00
183,3.67000000e+00,14,9.44575023e-01,2.07737791e+00
184,3.69000000e+00,14,9.44575023e-01,2.07809582e+00
185,3.71000000e+00,14,9.44575023e-01,2.07881798e+00
186,3.73000000e+00,14,9.44575023e-01,2.07954441e+00
187,3.75000000e+00,14,9.44575023e-01,2.08027509e+00
188,3.77000000e+00,14,9.44575023e-01,2.08101004e+00
189,3.79000000e+00,14,9.44575023e-01,2.08174926e+00
190,3.81000000e+00,14,9.44575023e-01,2.08249274e+00
191,3.83000000e+00,14,9.44575023e-01,2.08324050e+00
192,3.85000000e+00,14,9.44575023e-01,2.08399253e+00
193,3.87000000e+00,14,9.44575023e-01,2.08474884e+00
194,3.89000000e+00,14,9.44575023e-01,2.08550943e+00
195,3.91000000e+00,14,9.44575023e-01,2.08627431e+00
196,3.93000000e+00,14,9.44575023e-01,2.08704347e+00
197,3.95000000e+00,14,9.44575023e-01,2.08781692e+00
198,3.97000000e+00,14,9.44575023e-01,2.08859466e+00
199,3.99000000e+00,14,9.44575023e-01,2.08937669e+00
200,4.01000000e+00,14,9.44575023e-01,2.09016302e+00
201,4.03000000e+00,14,9.44575023e-01,2.09095365e+00
202,4.05000000e+00,14,9.44575023e-01,2.09174859e+00
203,4.07000000e+00,14,9.44575023e-01,2.09254783e+00
204,4.09000000e+00,14,9.44575023e-01,2.09335138e+00
205,4.11000000e+00,14,9.44575023e-01,2.09415924e+00
206,4.13000000e+00,14,9.44575023e-01,2.09497141e+00
207,4.15000000e+00,14,9.44575023e-01,2.09578790e+00
208,4.17000000e+00,14,9.44575023e-01,2.09660872e+00
209,4.19000000e+00,14,9.44575023e-01,2.09743385e+00
210,4.21000000e+00,14,9.44575023e-01,2.09826331e+00
211,4.23000000e+00,14,9.44575023e-01,2.09909710e+00
212,4.25000000e+00,14,9.44575023e-01,2.09993523e+00
213,4.27000000e+00,14,9.44575023e-01,2.10077769e+00
214,4.29000000e+00,14,9.44575023e-01,2.10162448e+00
215,4.31000000e+00,14,9.44575023e-01,2.10247562e+00
216,4.33000000e+00,14,9.44575023e-01,2.10333110e+00
217,4.35000000e+00,14,9.44575023e-01,2.10419094e+00
218,4.37000000e+00,14,9.44575023e-01,2.10505512e+00
219,4.39000000e+00,14,9.44575023e-01,2.10592365e+00
220,4.41000000e+00,14,9.44575023e-01,2.10679654e+00
221,4.43000000e+00,14,9.44575023e-01,2.10767380e+00
222,4.45000000e+00,14,9.44575023e-01,2.10855541e+00
223,4.47000000e+00,14,9.44575023e-01,2.10944139e+00
224,4.49000000e+00,14,9.44575023e-01,2.11033174e+00
225,4.51000000e+00,14,9.44575023e-01,2.11122647e+00
226,4.53000000e+00,14,9.44575023e-01,2.11212557e+00
227,4.55000000e+00,14,9.44575023e-01,2.11302905e+00
228,4.57000000e+00,14,9.44575023e-01,2.11393691e+00
229,4.59000000e+00,14,9.44575023e-01,2.11484916e+00
230,4.61000000e+00,14,9.44575023e-01,2.11576580e+00
231,4.63000000e+00,14,9.44575023e-01,2.11668683e+00
232,4.65000000e+00,14,9.44575023e-01,2.11761225e+00
233,4.67000000e+00,14,9.44575023e-01,2.11854208e+00
234,4.69000000e+00,14,9.44575023e-01,2.11947631e+00
235,4.71000000e+00,14,9.44575023e-01,2.12041494e+00
236,4.73000000e+00,14,9.44575023e-01,2.12135798e+00
237,4.75000000e+00,14,9.44575023e-01,2.12230544e+00
238,4.77000000e+00,14,9.44575023e-01,2.12325731e+00
239,4.79000000e+00,14,9.44575023e-01,2.12421360e+00
240,4.81000000e+00,14,9.44575023e-01,2.12517432e+00
241,4.83000000e+00,14,9.44575023e-01,2.12613946e+00
242,4.85000000e+00,14,9.44575023e-01,2.12710903e+00
243,4.87000000e+00,14,9.44575023e-01,2.12808304e+00
244,4.89000000e+00,14,9.44575023e-01,2.12906148e+00
245,4.91000000e+00,14,9.44575023e-01,2.13004436e+00
246,4.93000000e+00,14,9.44575023e-01,2.13103169e+00
247,4.95000000e+00,14,9.44575023e-01,2.13202346e+00
248,4.97000000e+00,14,9.44575023e-01,2.13301969e+00
249,4.99000000e+00,14,9.44575023e-01,2.13402037e+00
250,5.01000000e+00,14,9.44575023e-01,2.13502551e+00
251,5.03000000e+00,14,9.44575023e-01,2.13603511e+00
252,5.05000000e+00,14,9.44575023e-01,2.13704918e+00
253,5.07000000e+00,14,9.44575023e-01,2.13806772e+00
254,5.09000000e+00,14,9.44575023e-01,2.13909073e+00
255,5.11000000e+00,14,9.44575023e-01,2.14011822e+00
256,5.13000000e+00,14,9.44575023e-01,2.14115019e+00
257,5.15000000e+00,14,9.44575023e-01,2.14218664e+00
258,5.17000000e+00,14,9.44575023e-01,2.14322758e+00
259,5.19000000e+00,14,9.44575023e-01,2.14427302e+00
260,5.21000000e+00,14,9.44575023e-01,2.14532295e+00
261,5.23000000e+00,14,9.44575023e-01,2.14637738e+00
262,5.25000000e+00,14,9.44575023e-01,2.14743631e+00
263,5.27000000e+00,14,9.44575023e-01,2.14849975e+00
264,5.29000000e+00,14,9.44575023e-01,2.14956770e+00
265,5.31000000e+00,14,9.44575023e-01,2.15064016e+00
266,5.33000000e+00,14,9.44575023e-01,2.15171715e+00
267,5.35000000e+00,14,9.44575023e-01,2.15279866e+00
268,5.37000000e+00,14,9.44575023e-01,2.15388469e+00
269,5.39000000e+00,14,9.44575023e-01,2.15497525e+00
270,5.41000000e+00,14,9.44575023e-01,2.15607035e+00
271,5.43000000e+00,14,9.44575023e-01,2.15716999e+00
272,5.45000000e+00,14,9.44575023e-01,2.15827417e+00
273,5.47000000e+00,14,9.44575023e-01,2.15938290e+00
274,5.49000000e+00,14,9.44575023e-01,2.16049617e+00
275,5.51000000e+00,14,9.44575023e-01,2.16161401e+00
276,5.53000000e+00,14,9.44575023e-01,2.16273640e+00
277,5.55000000e+00,14,9.44575023e-01,2.16386335e+00
278,5.57000000e+00,14,9.44575023e-01,2.16499487e+00
279,5.59000000e+00,14,9.44575023e-01,2.16613096e+00
280,5.61000000e+00,14,9.44575023e-01,2.16727163e+00
281,5.63000000e+00,14,9.44575023e-01,2.16841687e+00
282,5.65000000e+00,14,9.44575023e-01,2.16956670e+00
283,5.67000000e+00,14,9.44575023e-01,2.17072112e+00
284,5.69000000e+00,14,9.44575023e-01,2.17188013e+00
285,5.71000000e+00,14,9.44575023e-01,2.17304373e+00
286,5.73000000e+00,14,9.44575023e-01,2.17421193e+00
287,5.75000000e+00,14,9.44575023e-01,2.17538474e+00
288,5.77000000e+00,14,9.44575023e-01,2.17656216e+00
289,5.79000000e+00,14,9.44575023e-01,2.17774419e+00
290,5.81000000e+00,14,9.44575023e-01,2.17893083e+00
291,5.83000000e+00,14,9.44575023e-01,2.18012210e+00
292,5.85000000e+00,14,9.44575023e-01,2.18131800e+00
293,5.87000000e+00,14,9.44575023e-01,2.18251852e+00
294,5.89000000e+00,14,9.44575023e-01,2.18372368e+00
295,5.91000000e+00,14,9.44575023e-01,2.18493348e+00
296,5.93000000e+00,14,9.44575023e-01,2.18614792e+00
297,5.95000000e+00,14,9.44575023e-01,2.18736701e+00
298,5.97000000e+00,14,9.44575023e-01,2.18859075e+00
299,5.99000000e+00,14,9.44575023e-01,2.18981915e+00
300,6.01000000e+00,14,9.44575023e-01,2.19105220e+00
301,6.03000000e+00,14,9.44575023e-01,2.19228993e+00
302,6.05000000e+00,14,9.44575023e-01,2.19353232e+00
303,6.07000000e+00,14,9.44575023e-01,2.19477939e+00
304,6.09000000e+00,14,9.44575023e-01,2.19603114e+00
305,6.11000000e+00,14,9.44575023e-01,2.19728757e+00
306,6.13000000e+00,14,9.44575023e-01,2.19854869e+00
307,6.15000000e+00,14,9.44575023e-01,2.19981450e+00
308,6.17000000e+00,14,9.44575023e-01,2.20108501e+00
309,6.19000000e+00,14,9.44575023e-01,2.20236022e+00
310,6.21000000e+00,14,9.44575023e-01,2.20364014e+00
311,6.23000000e+00,14,9.44575023e-01,2.20492477e+00
312,6.25000000e+00,14,9.44575023e-01,2.20621411e+00
313,6.27000000e+00,14,9.44575023e-01,2.20750818e+00
314,6.29000000e+00,14,9.44575023e-01,2.20880697e+00
315,6.31000000e+00,14,9.44575023e-01,2.21011049e+00
316,6.33000000e+00,14,9.44575023e-01,2.21141875e+00
317,6.35000000e+00,14,9.44575023e-01,2.21273174e+00
318,6.37000000e+00,14,9.44575023e-01,2.21404948e+00
319,6.39000000e+00,14,9.44575023e-01,2.21537197e+00
320,6.41000000e+00,14,9.44575023e-01,2.21669921e+00
321,6.43000000e+00,14,9.44575023e-01,2.21803121e+00
322,6.45000000e+00,14,9.44575023e-01,2.21936798e+00
323,6.47000000e+00,14,9.44575023e-01,2.22070951e+00
324,6.49000000e+00,14,9.44575023e-01,2.22205582e+00
325,6.51000000e+00,14,9.44575023e-01,2.22340690e+00
326,6.53000000e+00,14,9.44575023e-01,2.22476277e+00
327,6.55000000e+00,14,9.44575023e-01,2.22612343e+00
328,6.57000000e+00,14,9.44575023e-01,2.22748888e+00
329,6.59000000e+00,14,9.44575023e-01,2.22885912e+00
330,6.61000000e+00,14,9.44575023e-01,2.23023417e+00
331,6.63000000e+00,14,9.44575023e-01,2.23161403e+00
332,6.65000000e+00,14,9.44575023e-01,2.23299870e+00
333,6.67000000e+00,14,9.44575023e-01,2.23438819e+00
334,6.69000000e+00,14,9.44575023e-01,2.23578250e+00
335,6.71000000e+00,14,9.44575023e-01,2.23718164e+00
336,6.73000000e+00,14,9.44575023e-01,2.23858561e+00
337,6.75000000e+00,14,9.44575023e-01,2.23999442e+00
338,6.77000000e+00,14,9.44575023e-01,2.24140807e+00
339,6.79000000e+00,14,9.44575023e-01,2.24282657e+00
340,6.81000000e+00,14,9.44575023e-01,2.24424993e+00
341,6.83000000e+00,14,9.44575023e-01,2.24567814e+00
342,6.85000000e+00,14,9.44575023e-01,2.24711122e+00
343,6.87000000e+00,14,9.44575023e-01,2.24854916e+00
344,6.89000000e+00,14,9.44575023e-01,2.24999199e+00
345,6.91000000e+00,14,9.44575023e-01,2.25143968e+00
346,6.93000000e+00,14,9.44575023e-01,2.25289227e+00
347,6.95000000e+00,14,9.44575023e-01,2.25434974e+00
348,6.97000000e+00,14,9.44575023e-01,2.25581211e+00
349,6.99000000e+00,14,9.44575023e-01,2.25727938e+00
350,7.01000000e+00,14,9.44575023e-01,2.25875155e+00
351,7.03000000e+00,14,9.44575023e-01,2.26022864e+00
352,7.05000000e+00,14,9.44575023e-01,2.26171064e+00
353,7.07000000e+00,14,9.44575023e-01,2.26319756e+00
354,7.09000000e+00,14,9.44575023e-01,2.26468941e+00
355,7.11000000e+00,14,9.44575023e-01,2.26618619e+00
356,7.13000000e+00,14,9.44575023e-01,2.26768791e+00
357,7.15000000e+00,14,9.44575023e-01,2.26919457e+00
358,7.17000000e+00,14,9.44575023e-01,2.27070618e+00
359,7.19000000e+00,14,9.44575023e-01,2.27222273e+00
360,7.21000000e+00,14,9.44575023e-01,2.27374425e+00
361,7.23000000e+00,14,9.44575023e-01,2.27527073e+00
362,7.25000000e+00,14,9.44575023e-01,2.27680218e+00
363,7.27000000e+00,14,9.44575023e-01,2.27833861e+00
364,7.29000000e+00,14,9.44575023e-01,2.27988001e+00
365,7.31000000e+00,14,9.44575023e-01,2.28142640e+00
366,7.33000000e+00,14,9.44575023e-01,2.28297777e+00
367,7.35000000e+00,14,9.44575023e-01,2.28453414e+00
368,7.37000000e+00,14,9.44575023e-01,2.28609551e+00
369,7.39000000e+00,14,9.44575023e-01,2.28766189e+00
370,7.41000000e+00,14,9.44575023e-01,2.28923327e+00
371,7.43000000e+00,14,9.44575023e-01,2.29080967e+00
372,7.45000000e+00,14,9.44575023e-01,2.29239109e+00
373,7.47000000e+00,14,9.44575023e-01,2.29397753e+00
374,7.49000000e+00,14,9.44575023e-01,2.29556901e+00
375,7.51000000e+00,14,9.44575023e-01,2.29716551e+00
376,7.53000000e+00,14,9.44575023e-01,2.29876705e+00
377,7.55000000e+00,14,9.44575023e-01,2.30037364e+00
378,7.57000000e+00,14,9.44575023e-01,2.30198527e+00
379,7.59000000e+00,14,9.44575023e-01,2.30360196e+00
380,7.61000000e+00,14,9.44575023e-01,2.30522370e+00
381,7.63000000e+00,14,9.44575023e-01,2.30685050e+00
382,7.65000000e+00,14,9.44575023e-01,2.30848236e+00
383,7.67000000e+00,14,9.44575023e-01,2.31011929e+00
384,7.69000000e+00,14,9.44575023e-01,2.31176129e+00
385,7.71000000e+00,14,9.44575023e-01,2.31340836e+00
386,7.73000000e+00,14,9.44575023e-01,2.31506050e+00
387,7.75000000e+00,14,9.44575023e-01,2.31671773e+00
388,7.77000000e+00,14,9.44575023e-01,2.31838003e+00
389,7.79000000e+00,14,9.44575023e-01,2.32004742e+00
390,7.81000000e+00,14,9.44575023e-01,2.32171989e+00
391,7.83000000e+00,14,9.44575023e-01,2.32339744e+00
392,7.85000000e+00,14,9.44575023e-01,2.32508008e+00
393,7.87000000e+00,14,9.44575023e-01,2.32676780e+00
394,7.89000000e+00,14,9.44575023e-01,2.32846061e+00
395,7.91000000e+00,14,9.44575023e-01,2.33015849e+00
396,7.93000000e+00,14,9.44575023e-01,2.33186146e+00
397,7.95000000e+00,14,9.44575023e-01,2.33356950e+00
398,7.97000000e+00,14,9.44575023e-01,2.33528262e+00
399,7.99000000e+00,14,9.44575023e-01,2.33700080e+00
400,8.01000000e+00,14,9.44575023e-01,2.33872404e+00
401,8.03000000e+00,14,9.44575023e-01,2.34045234e+00
402,8.05000000e+00,14,9.44575023e-01,2.34218569e+00
403,8.07000000e+00,14,9.44575023e-01,2.34392407e+00
404,8.09000000e+00,14,9.44575023e-01,2.34566748e+00
405,8.11000000e+00,14,9.44575023e-01,2.34741589e+00
406,8.13000000e+00,14,9.44575023e-01,2.34916931e+00
407,8.15000000e+00,14,9.44575023e-01,2.35092770e+00
408,8.17000000e+00,14,9.44575023e-01,2.35269105e+00
409,8.19000000e+00,14,9.44575023e-01,2.35445934e+00
410,8.21000000e+00,14,9.44575023e-01,2.35623254e+00
411,8.23000000e+00,14,9.44575023e-01,2.35801062e+00
412,8.25000000e+00,14,9.44575023e-01,2.35979356e+00
413,8.27000000e+00,14,9.44575023e-01,2.36158132e+00
414,8.29000000e+00,14,9.44575023e-01,2.36337385e+00
415,8.31000000e+00,14,9.44575023e-01,2.36517112e+00
416,8.33000000e+00,14,9.44575023e-01,2.36697307e+00
417,8.35000000e+00,14,9.44575023e-01,2.36877966e+00
418,8.37000000e+00,14,9.44575023e-01,2.37059082e+00
419,8.39000000e+00,14,9.44575023e-01,2.37240648e+00
420,8.41000000e+00,14,9.44575023e-01,2.37422658e+00
421,8.43000000e+00,14,9.44575023e-01,2.37605103e+00
422,8.45000000e+00,14,9.44575023e-01,2.37787975e+00
423,8.47000000e+00,14,9.44575023e-01,2.37971263e+00
424,8.49000000e+00,14,9.44575023e-01,2.38154956e+00
425,8.51000000e+00,14,9.44575023e-01,2.38339043e+00
426,8.53000000e+00,14,9.44575023e-01,2.38523510e+00
427,8.55000000e+00,14,9.44575023e-01,2.38708342e+00
428,8.57000000e+00,14,9.44575023e-01,2.38893525e+00
429,8.59000000e+00,14,9.44575023e-01,2.39079040e+00
430,8.61000000e+00,14,9.44575023e-01,2.39264867e+00
431,8.63000000e+00,14,9.44575023e-01,2.39450987e+00
432,8.65000000e+00,14,9.44575023e-01,2.39637375e+00
433,8.67000000e+00,14,9.44575023e-01,2.39824007e+00
434,8.69000000e+00,14,9.44575023e-01,2.40010854e+00
435,8.71000000e+00,14,9.44575023e-01,2.40197888e+00
436,8.73000000e+00,14,9.44575023e-01,2.40385074e+00
437,8.75000000e+00,14,9.44575023e-01,2.40572377e+00
438,8.77000000e+00,14,9.44575023e-01,2.40759759e+00
439,8.79000000e+00,14,9.44575023e-01,2.40947177e+00
440,8.81000000e+00,14,9.44575023e-01,2.41134586e+00
441,8.83000000e+00,14,9.44575023e-01,2.41321936e+00
442,8.85000000e+00,14,9.44575023e-01,2.41509176e+00
443,8.87000000e+00,14,9.44575023e-01,2.41696248e+00
444,8.89000000e+00,14,9.44575023e-01,2.41883092e+00
445,8.91000000e+00,14,9.44575023e-01,2.42069644e+00
446,8.93000000e+00,14,9.44575023e-01,2.42255835e+00
447,8.95000000e+00,14,9.44575023e-01,2.42441595e+00
448,8.97000000e+00,14,9.44575023e-01,2.42626848e+00
449,8.99000000e+00,14,9.44575023e-01,2.42811517e+00
450,9.01000000e+00,14,9.44575023e-01,2.42995522e+00
451,9.03000000e+00,14,9.44575023e-01,2.43178784e+00
452,9.05000000e+00,14,9.44575023e-01,2.43361222e+00
453,9.07000000e+00,14,9.44575023e-01,2.43542760e+00
454,9.09000000e+00,14,9.44575023e-01,2.43723323e+00
455,9.11000000e+00,14,9.44575023e-01,2.43902847e+00
456,9.13000000e+00,14,9.44575023e-01,2.44081275e+00
457,9.15000000e+00,14,9.44575023e-01,2.44258569e+00
458,9.17000000e+00,14,9.44575023e-01,2.44434707e+00
459,9.19000000e+00,14,9.44575023e-01,2.44609699e+00
460,9.21000000e+00,14,9.44575023e-01,2.44783585e+00
461,9.23000000e+00,14,9.44575023e-01,2.44956451e+00
462,9.25000000e+00,14,9.44575023e-01,2.45128437e+00
463,9.27000000e+00,14,9.44575023e-01,2.45299751e+00
464,9.29000000e+00,14,9.44575023e-01,2.45470682e+00
465,9.31000000e+00,14,9.44575023e-01,2.45641616e+00
466,9.33000000e+00,14,9.44575023e-01,2.45813055e+00
467,9.35000000e+00,14,9.44575023e-01,2.45985638e+00
468,9.37000000e+00,14,9.44575023e-01,2.46160157e+00
469,9.39000000e+00,14,9.44575023e-01,2.46337581e+00
470,9.41000000e+00,14,9.44575023e-01,2.46519070e+00
471,9.43000000e+00,14,9.44575023e-01,2.46705988e+00
472,9.45000000e+00,14,9.44575023e-01,2.46899901e+00
473,9.47000000e+00,14,9.44575023e-01,2.47102564e+00
474,9.49000000e+00,14,9.44575023e-01,2.47315869e+00
475,9.51000000e+00,14,9.44575023e-01,2.47541757e+00
476,9.53000000e+00,14,9.44575023e-01,2.47782053e+00
477,9.55000000e+00,14,9.44575023e-01,2.48038194e+00
478,9.57000000e+00,14,9.44575023e-01,2.48310808e+00
479,9.59000000e+00,14,9.44575023e-01,2.48599042e+00
480,9.61000000e+00,14,9.44575023e-01,2.48899552e+00
481,9.63000000e+00,14,9.44575023e-01,2.49204973e+00
482,9.65000000e+00,14,9.44575023e-01,2.49501627e+00
483,9.67000000e+00,14,9.44575023e-01,2.49766117e+00
484,9.69000000e+00,14,9.44575023e-01,2.49960279e+00
485,9.71000000e+00,14,9.44575023e-01,2.50023719e+00
486,9.73000000e+00,14,9.44575023e-01,2.49862790e+00
487,9.75000000e+00,14,9.44575023e-01,2.49334341e+00
488,9.77000000e+00,14,9.44575023e-01,2.48221707e+00
489,9.79000000e+00,14,9.44575023e-01,2.46199177e+00
490,9.81000000e+00,14,9.44575023e-01,2.42779037e+00
491,9.83000000e+00,14,9.44575023e-01,2.37231300e+00
492,9.85000000e+00,14,9.44575023e-01,2.28457057e+00
493,9.87000000e+00,14,9.44575023e-01,2.14770123e+00
494,9.89000000e+00,14,9.44575023e-01,1.93454361e+00
495,9.91000000e+00,14,9.44575023e-01,1.59648846e+00
496,9.93000000e+00,14,9.44575023e-01,1.02933059e+00
497,9.95000000e+00,14,9.44575023e-01,-4.49723066e-02
498,9.97000000e+00,14,9.44575023e-01,-2.51284599e+00
499,9.99000000e+00,14,9.44575023e-01,-9.50664128e+00
0,1.00000000e-02,15,9.89400935e-01,2.01569334e+00
1,3.00000000e-02,15,9.89400935e-01,2.01566206e+00
2,5.00000000e-02,15,9.89400935e-01,2.01562882e+00
3,7.00000000e-02,15,9.89400935e-01,2.01560024e+00
4,9.00000000e-02,15,9.89400935e-01,2.01557698e+00
5,1.10000000e-01,15,9.89400935e-01,2.01555811e+00
6,1.30000000e-01,15,9.89400935e-01,2.01554214e+00
7,1.50000000e-01,15,9.89400935e-01,2.01552982e+00
8,1.70000000e-01,15,9.89400935e-01,2.01552372e+00
9,1.90000000e-01,15,9.89400935e-01,2.01552071e+00
10,2.10000000e-01,15,9.89400935e-01,2.01552057e+00
11,2.30000000e-01,15,9.89400935e-01,2.01552660e+00
12,2.50000000e-01,15,9.89400935e-01,2.01553450e+00
13,2.70000000e-01,15,9.89400935e-01,2.01554816e+00
14,2.90000000e-01,15,9.89400935e-01,2.01556459e+00
15,3.10000000e-01,15,9.89400935e-01,2.01558590e+00
16,3.30000000e-01,15,9.89400935e-01,2.01561070e+00
17,3.50000000e-01,15,9.89400935e-01,2.01563987e+00
18,3.70000000e-01,15,9.89400935e-01,2.01567286e+00
19,3.90000000e-01,15,9.89400935e-01,2.01571001e+00
20,4.10000000e-01,15,9.89400935e-01,2.01575113e+00
21,4.30000000e-01,15,9.89400935e-01,2.01579632e+00
22,4.50000000e-01,15,9.89400935e-01,2.01584553e+00
23,4.70000000e-01,15,9.89400935e-01,2.01589878e+00
24,4.90000000e-01,15,9.89400935e-01,2.01595607e+00
25,5.10000000e-01,15,9.89400935e-01,2.01601739e+00
26,5.30000000e-01,15,9.89400935e-01,2.01608275e+00
27,5.50000000e-01,15,9.89400935e-01,2.01615215e+00
28,5.70000000e-01,15,9.89400935e-01,2.01622559e+00
29,5.90000000e-01,15,9.89400935e-01,2.01630306e+00
30,6.10000000e-01,15,9.89400935e-01,2.01638457e+00
31,6.30000000e-01,15,9.89400935e-01,2.01647012e+00
32,6.50000000e-01,15,9.89400935e-01,2.01655971e+00
33,6.70000000e-01,15,9.89400935e-01,2.01665334e+00
34,6.90000000e-01,15,9.89400935e-01,2.01675101e+00
35,7.10000000e-01,15,9.89400935e-01,2.01685271e+00
36,7.30000000e-01,15,9.89400935e-01,2.01695846e+00
37,7.50000000e-01,15,9.89400935e-01,2.01706825e+00
38,7.70000000e-01,15,9.89400935e-01,2.01718207e+00
39,7.90000000e-01,15,9.89400935e-01,2.01729994e+00
40,8.10000000e-01,15,9.89400935e-01,2.01742184e+00
41,8.30000000e-01,15,9.89400935e-01,2.01754779e+00
42,8.50000000e-01,15,9.89400935e-01,2.01767778e+00
43,8.70000000e-01,15,9.89400935e-01,2.01781181e+00
44,8.90000000e-01,15,9.89400935e-01,2.01794988e+00
45,9.10000000e-01,15,9.89400935e-01,2.01809199e+00
46,9.30000000e-01,15,9.89400935e-01,2.01823815e+00
47,9.50000000e-01,15,9.89400935e-01,2.01838835e+00
48,9.70000000e-01,15,9.89400935e-01,2.01854260e+00
49,9.90000000e-01,15,9.89400935e-01,2.01870088e+00
50,1.01000000e+00,15,9.89400935e-01,2.01886322e+00
51,1.03000000e+00,15,9.89400935e-01,2.01902959e+00
52,1.05000000e+00,15,9.89400935e-01,2.01920002e+00
53,1.07000000e+00,15,9.89400935e-01,2.01937449e+00
54,1.09000000e+00,15,9.89400935e-01,2.01955301e+00
55,1.11000000e+00,15,9.89400935e-01,2.01973557e+00
56,1.13000000e+00,15,9.89400935e-01,2.01992218e+00
57,1.15000000e+00,15,9.89400935e-01,2.02011284e+00
58,1.17000000e+00,15,9.89400935e-01,2.02030755e+00
59,1.19000000e+00,15,9.89400935e-01,2.02050631e+00
60,1.21000000e+00,15,9.89400935e-01,2.02070912e+00
61,1.23000000e+00,15,9.89400935e-01,2.02091599e+00
62,1.25000000e+00,15,9.89400935e-01,2.02112690e+00
63,1.27000000e+00,15,9.89400935e-01,2.02134187e+00
64,1.29000000e+00,15,9.89400935e-01,2.02156089e+00
65,1.31000000e+00,15,9.89400935e-01,2.02178396e+00
66,1.33000000e+00,15,9.89400935e-01,2.02201109e+00
67,1.35000000e+00,15,9.89400935e-01,2.02224227e+00
68,1.37000000e+00,15,9.89400935e-01,2.02247751e+00
69,1.39000000e+00,15,9.89400935e-01,2.02271681e+00
70,1.41000000e+00,15,9.89400935e-01,2.02296017e+00
71,1.43000000e+00,15,9.89400935e-01,2.02320758e+00
72,1.45000000e+00,15,9.89400935e-01,2.02345906e+00
73,1.47000000e+00,15,9.89400935e-01,2.02371459e+00
74,1.49000000e+00,15,9.89400935e-01,2.02397419e+00
75,1.51000000e+00,15,9.89400935e-01,2.02423785e+00
76,1.53000000e+00,15,9.89400935e-01,2.02450557e+00
77,1.55000000e+00,15,9.89400935e-01,2.02477736e+00
78,1.57000000e+00,15,9.89400935e-01,2.02505321e+00
79,1.59000000e+00,15,9.89400935e-01,2.02533313e+00
80,1.61000000e+00,15,9.89400935e-01,2.02561712e+00
81,1.63000000e+00,15,9.89400935e-01,2.02590517e+00
82,1.65000000e+00,15,9.89400935e-01,2.02619729e+00
83,1.67000000e+00,15,9.89400935e-01,2.02649348e+00
84,1.69000000e+00,15,9.89400935e-01,2.02679375e+00
85,1.71000000e+00,15,9.89400935e-01,2.02709809e+00
86,1.73000000e+00,15,9.89400935e-01,2.02740650e+00
87,1.75000000e+00,15,9.89400935e-01,2.02771898e+00
88,1.77000000e+00,15,9.89400935e-01,2.02803554e+00
89,1.79000000e+00,15,9.89400935e-01,2.02835618e+00
90,1.81000000e+00,15,9.89400935e-01,2.02868089e+00
91,1.83000000e+00,15,9.89400935e-01,2.02900968e+00
92,1.85000000e+00,15,9.89400935e-01,2.02934256e+00
93,1.87000000e+00,15,9.89400935e-01,2.02967951e+00
94,1.89000000e+00,15,9.89400935e-01,2.03002055e+00
95,1.91000000e+00,15,9.89400935e-01,2.03036567e+00
96,1.93000000e+00,15,9.89400935e-01,2.03071488e+00
97,1.95000000e+00,15,9.89400935e-01,2.03106817e+00
98,1.97000000e+00,15,9.89400935e-01,2.03142555e+00
99,1.99000000e+00,15,9.89400935e-01,2.03178702e+00
100,2.01000000e+00,15,9.89400935e-01,2.03215257e+00
101,2.03000000e+00,15,9.89400935e-01,2.03252222e+00
102,2.05000000e+00,15,9.89400935e-01,2.03289597e+00
103,2.07000000e+00,15,9.89400935e-01,2.03327380e+00
104,2.09000000e+00,15,9.89400935e-01,2.03365573e+00
105,2.11000000e+00,15,9.89400935e-01,2.03404176e+00
106,2.13000000e+00,15,9.89400935e-01,2.03443189e+00
107,2.15000000e+00,15,9.89400935e-01,2.03482612e+00
108,2.17000000e+00,15,9.89400935e-01,2.03522444e+00
109,2.19000000e+00,15,9.89400935e-01,2.03562687e+00
110,2.21000000e+00,15,9.89400935e-01,2.03603340e+00
111,2.23000000e+00,15,9.89400935e-01,2.03644404e+00
112,2.25000000e+00,15,9.89400935e-01,2.03685879e+00
113,2.27000000e+00,15,9.89400935e-01,2.03727764e+00
114,2.29000000e+00,15,9.89400935e-01,2.03770060e+00
115,2.31000000e+00,15,9.89400935e-01,2.03812767e+00
116,2.33000000e+00,15,9.89400935e-01,2.03855886e+00
117,2.35000000e+00,15,9.89400935e-01,2.03899416e+00
118,2.37000000e+00,15,9.89400935e-01,2.03943358e+00
119,2.39000000e+00,15,9.89400935e-01,2.03987711e+00
120,2.41000000e+00,15,9.89400935e-01,2.04032476e+00
121,2.43000000e+00,15,9.89400935e-01,2.04077653e+00
122,2.45000000e+00,15,9.89400935e-01,2.04123243e+00
123,2.47000000e+00,15,9.89400935e-01,2.04169245e+00
124,2.49000000e+00,15,9.89400935e-01,2.04215659e+00
125,2.51000000e+00,15,9.89400935e-01,2.04262486e+00
126,2.53000000e+00,15,9.89400935e-01,2.04309726e+00
127,2.55000000e+00,15,9.89400935e-01,2.04357379e+00
128,2.57000000e+00,15,9.89400935e-01,2.04405446e+00
129,2.59000000e+00,15,9.89400935e-01,2.04453925e+00
130,2.61000000e+00,15,9.89400935e-01,2.04502818e+00
131,2.63000000e+00,15,9.89400935e-01,2.04552125e+00
132,2.65000000e+00,15,9.89400935e-01,2.04601846e+00
133,2.67000000e+00,15,9.89400935e-01,2.04651981e+00
134,2.69000000e+00,15,9.89400935e-01,2.04702531e+00
135,2.71000000e+00,15,9.89400935e-01,2.04753494e+00
136,2.73000000e+00,15,9.89400935e-01,2.04804873e+00
137,2.75000000e+00,15,9.89400935e-01,2.04856666e+00
138,2.77000000e+00,15,9.89400935e-01,2.04908874e+00
139,2.79000000e+00,15,9.89400935e-01,2.04961497e+00
140,2.81000000e+00,15,9.89400935e-01,2.05014536e+00
141,2.83000000e+00,15,9.89400935e-01,2.05067991e+00
142,2.85000000e+00,15,9.89400935e-01,2.05121861e+00
143,2.87000000e+00,15,9.89400935e-01,2.05176147e+00
144,2.89000000e+00,15,9.89400935e-01,2.05230849e+00
145,2.91000000e+00,15,9.89400935e-01,2.05285968e+00
146,2.93000000e+00,15,9.89400935e-01,2.05341503e+00
147,2.95000000e+00,15,9.89400935e-01,2.05397455e+00
148,2.97000000e+00,15,9.89400935e-01,2.05453824e+00
149,2.99000000e+00,15,9.89400935e-01,2.05510610e+00
150,3.01000000e+00,15,9.89400935e-01,2.05567813e+00
151,3.03000000e+00,15,9.89400935e-01,2.05625434e+00
152,3.05000000e+00,15,9.89400935e-01,2.05683473e+00
153,3.07000000e+00,15,9.89400935e-01,2.05741930e+00
154,3.09000000e+00,15,9.89400935e-01,2.05800805e+00
155,3.11000000e+00,15,9.89400935e-01,2.05860098e+00
156,3.13000000e+00,15,9.89400935e-01,2.05919810e+00
157,3.15000000e+00,15,9.89400935e-01,2.05979941e+00
158,3.17000000e+00,15,9.89400935e-01,2.06040491e+00
159,3.19000000e+00,15,9.89400935e-01,2.06101460e+00
160,3.21000000e+00,15,9.89400935e-01,2.06162849e+00
161,3.23000000e+00,15,9.89400935e-01,2.06224657e+00
162,3.25000000e+00,15,9.89400935e-01,2.06286886e+00
163,3.27000000e+00,15,9.89400935e-01,2.06349534e+00
164,3.29000000e+00,15,9.89400935e-01,2.06412603e+00
165,3.31000000e+00,15,9.89400935e-01,2.06476093e+00
166,3.33000000e+00,15,9.89400935e-01,2.06540003e+00
167,3.35000000e+00,15,9.89400935e-01,2.06604334e+00
168,3.37000000e+00,15,9.89400935e-01,2.06669087e+00
169,3.39000000e+00,15,9.89400935e-01,2.06734261e+00
170,3.41000000e+00,15,9.89400935e-01,2.06799857e+00
171,3.43000000e+00,15,9.89400935e-01,2.06865875e+00
172,3.45000000e+00,15,9.89400935e-01,2.06932316e+00
173,3.47000000e+00,15,9.89400935e-01,2.06999178e+00
174,3.49000000e+00,15,9.89400935e-01,2.07066464e+00
175,3.51000000e+00,15,9.89400935e-01,2.07134172e+00
176,3.53000000e+00,15,9.89400935e-01,2.07202304e+00
177,3.55000000e+00,15,9.89400935e-01,2.07270859e+00
178,3.57000000e+00,15,9.89400935e-01,2.07339838e+00
179,3.59000000e+00,15,9.89400935e-01,2.07409241e+00
180,3.61000000e+00,15,9.89400935e-01,2.07479068e+00
181,3.63000000e+00,15,9.89400935e-01,2.07549320e+00
182,3.65000000e+00,15,9.89400935e-01,2.07619996e+00
183,3.67000000e+00,15,9.89400935e-01,2.07691097e+00
184,3.69000000e+00,15,9.89400935e-01,2.07762623e+00
185,3.71000000e+00,15,9.89400935e-01,2.07834575e+00
186,3.73000000e+00,15,9.89400935e-01,2.07906953e+00
187,3.75000000e+00,15,9.89400935e-01,2.07979757e+00
188,3.77000000e+00,15,9.89400935e-01,2.08052986e+00
189,3.79000000e+00,15,9.89400935e-01,2.08126643e+00
190,3.81000000e+00,15,9.89400935e-01,2.08200726e+00
191,3.83000000e+00,15,9.89400935e-01,2.08275236e+00
192,3.85000000e+00,15,9.89400935e-01,2.08350174e+00
193,3.87000000e+00,15,9.89400935e-01,2.08425539e+00
194,3.89000000e+00,15,9.89400935e-01,2.08501332e+00
195,3.91000000e+00,15,9.89400935e-01,2.08577554e+00
196,3.93000000e+00,15,9.89400935e-01,2.08654203e+00
197,3.95000000e+00,15,9.89400935e-01,2.08731282e+00
198,3.97000000e+00,15,9.89400935e-01,2.08808789e+00
199,3.99000000e+00,15,9.89400935e-01,2.08886726e+00
200,4.01000000e+00,15,9.89400935e-01,2.08965092e+00
201,4.03000000e+00,15,9.89400935e-01,2.09043888e+00
202,4.05000000e+00,15,9.89400935e-01,2.09123114e+00
203,4.07000000e+00,15,9.89400935e-01,2.09202771e+00
204,4.09000000e+00,15,9.89400935e-01,2.09282858e+00
205,4.11000000e+00,15,9.89400935e-01,2.09363376e+00
206,4.13000000e+00,15,9.89400935e-01,2.09444325e+00
207,4.15000000e+00,15,9.89400935e-01,2.09525706e+00
208,4.17000000e+00,15,9.89400935e-01,2.09607519e+00
209,4.19000000e+00,15,9.89400935e-01,2.09689764e+00
210,4.21000000e+00,15,9.89400935e-01,2.09772442e+00
211,4.23000000e+00,15,9.89400935e-01,2.09855552e+00
212,4.25000000e+00,15,9.89400935e-01,2.09939095e+00
213,4.27000000e+00,15,9.89400935e-01,2.10023072e+00
214,4.29000000e+00,15,9.89400935e-01,2.10107482e+00
215,4.31000000e+00,15,9.89400935e-01,2.10192326e+00
216,4.33000000e+00,15,9.89400935e-01,2.10277605e+00
217,4.35000000e+00,15,9.89400935e-01,2.10363318e+00
218,4.37000000e+00,15,9.89400935e-01,2.10449465e+00
219,4.39000000e+00,15,9.89400935e-01,2.10536049e+00
220,4.41000000e+00,15,9.89400935e-01,2.10623067e+00
221,4.43000000e+00,15,9.89400935e-01,2.10710521e+00
222,4.45000000e+00,15,9.89400935e-01,2.10798412e+00
223,4.47000000e+00,15,9.89400935e-01,2.10886739e+00
224,4.49000000e+00,15,9.89400935e-01,2.10975503e+00
225,4.51000000e+00,15,9.89400935e-01,2.11064704e+00
226,4.53000000e+00,15,9.89400935e-01,2.11154342e+00
227,4.55000000e+00,15,9.89400935e-01,2.11244418e+00
228,4.57000000e+00,15,9.89400935e-01,2.11334932e+00
229,4.59000000e+00,15,9.89400935e-01,2.11425884e+00
230,4.61000000e+00,15,9.89400935e-01,2.11517275e+00
231,4.63000000e+00,15,9.89400935e-01,2.11609106e+00
232,4.65000000e+00,15,9.89400935e-01,2.11701375e+00
233,4.67000000e+00,15,9.89400935e-01,2.11794085e+00
234,4.69000000e+00,15,9.89400935e-01,2.11887234e+00
235,4.71000000e+00,15,9.89400935e-01,2.11980824e+00
236,4.73000000e+00,15,9.89400935e-01,2.12074854e+00
237,4.75000000e+00,15,9.89400935e-01,2.12169326e+00
238,4.77000000e+00,15,9.89400935e-01,2.12264239e+00
239,4.79000000e+00,15,9.89400935e-01,2.12359594e+00
240,4.81000000e+00,15,9.89400935e-01,2.12455390e+00
241,4.83000000e+00,15,9.89400935e-01,2.12551630e+00
242,4.85000000e+00,15,9.89400935e-01,2.12648312e+00
243,4.87000000e+00,15,9.89400935e-01,2.12745437e+00
244,4.89000000e+00,15,9.89400935e-01,2.12843006e+00
245,4.91000000e+00,15,9.89400935e-01,2.12941018e+00
246,4.93000000e+00,15,9.89400935e-01,2.13039475e+00
247,4.95000000e+00,15,9.89400935e-01,2.13138376e+00
248,4.97000000e+00,15,9.89400935e-01,2.13237723e+00
249,4.99000000e+00,15,9.89400935e-01,2.13337514e+00
250,5.01000000e+00,15,9.89400935e-01,2.13437751e+00
251,5.03000000e+00,15,9.89400935e-01,2.13538435e+00
252,5.05000000e+00,15,9.89400935e-01,2.13639564e+00
253,5.07000000e+00,15,9.89400935e-01,2.13741140e+00
254,5.09000000e+00,15,9.89400935e-01,2.13843164e+00
255,5.11000000e+00,15,9.89400935e-01,2.13945635e+00
256,5.13000000e+00,15,9.89400935e-01,2.14048553e+00
257,5.15000000e+00,15,9.89400935e-01,2.14151920e+00
258,5.17000000e+00,15,9.89400935e-01,2.14255736e+00
259,5.19000000e+00,15,9.89400935e-01,2.14360000e+00
260,5.21000000e+00,15,9.89400935e-01,2.14464714e+00
261,5.23000000e+00,15,9.89400935e-01,2.14569878e+00
262,5.25000000e+00,15,9.89400935e-01,2.14675491e+00
263,5.27000000e+00,15,9.89400935e-01,2.14781556e+00
264,5.29000000e+00,15,9.89400935e-01,2.14888071e+00
265,5.31000000e+00,15,9.89400935e-01,2.14995037e+00
266,5.33000000e+00,15,9.89400935e-01,2.15102455e+00
267,5.35000000e+00,15,9.89400935e-01,2.15210325e+00
268,5.37000000e+00,15,9.89400935e-01,2.15318647e+00
269,5.39000000e+00,15,9.89400935e-01,2.15427422e+00
270,5.41000000e+00,15,9.89400935e-01,2.15536651e+00
271,5.43000000e+00,15,9.89400935e-01,2.15646333e+00
272,5.45000000e+00,15,9.89400935e-01,2.15756469e+00
273,5.47000000e+00,15,9.89400935e-01,2.15867059e+00
274,5.49000000e+00,15,9.89400935e-01,2.15978105e+00
275,5.51000000e+00,15,9.89400935e-01,2.16089605e+00
276,5.53000000e+00,15,9.89400935e-01,2.16201561e+00
277,5.55000000e+00,15,9.89400935e-01,2.16313973e+00
278,5.57000000e+00,15,9.89400935e-01,2.16426842e+00
279,5.59000000e+00,15,9.89400935e-01,2.16540167e+00
280,5.61000000e+00,15,9.89400935e-01,2.16653950e+00
281,5.63000000e+00,15,9.89400935e-01,2.16768190e+00
282,5.65000000e+00,15,9.89400935e-01,2.16882889e+00
283,5.67000000e+00,15,9.89400935e-01,2.16998046e+00
284,5.69000000e+00,15,9.89400935e-01,2.17113662e+00
285,5.71000000e+00,15,9.89400935e-01,2.17229737e+00
286,5.73000000e+00,15,9.89400935e-01,2.17346272e+00
287,5.75000000e+00,15,9.89400935e-01,2.17463267e+00
288,5.77000000e+00,15,9.89400935e-01,2.17580722e+00
289,5.79000000e+00,15,9.89400935e-01,2.17698639e+00
290,5.81000000e+00,15,9.89400935e-01,2.17817017e+00
291,5.83000000e+00,15,9.89400935e-01,2.17935857e+00
292,5.85000000e+00,15,9.89400935e-01,2.18055160e+00
293,5.87000000e+00,15,9.89400935e-01,2.18174925e+00
294,5.89000000e+00,15,9.89400935e-01,2.18295153e+00
295,5.91000000e+00,15,9.89400935e-01,2.18415845e+00
296,5.93000000e+00,15,9.89400935e-01,2.18537001e+00
297,5.95000000e+00,15,9.89400935e-01,2.18658621e+00
298,5.97000000e+00,15,9.89400935e-01,2.18780707e+00
299,5.99000000e+00,15,9.89400935e-01,2.18903258e+00
300,6.01000000e+00,15,9.89400935e-01,2.19026274e+00
301,6.03000000e+00,15,9.89400935e-01,2.19149757e+00
302,6.05000000e+00,15,9.89400935e-01,2.19273707e+00
303,6.07000000e+00,15,9.89400935e-01,2.19398123e+00
304,6.09000000e+00,15,9.89400935e-01,2.19523008e+00
305,6.11000000e+00,15,9.89400935e-01,2.19648360e+00
306,6.13000000e+00,15,9.89400935e-01,2.19774182e+00
307,6.15000000e+00,15,9.89400935e-01,2.19900472e+00
308,6.17000000e+00,15,9.89400935e-01,2.20027231e+00
309,6.19000000e+00,15,9.89400935e-01,2.20154460e+00
310,6.21000000e+00,15,9.89400935e-01,2.20282160e+00
311,6.23000000e+00,15,9.89400935e-01,2.20410331e+00
312,6.25000000e+00,15,9.89400935e-01,2.20538973e+00
313,6.27000000e+00,15,9.89400935e-01,2.20668087e+00
314,6.29000000e+00,15,9.89400935e-01,2.20797673e+00
315,6.31000000e+00,15,9.89400935e-01,2.20927731e+00
316,6.33000000e+00,15,9.89400935e-01,2.21058263e+00
317,6.35000000e+00,15,9.89400935e-01,2.21189269e+00
318,6.37000000e+00,15,9.89400935e-01,2.21320748e+00
319,6.39000000e+00,15,9.89400935e-01,2.21452702e+00
320,6.41000000e+00,15,9.89400935e-01,2.21585132e+00
321,6.43000000e+00,15,9.89400935e-01,2.21718037e+00
322,6.45000000e+00,15,9.89400935e-01,2.21851418e+00
323,6.47000000e+00,15,9.89400935e-01,2.21985275e+00
324,6.49000000e+00,15,9.89400935e-01,2.22119610e+00
325,6.51000000e+00,15,9.89400935e-01,2.22254422e+00
326,6.53000000e+00,15,9.89400935e-01,2.22389712e+00
327,6.55000000e+00,15,9.89400935e-01,2.22525481e+00
328,6.57000000e+00,15,9.89400935e-01,2.22661728e+00
329,6.59000000e+00,15,9.89400935e-01,2.22798455e+00
330,6.61000000e+00,15,9.89400935e-01,2.22935662e+00
331,6.63000000e+00,15,9.89400935e-01,2.23073350e+00
332,6.65000000e+00,15,9.89400935e-01,2.23211518e+00
333,6.67000000e+00,15,9.89400935e-01,2.23350168e+00
334,6.69000000e+00,15,9.89400935e-01,2.23489300e+00
335,6.71000000e+00,15,9.89400935e-01,2.23628915e+00
336,6.73000000e+00,15,9.89400935e-01,2.23769012e+00
337,6.75000000e+00,15,9.89400935e-01,2.23909593e+00
338,6.77000000e+00,15,9.89400935e-01,2.24050658e+00
339,6.79000000e+00,15,9.89400935e-01,2.24192207e+00
340,6.81000000e+00,15,9.89400935e-01,2.24334242e+00
341,6.83000000e+00,15,9.89400935e-01,2.24476762e+00
342,6.85000000e+00,15,9.89400935e-01,2.24619768e+00
343,6.87000000e+00,15,9.89400935e-01,2.24763260e+00
344,6.89000000e+00,15,9.89400935e-01,2.24907240e+00
345,6.91000000e+00,15,9.89400935e-01,2.25051708e+00
346,6.93000000e+00,15,9.89400935e-01,2.25196663e+00
347,6.95000000e+00,15,9.89400935e-01,2.25342107e+00
348,6.97000000e+00,15,9.89400935e-01,2.25488040e+00
349,6.99000000e+00,15,9.89400935e-01,2.25634463e+00
350,7.01000000e+00,15,9.89400935e-01,2.25781377e+00
351,7.03000000e+00,15,9.89400935e-01,2.25928781e+00
352,7.05000000e+00,15,9.89400935e-01,2.26076676e+00
353,7.07000000e+00,15,9.89400935e-01,2.26225063e+00
354,7.09000000e+00,15,9.89400935e-01,2.26373942e+00
355,7.11000000e+00,15,9.89400935e-01,2.26523314e+00
356,7.13000000e+00,15,9.89400935e-01,2.26673180e+00
357,7.15000000e+00,15,9.89400935e-01,2.26823539e+00
358,7.17000000e+00,15,9.89400935e-01,2.26974393e+00
359,7.19000000e+00,15,9.89400935e-01,2.27125742e+00
360,7.21000000e+00,15,9.89400935e-01,2.27277586e+00
361,7.23000000e+00,15,9.89400935e-01,2.27429927e+00
362,7.25000000e+00,15,9.89400935e-01,2.27582764e+00
363,7.27000000e+00,15,9.89400935e-01,2.27736098e+00
364,7.29000000e+00,15,9.89400935e-01,2.27889929e+00
365,7.31000000e+00,15,9.89400935e-01,2.28044259e+00
366,7.33000000e+00,15,9.89400935e-01,2.28199087e+00
367,7.35000000e+00,15,9.89400935e-01,2.28354414e+00
368,7.37000000e+00,15,9.89400935e-01,2.28510241e+00
369,7.39000000e+00,15,9.89400935e-01,2.28666568e+00
370,7.41000000e+00,15,9.89400935e-01,2.28823396e+00
371,7.43000000e+00,15,9.89400935e-01,2.28980725e+00
372,7.45000000e+00,15,9.89400935e-01,2.29138555e+00
373,7.47000000e+00,15,9.89400935e-01,2.29296888e+00
374,7.49000000e+00,15,9.89400935e-01,2.29455723e+00
375,7.51000000e+00,15,9.89400935e-01,2.29615061e+00
376,7.53000000e+00,15,9.89400935e-01,2.29774903e+00
377,7.55000000e+00,15,9.89400935e-01,2.29935248e+00
378,7.57000000e+00,15,9.89400935e-01,2.30096098e+00
379,7.59000000e+00,15,9.89400935e-01,2.30257453e+00
380,7.61000000e+00,15,9.89400935e-01,2.30419313e+00
381,7.63000000e+00,15,9.89400935e-01,2.30581679e+00
382,7.65000000e+00,15,9.89400935e-01,2.30744551e+00
383,7.67000000e+00,15,9.89400935e-01,2.30907929e+00
384,7.69000000e+00,15,9.89400935e-01,2.31071814e+00
385,7.71000000e+00,15,9.89400935e-01,2.31236206e+00
386,7.73000000e+00,15,9.89400935e-01,2.31401105e+00
387,7.75000000e+00,15,9.89400935e-01,2.31566511e+00
388,7.77000000e+00,15,9.89400935e-01,2.31732426e+00
389,7.79000000e+00,15,9.89400935e-01,2.31898848e+00
390,7.81000000e+00,15,9.89400935e-01,2.32065778e+00
391,7.83000000e+00,15,9.89400935e-01,2.32233217e+00
392,7.85000000e+00,15,9.89400935e-01,2.32401163e+00
393,7.87000000e+00,15,9.89400935e-01,2.32569618e+00
394,7.89000000e+00,15,9.89400935e-01,2.32738581e+00
395,7.91000000e+00,15,9.89400935e-01,2.32908052e+00
396,7.93000000e+00,15,9.89400935e-01,2.33078031e+00
397,7.95000000e+00,15,9.89400935e-01,2.33248517e+00
398,7.97000000e+00,15,9.89400935e-01,2.33419510e+00
399,7.99000000e+00,15,9.89400935e-01,2.33591009e+00
400,8.01000000e+00,15,9.89400935e-01,2.33763015e+00
401,8.03000000e+00,15,9.89400935e-01,2.33935525e+00
402,8.05000000e+00,15,9.89400935e-01,2.34108540e+00
403,8.07000000e+00,15,9.89400935e-01,2.34282058e+00
404,8.09000000e+00,15,9.89400935e-01,2.34456078e+00
405,8.11000000e+00,15,9.89400935e-01,2.34630599e+00
406,8.13000000e+00,15,9.89400935e-01,2.34805619e+00
407,8.15000000e+00,15,9.89400935e-01,2.34981135e+00
408,8.17000000e+00,15,9.89400935e-01,2.35157147e+00
409,8.19000000e+00,15,9.89400935e-01,2.35333652e+00
410,8.21000000e+00,15,9.89400935e-01,2.35510646e+00
411,8.23000000e+00,15,9.89400935e-01,2.35688127e+00
412,8.25000000e+00,15,9.89400935e-01,2.35866092e+00
413,8.27000000e+00,15,9.89400935e-01,2.36044536e+00
414,8.29000000e+00,15,9.89400935e-01,2.36223455e+00
415,8.31000000e+00,15,9.89400935e-01,2.36402845e+00
416,8.33000000e+00,15,9.89400935e-01,2.36582699e+00
417,8.35000000e+00,15,9.89400935e-01,2.36763011e+00
418,8.37000000e+00,15,9.89400935e-01,2.36943775e+00
419,8.39000000e+00,15,9.89400935e-01,2.37124982e+00
420,8.41000000e+00,15,9.89400935e-01,2.37306624e+00
421,8.43000000e+00,15,9.89400935e-01,2.37488692e+00
422,8.45000000e+00,15,9.89400935e-01,2.37671173e+00
423,8.47000000e+00,15,9.89400935e-01,2.37854056e+00
424,8.49000000e+00,15,9.89400935e-01,2.38037327e+00
425,8.51000000e+00,15,9.89400935e-01,2.38220970e+00
426,8.53000000e+00,15,9.89400935e-01,2.38404969e+00
427,8.55000000e+00,15,9.89400935e-01,2.38589303e+00
428,8.57000000e+00,15,9.89400935e-01,2.38773952e+00
429,8.59000000e+00,15,9.89400935e-01,2.38958891e+00
430,8.61000000e+00,15,9.89400935e-01,2.39144093e+00
431,8.63000000e+00,15,9.89400935e-01,2.39329526e+00
432,8.65000000e+00,15,9.89400935e-01,2.39515158e+00
433,8.67000000e+00,15,9.89400935e-01,2.39700949e+00
434,8.69000000e+00,15,9.89400935e-01,2.39886857e+00
435,8.71000000e+00,15,9.89400935e-01,2.40072832e+00
436,8.73000000e+00,15,9.89400935e-01,2.40258820e+00
437,8.75000000e+00,15,9.89400935e-01,2.40444761e+00
438,8.77000000e+00,15,9.89400935e-01,2.40630585e+00
439,8.79000000e+00,15,9.89400935e-01,2.40816214e+00
440,8.81000000e+00,15,9.89400935e-01,2.41001562e+00
441,8.83000000e+00,15,9.89400935e-01,2.41186529e+00
442,8.85000000e+00,15,9.89400935e-01,2.41371006e+00
443,8.87000000e+00,15,9.89400935e-01,2.41554867e+00
444,8.89000000e+00,15,9.89400935e-01,2.41737972e+00
445,8.91000000e+00,15,9.89400935e-01,2.41920161e+00
446,8.93000000e+00,15,9.89400935e-01,2.42101255e+00
447,8.95000000e+00,15,9.89400935e-01,2.42281052e+00
448,8.97000000e+00,15,9.89400935e-01,2.42459323e+00
449,8.99000000e+00,15,9.89400935e-01,2.42635810e+00
450,9.01000000e+00,15,9.89400935e-01,2.42810221e+00
451,9.03000000e+00,15,9.89400935e-01,2.42982225e+00
452,9.05000000e+00,15,9.89400935e-01,2.43151450e+00
453,9.07000000e+00,15,9.89400935e-01,2.43317474e+00
454,9.09000000e+00,15,9.89400935e-01,2.43479819e+00
455,9.11000000e+00,15,9.89400935e-01,2.43637944e+00
456,9.13000000e+00,15,9.89400935e-01,2.43791238e+00
457,9.15000000e+00,15,9.89400935e-01,2.43939009e+00
458,9.17000000e+00,15,9.89400935e-01,2.44080474e+00
459,9.19000000e+00,15,9.89400935e-01,2.44214744e+00
460,9.21000000e+00,15,9.89400935e-01,2.44340815e+00
461,9.23000000e+00,15,9.89400935e-01,2.44457550e+00
462,9.25000000e+00,15,9.89400935e-01,2.44563659e+00
463,9.27000000e+00,15,9.89400935e-01,2.44657682e+00
464,9.29000000e+00,15,9.89400935e-01,2.44737967e+00
465,9.31000000e+00,15,9.89400935e-01,2.44802643e+00
466,9.33000000e+00,15,9.89400935e-01,2.44849591e+00
467,9.35000000e+00,15,9.89400935e-01,2.44876413e+00
468,9.37000000e+00,15,9.89400935e-01,2.44880400e+00
469,9.39000000e+00,15,9.89400935e-01,2.44858490e+00
470,9.41000000e+00,15,9.89400935e-01,2.44807228e+00
471,9.43000000e+00,15,9.89400935e-01,2.44722728e+00
472,9.45000000e+00,15,9.89400935e-01,2.44600624e+00
473,9.47000000e+00,15,9.89400935e-01,2.44436035e+00
474,9.49000000e+00,15,9.89400935e-01,2.44223535e+00
475,9.51000000e+00,15,9.89400935e-01,2.43957142e+00
476,9.53000000e+00,15,9.89400935e-01,2.43630334e+00
477,9.55000000e+00,15,9.89400935e-01,2.43236126e+00
478,9.57000000e+00,15,9.89400935e-01,2.42767228e+00
479,9.59000000e+00,15,9.89400935e-01,2.42216352e+00
480,9.61000000e+00,15,9.89400935e-01,2.41576731e+00
481,9.63000000e+00,15,9.89400935e-01,2.40842993e+00
482,9.65000000e+00,15,9.89400935e-01,2.40012554e+00
483,9.67000000e+00,15,9.89400935e-01,2.39087841e+00
484,9.69000000e+00,15,9.89400935e-01,2.38079748e+00
485,9.71000000e+00,15,9.89400935e-01,2.37012988e+00
486,9.73000000e+00,15,9.89400935e-01,2.35934314e+00
487,9.75000000e+00,15,9.89400935e-01,2.34925079e+00
488,9.77000000e+00,15,9.89400935e-01,2.34120362e+00
489,9.79000000e+00,15,9.89400935e-01,2.33738082e+00
490,9.81000000e+00,15,9.89400935e-01,2.34123426e+00
491,9.83000000e+00,15,9.89400935e-01,2.35817556e+00
492,9.85000000e+00,15,9.89400935e-01,2.39667501e+00
493,9.87000000e+00,15,9.89400935e-01,2.47016208e+00
494,9.89000000e+00,15,9.89400935e-01,2.60083332e+00
495,9.91000000e+00,15,9.89400935e-01,2.82903150e+00
496,9.93000000e+00,15,9.89400935e-01,3.24138669e+00
497,9.95000000e+00,15,9.89400935e-01,4.06702115e+00
498,9.97000000e+00,15,9.89400935e-01,6.02889413e+00
499,9.99000000e+00,15,9.89400935e-01,1.16641541e+01
