cell,r_center_cm,direction,mu_m,psi_ang_in
0,1.00000000e-02,0,-9.89400935e-01,1.56066659e+00
1,3.00000000e-02,0,-9.89400935e-01,1.56070051e+00
2,5.00000000e-02,0,-9.89400935e-01,1.56073761e+00
3,7.00000000e-02,0,-9.89400935e-01,1.56077784e+00
4,9.00000000e-02,0,-9.89400935e-01,1.56082121e+00
5,1.10000000e-01,0,-9.89400935e-01,1.56086772e+00
6,1.30000000e-01,0,-9.89400935e-01,1.56091735e+00
7,1.50000000e-01,0,-9.89400935e-01,1.56097013e+00
8,1.70000000e-01,0,-9.89400935e-01,1.56102603e+00
9,1.90000000e-01,0,-9.89400935e-01,1.56108507e+00
10,2.10000000e-01,0,-9.89400935e-01,1.56114725e+00
11,2.30000000e-01,0,-9.89400935e-01,1.56121256e+00
12,2.50000000e-01,0,-9.89400935e-01,1.56128100e+00
13,2.70000000e-01,0,-9.89400935e-01,1.56135258e+00
14,2.90000000e-01,0,-9.89400935e-01,1.56142729e+00
15,3.10000000e-01,0,-9.89400935e-01,1.56150514e+00
16,3.30000000e-01,0,-9.89400935e-01,1.56158611e+00
17,3.50000000e-01,0,-9.89400935e-01,1.56167022e+00
18,3.70000000e-01,0,-9.89400935e-01,1.56175746e+00
19,3.90000000e-01,0,-9.89400935e-01,1.56184783e+00
20,4.10000000e-01,0,-9.89400935e-01,1.56194134e+00
21,4.30000000e-01,0,-9.89400935e-01,1.56203797e+00
22,4.50000000e-01,0,-9.89400935e-01,1.56213774e+00
23,4.70000000e-01,0,-9.89400935e-01,1.56224063e+00
24,4.90000000e-01,0,-9.89400935e-01,1.56234666e+00
25,5.10000000e-01,0,-9.89400935e-01,1.56245583e+00
26,5.30000000e-01,0,-9.89400935e-01,1.56256812e+00
27,5.50000000e-01,0,-9.89400935e-01,1.56268354e+00
28,5.70000000e-01,0,-9.89400935e-01,1.56280210e+00
29,5.90000000e-01,0,-9.89400935e-01,1.56292379e+00
30,6.10000000e-01,0,-9.89400935e-01,1.56304861e+00
31,6.30000000e-01,0,-9.89400935e-01,1.56317657e+00
32,6.50000000e-01,0,-9.89400935e-01,1.56330766e+00
33,6.70000000e-01,0,-9.89400935e-01,1.56344188e+00
34,6.90000000e-01,0,-9.89400935e-01,1.56357924e+00
35,7.10000000e-01,0,-9.89400935e-01,1.56371973e+00
36,7.30000000e-01,0,-9.89400935e-01,1.56386336e+00
37,7.50000000e-01,0,-9.89400935e-01,1.56401012e+00
38,7.70000000e-01,0,-9.89400935e-01,1.56416002e+00
39,7.90000000e-01,0,-9.89400935e-01,1.56431305e+00
40,8.10000000e-01,0,-9.89400935e-01,1.56446922e+00
41,8.30000000e-01,0,-9.89400935e-01,1.56462853e+00
42,8.50000000e-01,0,-9.89400935e-01,1.56479097e+00
43,8.70000000e-01,0,-9.89400935e-01,1.56495656e+00
44,8.90000000e-01,0,-9.89400935e-01,1.56512528e+00
45,9.10000000e-01,0,-9.89400935e-01,1.56529714e+00
46,9.30000000e-01,0,-9.89400935e-01,1.56547214e+00
47,9.50000000e-01,0,-9.89400935e-01,1.56565028e+00
48,9.70000000e-01,0,-9.89400935e-01,1.56583156e+00
49,9.90000000e-01,0,-9.89400935e-01,1.56601599e+00
50,1.01000000e+00,0,-9.89400935e-01,1.56620355e+00
51,1.03000000e+00,0,-9.89400935e-01,1.56639426e+00
52,1.05000000e+00,0,-9.89400935e-01,1.56658811e+00
53,1.07000000e+00,0,-9.89400935e-01,1.56678511e+00
54,1.09000000e+00,0,-9.89400935e-01,1.56698525e+00
55,1.11000000e+00,0,-9.89400935e-01,1.56718853e+00
56,1.13000000e+00,0,-9.89400935e-01,1.56739496e+00
57,1.15000000e+00,0,-9.89400935e-01,1.56760454e+00
58,1.17000000e+00,0,-9.89400935e-01,1.56781727e+00
59,1.19000000e+00,0,-9.89400935e-01,1.56803314e+00
60,1.21000000e+00,0,-9.89400935e-01,1.56825216e+00
61,1.23000000e+00,0,-9.89400935e-01,1.56847434e+00
62,1.25000000e+00,0,-9.89400935e-01,1.56869966e+00
63,1.27000000e+00,0,-9.89400935e-01,1.56892813e+00
64,1.29000000e+00,0,-9.89400935e-01,1.56915976e+00
65,1.31000000e+00,0,-9.89400935e-01,1.56939454e+00
66,1.33000000e+00,0,-9.89400935e-01,1.56963247e+00
67,1.35000000e+00,0,-9.89400935e-01,1.56987356e+00
68,1.37000000e+00,0,-9.89400935e-01,1.57011780e+00
69,1.39000000e+00,0,-9.89400935e-01,1.57036520e+00
70,1.41000000e+00,0,-9.89400935e-01,1.57061576e+00
71,1.43000000e+00,0,-9.89400935e-01,1.57086947e+00
72,1.45000000e+00,0,-9.89400935e-01,1.57112635e+00
73,1.47000000e+00,0,-9.89400935e-01,1.57138638e+00
74,1.49000000e+00,0,-9.89400935e-01,1.57164957e+00
75,1.51000000e+00,0,-9.89400935e-01,1.57191593e+00
76,1.53000000e+00,0,-9.89400935e-01,1.57218544e+00
77,1.55000000e+00,0,-9.89400935e-01,1.57245813e+00
78,1.57000000e+00,0,-9.89400935e-01,1.57273397e+00
79,1.59000000e+00,0,-9.89400935e-01,1.57301298e+00
80,1.61000000e+00,0,-9.89400935e-01,1.57329516e+00
81,1.63000000e+00,0,-9.89400935e-01,1.57358051e+00
82,1.65000000e+00,0,-9.89400935e-01,1.57386902e+00
83,1.67000000e+00,0,-9.89400935e-01,1.57416070e+00
84,1.69000000e+00,0,-9.89400935e-01,1.57445556e+00
85,1.71000000e+00,0,-9.89400935e-01,1.57475358e+00
86,1.73000000e+00,0,-9.89400935e-01,1.57505478e+00
87,1.75000000e+00,0,-9.89400935e-01,1.57535915e+00
88,1.77000000e+00,0,-9.89400935e-01,1.57566670e+00
89,1.79000000e+00,0,-9.89400935e-01,1.57597742e+00
90,1.81000000e+00,0,-9.89400935e-01,1.57629132e+00
91,1.83000000e+00,0,-9.89400935e-01,1.57660840e+00
92,1.85000000e+00,0,-9.89400935e-01,1.57692866e+00
93,1.87000000e+00,0,-9.89400935e-01,1.57725209e+00
94,1.89000000e+00,0,-9.89400935e-01,1.57757871e+00
95,1.91000000e+00,0,-9.89400935e-01,1.57790851e+00
96,1.93000000e+00,0,-9.89400935e-01,1.57824150e+00
97,1.95000000e+00,0,-9.89400935e-01,1.57857767e+00
98,1.97000000e+00,0,-9.89400935e-01,1.57891703e+00
99,1.99000000e+00,0,-9.89400935e-01,1.57925957e+00
100,2.01000000e+00,0,-9.89400935e-01,1.57960531e+00
101,2.03000000e+00,0,-9.89400935e-01,1.57995423e+00
102,2.05000000e+00,0,-9.89400935e-01,1.58030634e+00
103,2.07000000e+00,0,-9.89400935e-01,1.58066165e+00
104,2.09000000e+00,0,-9.89400935e-01,1.58102015e+00
105,2.11000000e+00,0,-9.89400935e-01,1.58138185e+00
106,2.13000000e+00,0,-9.89400935e-01,1.58174674e+00
107,2.15000000e+00,0,-9.89400935e-01,1.58211483e+00
108,2.17000000e+00,0,-9.89400935e-01,1.58248612e+00
109,2.19000000e+00,0,-9.89400935e-01,1.58286061e+00
110,2.21000000e+00,0,-9.89400935e-01,1.58323830e+00
111,2.23000000e+00,0,-9.89400935e-01,1.58361920e+00
112,2.25000000e+00,0,-9.89400935e-01,1.58400329e+00
113,2.27000000e+00,0,-9.89400935e-01,1.58439060e+00
114,2.29000000e+00,0,-9.89400935e-01,1.58478111e+00
115,2.31000000e+00,0,-9.89400935e-01,1.58517483e+00
116,2.33000000e+00,0,-9.89400935e-01,1.58557176e+00
117,2.35000000e+00,0,-9.89400935e-01,1.58597190e+00
118,2.37000000e+00,0,-9.89400935e-01,1.58637526e+00
119,2.39000000e+00,0,-9.89400935e-01,1.58678182e+00
120,2.41000000e+00,0,-9.89400935e-01,1.58719161e+00
121,2.43000000e+00,0,-9.89400935e-01,1.58760461e+00
122,2.45000000e+00,0,-9.89400935e-01,1.58802083e+00
123,2.47000000e+00,0,-9.89400935e-01,1.58844027e+00
124,2.49000000e+00,0,-9.89400935e-01,1.58886293e+00
125,2.51000000e+00,0,-9.89400935e-01,1.58928882e+00
126,2.53000000e+00,0,-9.89400935e-01,1.58971793e+00
127,2.55000000e+00,0,-9.89400935e-01,1.59015027e+00
128,2.57000000e+00,0,-9.89400935e-01,1.59058583e+00
129,2.59000000e+00,0,-9.89400935e-01,1.59102463e+00
130,2.61000000e+00,0,-9.89400935e-01,1.59146665e+00
131,2.63000000e+00,0,-9.89400935e-01,1.59191191e+00
132,2.65000000e+00,0,-9.89400935e-01,1.59236040e+00
133,2.67000000e+00,0,-9.89400935e-01,1.59281213e+00
134,2.69000000e+00,0,-9.89400935e-01,1.59326709e+00
135,2.71000000e+00,0,-9.89400935e-01,1.59372530e+00
136,2.73000000e+00,0,-9.89400935e-01,1.59418674e+00
137,2.75000000e+00,0,-9.89400935e-01,1.59465143e+00
138,2.77000000e+00,0,-9.89400935e-01,1.59511936e+00
139,2.79000000e+00,0,-9.89400935e-01,1.59559054e+00
140,2.81000000e+00,0,-9.89400935e-01,1.59606496e+00
141,2.83000000e+00,0,-9.89400935e-01,1.59654264e+00
142,2.85000000e+00,0,-9.89400935e-01,1.59702356e+00
143,2.87000000e+00,0,-9.89400935e-01,1.59750774e+00
144,2.89000000e+00,0,-9.89400935e-01,1.59799517e+00
145,2.91000000e+00,0,-9.89400935e-01,1.59848586e+00
146,2.93000000e+00,0,-9.89400935e-01,1.59897981e+00
147,2.95000000e+00,0,-9.89400935e-01,1.59947701e+00
148,2.97000000e+00,0,-9.89400935e-01,1.59997748e+00
149,2.99000000e+00,0,-9.89400935e-01,1.60048121e+00
150,3.01000000e+00,0,-9.89400935e-01,1.60098821e+00
151,3.03000000e+00,0,-9.89400935e-01,1.60149847e+00
152,3.05000000e+00,0,-9.89400935e-01,1.60201200e+00
153,3.07000000e+00,0,-9.89400935e-01,1.60252880e+00
154,3.09000000e+00,0,-9.89400935e-01,1.60304888e+00
155,3.11000000e+00,0,-9.89400935e-01,1.60357222e+00
156,3.13000000e+00,0,-9.89400935e-01,1.60409885e+00
157,3.15000000e+00,0,-9.89400935e-01,1.60462875e+00
158,3.17000000e+00,0,-9.89400935e-01,1.60516193e+00
159,3.19000000e+00,0,-9.89400935e-01,1.60569840e+00
160,3.21000000e+00,0,-9.89400935e-01,1.60623815e+00
161,3.23000000e+00,0,-9.89400935e-01,1.60678118e+00
162,3.25000000e+00,0,-9.89400935e-01,1.60732751e+00
163,3.27000000e+00,0,-9.89400935e-01,1.60787712e+00
164,3.29000000e+00,0,-9.89400935e-01,1.60843002e+00
165,3.31000000e+00,0,-9.89400935e-01,1.60898622e+00
166,3.33000000e+00,0,-9.89400935e-01,1.60954571e+00
167,3.35000000e+00,0,-9.89400935e-01,1.61010850e+00
168,3.37000000e+00,0,-9.89400935e-01,1.61067460e+00
169,3.39000000e+00,0,-9.89400935e-01,1.61124399e+00
170,3.41000000e+00,0,-9.89400935e-01,1.61181669e+00
171,3.43000000e+00,0,-9.89400935e-01,1.61239269e+00
172,3.45000000e+00,0,-9.89400935e-01,1.61297200e+00
173,3.47000000e+00,0,-9.89400935e-01,1.61355462e+00
174,3.49000000e+00,0,-9.89400935e-01,1.61414056e+00
175,3.51000000e+00,0,-9.89400935e-01,1.61472980e+00
176,3.53000000e+00,0,-9.89400935e-01,1.61532237e+00
177,3.55000000e+00,0,-9.89400935e-01,1.61591825e+00
178,3.57000000e+00,0,-9.89400935e-01,1.61651745e+00
179,3.59000000e+00,0,-9.89400935e-01,1.61711998e+00
180,3.61000000e+00,0,-9.89400935e-01,1.61772583e+00
181,3.63000000e+00,0,-9.89400935e-01,1.61833501e+00
182,3.65000000e+00,0,-9.89400935e-01,1.61894752e+00
183,3.67000000e+00,0,-9.89400935e-01,1.61956336e+00
184,3.69000000e+00,0,-9.89400935e-01,1.62018254e+00
185,3.71000000e+00,0,-9.89400935e-01,1.62080505e+00
186,3.73000000e+00,0,-9.89400935e-01,1.62143090e+00
187,3.75000000e+00,0,-9.89400935e-01,1.62206009e+00
188,3.77000000e+00,0,-9.89400935e-01,1.62269262e+00
189,3.79000000e+00,0,-9.89400935e-01,1.62332850e+00
190,3.81000000e+00,0,-9.89400935e-01,1.62396772e+00
191,3.83000000e+00,0,-9.89400935e-01,1.62461030e+00
192,3.85000000e+00,0,-9.89400935e-01,1.62525622e+00
193,3.87000000e+00,0,-9.89400935e-01,1.62590551e+00
194,3.89000000e+00,0,-9.89400935e-01,1.62655815e+00
195,3.91000000e+00,0,-9.89400935e-01,1.62721414e+00
196,3.93000000e+00,0,-9.89400935e-01,1.62787350e+00
197,3.95000000e+00,0,-9.89400935e-01,1.62853623e+00
198,3.97000000e+00,0,-9.89400935e-01,1.62920232e+00
199,3.99000000e+00,0,-9.89400935e-01,1.62987178e+00
200,4.01000000e+00,0,-9.89400935e-01,1.63054461e+00
201,4.03000000e+00,0,-9.89400935e-01,1.63122081e+00
202,4.05000000e+00,0,-9.89400935e-01,1.63190039e+00
203,4.07000000e+00,0,-9.89400935e-01,1.63258335e+00
204,4.09000000e+00,0,-9.89400935e-01,1.63326969e+00
205,4.11000000e+00,0,-9.89400935e-01,1.63395941e+00
206,4.13000000e+00,0,-9.89400935e-01,1.63465252e+00
207,4.15000000e+00,0,-9.89400935e-01,1.63534902e+00
208,4.17000000e+00,0,-9.89400935e-01,1.63604891e+00
209,4.19000000e+00,0,-9.89400935e-01,1.63675219e+00
210,4.21000000e+00,0,-9.89400935e-01,1.63745887e+00
211,4.23000000e+00,0,-9.89400935e-01,1.63816895e+00
212,4.25000000e+00,0,-9.89400935e-01,1.63888242e+00
213,4.27000000e+00,0,-9.89400935e-01,1.63959931e+00
214,4.29000000e+00,0,-9.89400935e-01,1.64031959e+00
215,4.31000000e+00,0,-9.89400935e-01,1.64104329e+00
216,4.33000000e+00,0,-9.89400935e-01,1.64177040e+00
217,4.35000000e+00,0,-9.89400935e-01,1.64250092e+00
218,4.37000000e+00,0,-9.89400935e-01,1.64323486e+00
219,4.39000000e+00,0,-9.89400935e-01,1.64397222e+00
220,4.41000000e+00,0,-9.89400935e-01,1.64471301e+00
221,4.43000000e+00,0,-9.89400935e-01,1.64545721e+00
222,4.45000000e+00,0,-9.89400935e-01,1.64620485e+00
223,4.47000000e+00,0,-9.89400935e-01,1.64695591e+00
224,4.49000000e+00,0,-9.89400935e-01,1.64771041e+00
225,4.51000000e+00,0,-9.89400935e-01,1.64846834e+00
226,4.53000000e+00,0,-9.89400935e-01,1.64922972e+00
227,4.55000000e+00,0,-9.89400935e-01,1.64999453e+00
228,4.57000000e+00,0,-9.89400935e-01,1.65076279e+00
229,4.59000000e+00,0,-9.89400935e-01,1.65153449e+00
230,4.61000000e+00,0,-9.89400935e-01,1.65230965e+00
231,4.63000000e+00,0,-9.89400935e-01,1.65308825e+00
232,4.65000000e+00,0,-9.89400935e-01,1.65387031e+00
233,4.67000000e+00,0,-9.89400935e-01,1.65465583e+00
234,4.69000000e+00,0,-9.89400935e-01,1.65544481e+00
235,4.71000000e+00,0,-9.89400935e-01,1.65623726e+00
236,4.73000000e+00,0,-9.89400935e-01,1.65703317e+00
237,4.75000000e+00,0,-9.89400935e-01,1.65783255e+00
238,4.77000000e+00,0,-9.89400935e-01,1.65863540e+00
239,4.79000000e+00,0,-9.89400935e-01,1.65944173e+00
240,4.81000000e+00,0,-9.89400935e-01,1.66025154e+00
241,4.83000000e+00,0,-9.89400935e-01,1.66106482e+00
242,4.85000000e+00,0,-9.89400935e-01,1.66188160e+00
243,4.87000000e+00,0,-9.89400935e-01,1.66270186e+00
244,4.89000000e+00,0,-9.89400935e-01,1.66352560e+00
245,4.91000000e+00,0,-9.89400935e-01,1.66435285e+00
246,4.93000000e+00,0,-9.89400935e-01,1.66518358e+00
247,4.95000000e+00,0,-9.89400935e-01,1.66601782e+00
248,4.97000000e+00,0,-9.89400935e-01,1.66685556e+00
249,4.99000000e+00,0,-9.89400935e-01,1.66769681e+00
250,5.01000000e+00,0,-9.89400935e-01,1.66854156e+00
251,5.03000000e+00,0,-9.89400935e-01,1.66938982e+00
252,5.05000000e+00,0,-9.89400935e-01,1.67024160e+00
253,5.07000000e+00,0,-9.89400935e-01,1.67109690e+00
254,5.09000000e+00,0,-9.89400935e-01,1.67195571e+00
255,5.11000000e+00,0,-9.89400935e-01,1.67281805e+00
256,5.13000000e+00,0,-9.89400935e-01,1.67368392e+00
257,5.15000000e+00,0,-9.89400935e-01,1.67455331e+00
258,5.17000000e+00,0,-9.89400935e-01,1.67542624e+00
259,5.19000000e+00,0,-9.89400935e-01,1.67630271e+00
260,5.21000000e+00,0,-9.89400935e-01,1.67718271e+00
261,5.23000000e+00,0,-9.89400935e-01,1.67806626e+00
262,5.25000000e+00,0,-9.89400935e-01,1.67895336e+00
263,5.27000000e+00,0,-9.89400935e-01,1.67984400e+00
264,5.29000000e+00,0,-9.89400935e-01,1.68073819e+00
265,5.31000000e+00,0,-9.89400935e-01,1.68163594e+00
266,5.33000000e+00,0,-9.89400935e-01,1.68253725e+00
267,5.35000000e+00,0,-9.89400935e-01,1.68344212e+00
268,5.37000000e+00,0,-9.89400935e-01,1.68435056e+00
269,5.39000000e+00,0,-9.89400935e-01,1.68526256e+00
270,5.41000000e+00,0,-9.89400935e-01,1.68617814e+00
271,5.43000000e+00,0,-9.89400935e-01,1.68709729e+00
272,5.45000000e+00,0,-9.89400935e-01,1.68802002e+00
273,5.47000000e+00,0,-9.89400935e-01,1.68894634e+00
274,5.49000000e+00,0,-9.89400935e-01,1.68987623e+00
275,5.51000000e+00,0,-9.89400935e-01,1.69080972e+00
276,5.53000000e+00,0,-9.89400935e-01,1.69174680e+00
277,5.55000000e+00,0,-9.89400935e-01,1.69268747e+00
278,5.57000000e+00,0,-9.89400935e-01,1.69363175e+00
279,5.59000000e+00,0,-9.89400935e-01,1.69457962e+00
280,5.61000000e+00,0,-9.89400935e-01,1.69553110e+00
281,5.63000000e+00,0,-9.89400935e-01,1.69648619e+00
282,5.65000000e+00,0,-9.89400935e-01,1.69744490e+00
283,5.67000000e+00,0,-9.89400935e-01,1.69840722e+00
284,5.69000000e+00,0,-9.89400935e-01,1.69937315e+00
285,5.71000000e+00,0,-9.89400935e-01,1.70034272e+00
286,5.73000000e+00,0,-9.89400935e-01,1.70131590e+00
287,5.75000000e+00,0,-9.89400935e-01,1.70229272e+00
288,5.77000000e+00,0,-9.89400935e-01,1.70327318e+00
289,5.79000000e+00,0,-9.89400935e-01,1.70425727e+00
290,5.81000000e+00,0,-9.89400935e-01,1.70524500e+00
291,5.83000000e+00,0,-9.89400935e-01,1.70623637e+00
292,5.85000000e+00,0,-9.89400935e-01,1.70723140e+00
293,5.87000000e+00,0,-9.89400935e-01,1.70823007e+00
294,5.89000000e+00,0,-9.89400935e-01,1.70923240e+00
295,5.91000000e+00,0,-9.89400935e-01,1.71023839e+00
296,5.93000000e+00,0,-9.89400935e-01,1.71124804e+00
297,5.95000000e+00,0,-9.89400935e-01,1.71226136e+00
298,5.97000000e+00,0,-9.89400935e-01,1.71327835e+00
299,5.99000000e+00,0,-9.89400935e-01,1.71429901e+00
300,6.01000000e+00,0,-9.89400935e-01,1.71532335e+00
301,6.03000000e+00,0,-9.89400935e-01,1.71635137e+00
302,6.05000000e+00,0,-9.89400935e-01,1.71738308e+00
303,6.07000000e+00,0,-9.89400935e-01,1.71841847e+00
304,6.09000000e+00,0,-9.89400935e-01,1.71945756e+00
305,6.11000000e+00,0,-9.89400935e-01,1.72050034e+00
306,6.13000000e+00,0,-9.89400935e-01,1.72154683e+00
307,6.15000000e+00,0,-9.89400935e-01,1.72259701e+00
308,6.17000000e+00,0,-9.89400935e-01,1.72365091e+00
309,6.19000000e+00,0,-9.89400935e-01,1.72470851e+00
310,6.21000000e+00,0,-9.89400935e-01,1.72576984e+00
311,6.23000000e+00,0,-9.89400935e-01,1.72683488e+00
312,6.25000000e+00,0,-9.89400935e-01,1.72790364e+00
313,6.27000000e+00,0,-9.89400935e-01,1.72897613e+00
314,6.29000000e+00,0,-9.89400935e-01,1.73005235e+00
315,6.31000000e+00,0,-9.89400935e-01,1.73113231e+00
316,6.33000000e+00,0,-9.89400935e-01,1.73221600e+00
317,6.35000000e+00,0,-9.89400935e-01,1.73330344e+00
318,6.37000000e+00,0,-9.89400935e-01,1.73439462e+00
319,6.39000000e+00,0,-9.89400935e-01,1.73548956e+00
320,6.41000000e+00,0,-9.89400935e-01,1.73658825e+00
321,6.43000000e+00,0,-9.89400935e-01,1.73769070e+00
322,6.45000000e+00,0,-9.89400935e-01,1.73879691e+00
323,6.47000000e+00,0,-9.89400935e-01,1.73990688e+00
324,6.49000000e+00,0,-9.89400935e-01,1.74102063e+00
325,6.51000000e+00,0,-9.89400935e-01,1.74213815e+00
326,6.53000000e+00,0,-9.89400935e-01,1.74325946e+00
327,6.55000000e+00,0,-9.89400935e-01,1.74438454e+00
328,6.57000000e+00,0,-9.89400935e-01,1.74551341e+00
329,6.59000000e+00,0,-9.89400935e-01,1.74664607e+00
330,6.61000000e+00,0,-9.89400935e-01,1.74778253e+00
331,6.63000000e+00,0,-9.89400935e-01,1.74892279e+00
332,6.65000000e+00,0,-9.89400935e-01,1.75006685e+00
333,6.67000000e+00,0,-9.89400935e-01,1.75121472e+00
334,6.69000000e+00,0,-9.89400935e-01,1.75236640e+00
335,6.71000000e+00,0,-9.89400935e-01,1.75352189e+00
336,6.73000000e+00,0,-9.89400935e-01,1.75468121e+00
337,6.75000000e+00,0,-9.89400935e-01,1.75584435e+00
338,6.77000000e+00,0,-9.89400935e-01,1.75701132e+00
339,6.79000000e+00,0,-9.89400935e-01,1.75818212e+00
340,6.81000000e+00,0,-9.89400935e-01,1.75935676e+00
341,6.83000000e+00,0,-9.89400935e-01,1.76053524e+00
342,6.85000000e+00,0,-9.89400935e-01,1.76171757e+00
343,6.87000000e+00,0,-9.89400935e-01,1.76290375e+00
344,6.89000000e+00,0,-9.89400935e-01,1.76409378e+00
345,6.91000000e+00,0,-9.89400935e-01,1.76528767e+00
346,6.93000000e+00,0,-9.89400935e-01,1.76648543e+00
347,6.95000000e+00,0,-9.89400935e-01,1.76768705e+00
348,6.97000000e+00,0,-9.89400935e-01,1.76889254e+00
349,6.99000000e+00,0,-9.89400935e-01,1.77010191e+00
350,7.01000000e+00,0,-9.89400935e-01,1.77131516e+00
351,7.03000000e+00,0,-9.89400935e-01,1.77253230e+00
352,7.05000000e+00,0,-9.89400935e-01,1.77375333e+00
353,7.07000000e+00,0,-9.89400935e-01,1.77497825e+00
354,7.09000000e+00,0,-9.89400935e-01,1.77620707e+00
355,7.11000000e+00,0,-9.89400935e-01,1.77743979e+00
356,7.13000000e+00,0,-9.89400935e-01,1.77867642e+00
357,7.15000000e+00,0,-9.89400935e-01,1.77991696e+00
358,7.17000000e+00,0,-9.89400935e-01,1.78116142e+00
359,7.19000000e+00,0,-9.89400935e-01,1.78240980e+00
360,7.21000000e+00,0,-9.89400935e-01,1.78366211e+00
361,7.23000000e+00,0,-9.89400935e-01,1.78491834e+00
362,7.25000000e+00,0,-9.89400935e-01,1.78617851e+00
363,7.27000000e+00,0,-9.89400935e-01,1.78744262e+00
364,7.29000000e+00,0,-9.89400935e-01,1.78871068e+00
365,7.31000000e+00,0,-9.89400935e-01,1.78998268e+00
366,7.33000000e+00,0,-9.89400935e-01,1.79125864e+00
367,7.35000000e+00,0,-9.89400935e-01,1.79253856e+00
368,7.37000000e+00,0,-9.89400935e-01,1.79382244e+00
369,7.39000000e+00,0,-9.89400935e-01,1.79511028e+00
370,7.41000000e+00,0,-9.89400935e-01,1.79640210e+00
371,7.43000000e+00,0,-9.89400935e-01,1.79769790e+00
372,7.45000000e+00,0,-9.89400935e-01,1.79899768e+00
373,7.47000000e+00,0,-9.89400935e-01,1.80030144e+00
374,7.49000000e+00,0,-9.89400935e-01,1.80160920e+00
375,7.51000000e+00,0,-9.89400935e-01,1.80292095e+00
376,7.53000000e+00,0,-9.89400935e-01,1.80423670e+00
377,7.55000000e+00,0,-9.89400935e-01,1.80555646e+00
378,7.57000000e+00,0,-9.89400935e-01,1.80688023e+00
379,7.59000000e+00,0,-9.89400935e-01,1.80820801e+00
380,7.61000000e+00,0,-9.89400935e-01,1.80953982e+00
381,7.63000000e+00,0,-9.89400935e-01,1.81087565e+00
382,7.65000000e+00,0,-9.89400935e-01,1.81221551e+00
383,7.67000000e+00,0,-9.89400935e-01,1.81355941e+00
384,7.69000000e+00,0,-9.89400935e-01,1.81490734e+00
385,7.71000000e+00,0,-9.89400935e-01,1.81625932e+00
386,7.73000000e+00,0,-9.89400935e-01,1.81761535e+00
387,7.75000000e+00,0,-9.89400935e-01,1.81897543e+00
388,7.77000000e+00,0,-9.89400935e-01,1.82033958e+00
389,7.79000000e+00,0,-9.89400935e-01,1.82170778e+00
390,7.81000000e+00,0,-9.89400935e-01,1.82308006e+00
391,7.83000000e+00,0,-9.89400935e-01,1.82445641e+00
392,7.85000000e+00,0,-9.89400935e-01,1.82583684e+00
393,7.87000000e+00,0,-9.89400935e-01,1.82722136e+00
394,7.89000000e+00,0,-9.89400935e-01,1.82860996e+00
395,7.91000000e+00,0,-9.89400935e-01,1.83000266e+00
396,7.93000000e+00,0,-9.89400935e-01,1.83139946e+00
397,7.95000000e+00,0,-9.89400935e-01,1.83280036e+00
398,7.97000000e+00,0,-9.89400935e-01,1.83420537e+00
399,7.99000000e+00,0,-9.89400935e-01,1.83561449e+00
400,8.01000000e+00,0,-9.89400935e-01,1.83702773e+00
401,8.03000000e+00,0,-9.89400935e-01,1.83844510e+00
402,8.05000000e+00,0,-9.89400935e-01,1.83986660e+00
403,8.07000000e+00,0,-9.89400935e-01,1.84129222e+00
404,8.09000000e+00,0,-9.89400935e-01,1.84272199e+00
405,8.11000000e+00,0,-9.89400935e-01,1.84415590e+00
406,8.13000000e+00,0,-9.89400935e-01,1.84559396e+00
407,8.15000000e+00,0,-9.89400935e-01,1.84703617e+00
408,8.17000000e+00,0,-9.89400935e-01,1.84848253e+00
409,8.19000000e+00,0,-9.89400935e-01,1.84993306e+00
410,8.21000000e+00,0,-9.89400935e-01,1.85138776e+00
411,8.23000000e+00,0,-9.89400935e-01,1.85284663e+00
412,8.25000000e+00,0,-9.89400935e-01,1.85430967e+00
413,8.27000000e+00,0,-9.89400935e-01,1.85577689e+00
414,8.29000000e+00,0,-9.89400935e-01,1.85724830e+00
415,8.31000000e+00,0,-9.89400935e-01,1.85872390e+00
416,8.33000000e+00,0,-9.89400935e-01,1.86020369e+00
417,8.35000000e+00,0,-9.89400935e-01,1.86168768e+00
418,8.37000000e+00,0,-9.89400935e-01,1.86317587e+00
419,8.39000000e+00,0,-9.89400935e-01,1.86466827e+00
420,8.41000000e+00,0,-9.89400935e-01,1.86616488e+00
421,8.43000000e+00,0,-9.89400935e-01,1.86766570e+00
422,8.45000000e+00,0,-9.89400935e-01,1.86917075e+00
423,8.47000000e+00,0,-9.89400935e-01,1.87068001e+00
424,8.49000000e+00,0,-9.89400935e-01,1.87219350e+00
425,8.51000000e+00,0,-9.89400935e-01,1.87371123e+00
426,8.53000000e+00,0,-9.89400935e-01,1.87523318e+00
427,8.55000000e+00,0,-9.89400935e-01,1.87675938e+00
428,8.57000000e+00,0,-9.89400935e-01,1.87828982e+00
429,8.59000000e+00,0,-9.89400935e-01,1.87982450e+00
430,8.61000000e+00,0,-9.89400935e-01,1.88136343e+00
431,8.63000000e+00,0,-9.89400935e-01,1.88290662e+00
432,8.65000000e+00,0,-9.89400935e-01,1.88445406e+00
433,8.67000000e+00,0,-9.89400935e-01,1.88600576e+00
434,8.69000000e+00,0,-9.89400935e-01,1.88756173e+00
435,8.71000000e+00,0,-9.89400935e-01,1.88912196e+00
436,8.73000000e+00,0,-9.89400935e-01,1.89068645e+00
437,8.75000000e+00,0,-9.89400935e-01,1.89225523e+00
438,8.77000000e+00,0,-9.89400935e-01,1.89382827e+00
439,8.79000000e+00,0,-9.89400935e-01,1.89540560e+00
440,8.81000000e+00,0,-9.89400935e-01,1.89698720e+00
441,8.83000000e+00,0,-9.89400935e-01,1.89857309e+00
442,8.85000000e+00,0,-9.89400935e-01,1.90016326e+00
443,8.87000000e+00,0,-9.89400935e-01,1.90175772e+00
444,8.89000000e+00,0,-9.89400935e-01,1.90335647e+00
445,8.91000000e+00,0,-9.89400935e-01,1.90495950e+00
446,8.93000000e+00,0,-9.89400935e-01,1.90656682e+00
447,8.95000000e+00,0,-9.89400935e-01,1.90817842e+00
448,8.97000000e+00,0,-9.89400935e-01,1.90979430e+00
449,8.99000000e+00,0,-9.89400935e-01,1.91141446e+00
450,9.01000000e+00,0,-9.89400935e-01,1.91303890e+00
451,9.03000000e+00,0,-9.89400935e-01,1.91466759e+00
452,9.05000000e+00,0,-9.89400935e-01,1.91630053e+00
453,9.07000000e+00,0,-9.89400935e-01,1.91793771e+00
454,9.09000000e+00,0,-9.89400935e-01,1.91957910e+00
455,9.11000000e+00,0,-9.89400935e-01,1.92122469e+00
456,9.13000000e+00,0,-9.89400935e-01,1.92287444e+00
457,9.15000000e+00,0,-9.89400935e-01,1.92452832e+00
458,9.17000000e+00,0,-9.89400935e-01,1.92618628e+00
459,9.19000000e+00,0,-9.89400935e-01,1.92784828e+00
460,9.21000000e+00,0,-9.89400935e-01,1.92951425e+00
461,9.23000000e+00,0,-9.89400935e-01,1.93118412e+00
462,9.25000000e+00,0,-9.89400935e-01,1.93285781e+00
463,9.27000000e+00,0,-9.89400935e-01,1.93453521e+00
464,9.29000000e+00,0,-9.89400935e-01,1.93621621e+00
465,9.31000000e+00,0,-9.89400935e-01,1.93790068e+00
466,9.33000000e+00,0,-9.89400935e-01,1.93958847e+00
467,9.35000000e+00,0,-9.89400935e-01,1.94127939e+00
468,9.37000000e+00,0,-9.89400935e-01,1.94297325e+00
469,9.39000000e+00,0,-9.89400935e-01,1.94466981e+00
470,9.41000000e+00,0,-9.89400935e-01,1.94636883e+00
471,9.43000000e+00,0,-9.89400935e-01,1.94807002e+00
472,9.45000000e+00,0,-9.89400935e-01,1.94977306e+00
473,9.47000000e+00,0,-9.89400935e-01,1.95147758e+00
474,9.49000000e+00,0,-9.89400935e-01,1.95318321e+00
475,9.51000000e+00,0,-9.89400935e-01,1.95488950e+00
476,9.53000000e+00,0,-9.89400935e-01,1.95659600e+00
477,9.55000000e+00,0,-9.89400935e-01,1.95830219e+00
478,9.57000000e+00,0,-9.89400935e-01,1.96000752e+00
479,9.59000000e+00,0,-9.89400935e-01,1.96171139e+00
480,9.61000000e+00,0,-9.89400935e-01,1.96341317e+00
481,9.63000000e+00,0,-9.89400935e-01,1.96511216e+00
482,9.65000000e+00,0,-9.89400935e-01,1.96680763e+00
483,9.67000000e+00,0,-9.89400935e-01,1.96849878e+00
484,9.69000000e+00,0,-9.89400935e-01,1.97018475e+00
485,9.71000000e+00,0,-9.89400935e-01,1.97186459e+00
486,9.73000000e+00,0,-9.89400935e-01,1.97353724e+00
487,9.75000000e+00,0,-9.89400935e-01,1.97520148e+00
488,9.77000000e+00,0,-9.89400935e-01,1.97685592e+00
489,9.79000000e+00,0,-9.89400935e-01,1.97849889e+00
490,9.81000000e+00,0,-9.89400935e-01,1.98012833e+00
491,9.83000000e+00,0,-9.89400935e-01,1.98174171e+00
492,9.85000000e+00,0,-9.89400935e-01,1.98333582e+00
493,9.87000000e+00,0,-9.89400935e-01,1.98490652e+00
494,9.89000000e+00,0,-9.89400935e-01,1.98644852e+00
495,9.91000000e+00,0,-9.89400935e-01,1.98795495e+00
496,9.93000000e+00,0,-9.89400935e-01,1.98941686e+00
497,9.95000000e+00,0,-9.89400935e-01,1.99082228e+00
498,9.97000000e+00,0,-9.89400935e-01,1.99215349e+00
499,9.99000000e+00,0,-9.89400935e-01,1.99337703e+00
0,1.00000000e-02,1,-9.44575023e-01,1.56067280e+00
1,3.00000000e-02,1,-9.44575023e-01,1.56070226e+00
2,5.00000000e-02,1,-9.44575023e-01,1.56073799e+00
3,7.00000000e-02,1,-9.44575023e-01,1.56077731e+00
4,9.00000000e-02,1,-9.44575023e-01,1.56081990e+00
5,1.10000000e-01,1,-9.44575023e-01,1.56086568e+00
6,1.30000000e-01,1,-9.44575023e-01,1.56091461e+00
7,1.50000000e-01,1,-9.44575023e-01,1.56096668e+00
8,1.70000000e-01,1,-9.44575023e-01,1.56102189e+00
9,1.90000000e-01,1,-9.44575023e-01,1.56108022e+00
10,2.10000000e-01,1,-9.44575023e-01,1.56114169e+00
11,2.30000000e-01,1,-9.44575023e-01,1.56120629e+00
12,2.50000000e-01,1,-9.44575023e-01,1.56127402e+00
13,2.70000000e-01,1,-9.44575023e-01,1.56134487e+00
14,2.90000000e-01,1,-9.44575023e-01,1.56141886e+00
15,3.10000000e-01,1,-9.44575023e-01,1.56149597e+00
16,3.30000000e-01,1,-9.44575023e-01,1.56157621e+00
17,3.50000000e-01,1,-9.44575023e-01,1.56165957e+00
18,3.70000000e-01,1,-9.44575023e-01,1.56174607e+00
19,3.90000000e-01,1,-9.44575023e-01,1.56183569e+00
20,4.10000000e-01,1,-9.44575023e-01,1.56192843e+00
21,4.30000000e-01,1,-9.44575023e-01,1.56202431e+00
22,4.50000000e-01,1,-9.44575023e-01,1.56212332e+00
23,4.70000000e-01,1,-9.44575023e-01,1.56222545e+00
24,4.90000000e-01,1,-9.44575023e-01,1.56233071e+00
25,5.10000000e-01,1,-9.44575023e-01,1.56243910e+00
26,5.30000000e-01,1,-9.44575023e-01,1.56255062e+00
27,5.50000000e-01,1,-9.44575023e-01,1.56266527e+00
28,5.70000000e-01,1,-9.44575023e-01,1.56278305e+00
29,5.90000000e-01,1,-9.44575023e-01,1.56290395e+00
30,6.10000000e-01,1,-9.44575023e-01,1.56302799e+00
31,6.30000000e-01,1,-9.44575023e-01,1.56315516e+00
32,6.50000000e-01,1,-9.44575023e-01,1.56328546e+00
33,6.70000000e-01,1,-9.44575023e-01,1.56341890e+00
34,6.90000000e-01,1,-9.44575023e-01,1.56355546e+00
35,7.10000000e-01,1,-9.44575023e-01,1.56369516e+00
36,7.30000000e-01,1,-9.44575023e-01,1.56383799e+00
37,7.50000000e-01,1,-9.44575023e-01,1.56398395e+00
38,7.70000000e-01,1,-9.44575023e-01,1.56413305e+00
39,7.90000000e-01,1,-9.44575023e-01,1.56428528e+00
40,8.10000000e-01,1,-9.44575023e-01,1.56444065e+00
41,8.30000000e-01,1,-9.44575023e-01,1.56459915e+00
42,8.50000000e-01,1,-9.44575023e-01,1.56476079e+00
43,8.70000000e-01,1,-9.44575023e-01,1.56492557e+00
44,8.90000000e-01,1,-9.44575023e-01,1.56509348e+00
45,9.10000000e-01,1,-9.44575023e-01,1.56526453e+00
46,9.30000000e-01,1,-9.44575023e-01,1.56543872e+00
47,9.50000000e-01,1,-9.44575023e-01,1.56561605e+00
48,9.70000000e-01,1,-9.44575023e-01,1.56579652e+00
49,9.90000000e-01,1,-9.44575023e-01,1.56598013e+00
50,1.01000000e+00,1,-9.44575023e-01,1.56616688e+00
51,1.03000000e+00,1,-9.44575023e-01,1.56635677e+00
52,1.05000000e+00,1,-9.44575023e-01,1.56654980e+00
53,1.07000000e+00,1,-9.44575023e-01,1.56674598e+00
54,1.09000000e+00,1,-9.44575023e-01,1.56694530e+00
55,1.11000000e+00,1,-9.44575023e-01,1.56714776e+00
56,1.13000000e+00,1,-9.44575023e-01,1.56735337e+00
57,1.15000000e+00,1,-9.44575023e-01,1.56756213e+00
58,1.17000000e+00,1,-9.44575023e-01,1.56777403e+00
59,1.19000000e+00,1,-9.44575023e-01,1.56798908e+00
60,1.21000000e+00,1,-9.44575023e-01,1.56820728e+00
61,1.23000000e+00,1,-9.44575023e-01,1.56842863e+00
62,1.25000000e+00,1,-9.44575023e-01,1.56865312e+00
63,1.27000000e+00,1,-9.44575023e-01,1.56888077e+00
64,1.29000000e+00,1,-9.44575023e-01,1.56911157e+00
65,1.31000000e+00,1,-9.44575023e-01,1.56934552e+00
66,1.33000000e+00,1,-9.44575023e-01,1.56958262e+00
67,1.35000000e+00,1,-9.44575023e-01,1.56982288e+00
68,1.37000000e+00,1,-9.44575023e-01,1.57006629e+00
69,1.39000000e+00,1,-9.44575023e-01,1.57031286e+00
70,1.41000000e+00,1,-9.44575023e-01,1.57056258e+00
71,1.43000000e+00,1,-9.44575023e-01,1.57081546e+00
72,1.45000000e+00,1,-9.44575023e-01,1.57107150e+00
73,1.47000000e+00,1,-9.44575023e-01,1.57133070e+00
74,1.49000000e+00,1,-9.44575023e-01,1.57159305e+00
75,1.51000000e+00,1,-9.44575023e-01,1.57185857e+00
76,1.53000000e+00,1,-9.44575023e-01,1.57212725e+00
77,1.55000000e+00,1,-9.44575023e-01,1.57239910e+00
78,1.57000000e+00,1,-9.44575023e-01,1.57267410e+00
79,1.59000000e+00,1,-9.44575023e-01,1.57295228e+00
80,1.61000000e+00,1,-9.44575023e-01,1.57323362e+00
81,1.63000000e+00,1,-9.44575023e-01,1.57351812e+00
82,1.65000000e+00,1,-9.44575023e-01,1.57380579e+00
83,1.67000000e+00,1,-9.44575023e-01,1.57409664e+00
84,1.69000000e+00,1,-9.44575023e-01,1.57439065e+00
85,1.71000000e+00,1,-9.44575023e-01,1.57468783e+00
86,1.73000000e+00,1,-9.44575023e-01,1.57498819e+00
87,1.75000000e+00,1,-9.44575023e-01,1.57529171e+00
88,1.77000000e+00,1,-9.44575023e-01,1.57559842e+00
89,1.79000000e+00,1,-9.44575023e-01,1.57590829e+00
90,1.81000000e+00,1,-9.44575023e-01,1.57622135e+00
91,1.83000000e+00,1,-9.44575023e-01,1.57653758e+00
92,1.85000000e+00,1,-9.44575023e-01,1.57685699e+00
93,1.87000000e+00,1,-9.44575023e-01,1.57717958e+00
94,1.89000000e+00,1,-9.44575023e-01,1.57750535e+00
95,1.91000000e+00,1,-9.44575023e-01,1.57783430e+00
96,1.93000000e+00,1,-9.44575023e-01,1.57816644e+00
97,1.95000000e+00,1,-9.44575023e-01,1.57850176e+00
98,1.97000000e+00,1,-9.44575023e-01,1.57884027e+00
99,1.99000000e+00,1,-9.44575023e-01,1.57918196e+00
100,2.01000000e+00,1,-9.44575023e-01,1.57952685e+00
101,2.03000000e+00,1,-9.44575023e-01,1.57987492e+00
102,2.05000000e+00,1,-9.44575023e-01,1.58022618e+00
103,2.07000000e+00,1,-9.44575023e-01,1.58058063e+00
104,2.09000000e+00,1,-9.44575023e-01,1.58093828e+00
105,2.11000000e+00,1,-9.44575023e-01,1.58129912e+00
106,2.13000000e+00,1,-9.44575023e-01,1.58166316e+00
107,2.15000000e+00,1,-9.44575023e-01,1.58203040e+00
108,2.17000000e+00,1,-9.44575023e-01,1.58240083e+00
109,2.19000000e+00,1,-9.44575023e-01,1.58277446e+00
110,2.21000000e+00,1,-9.44575023e-01,1.58315130e+00
111,2.23000000e+00,1,-9.44575023e-01,1.58353134e+00
112,2.25000000e+00,1,-9.44575023e-01,1.58391458e+00
113,2.27000000e+00,1,-9.44575023e-01,1.58430102e+00
114,2.29000000e+00,1,-9.44575023e-01,1.58469068e+00
115,2.31000000e+00,1,-9.44575023e-01,1.58508354e+00
116,2.33000000e+00,1,-9.44575023e-01,1.58547961e+00
117,2.35000000e+00,1,-9.44575023e-01,1.58587889e+00
118,2.37000000e+00,1,-9.44575023e-01,1.58628138e+00
119,2.39000000e+00,1,-9.44575023e-01,1.58668709e+00
120,2.41000000e+00,1,-9.44575023e-01,1.58709601e+00
121,2.43000000e+00,1,-9.44575023e-01,1.58750815e+00
122,2.45000000e+00,1,-9.44575023e-01,1.58792351e+00
123,2.47000000e+00,1,-9.44575023e-01,1.58834209e+00
124,2.49000000e+00,1,-9.44575023e-01,1.58876388e+00
125,2.51000000e+00,1,-9.44575023e-01,1.58918890e+00
126,2.53000000e+00,1,-9.44575023e-01,1.58961715e+00
127,2.55000000e+00,1,-9.44575023e-01,1.59004862e+00
128,2.57000000e+00,1,-9.44575023e-01,1.59048332e+00
129,2.59000000e+00,1,-9.44575023e-01,1.59092125e+00
130,2.61000000e+00,1,-9.44575023e-01,1.59136240e+00
131,2.63000000e+00,1,-9.44575023e-01,1.59180679e+00
132,2.65000000e+00,1,-9.44575023e-01,1.59225442e+00
133,2.67000000e+00,1,-9.44575023e-01,1.59270528e+00
134,2.69000000e+00,1,-9.44575023e-01,1.59315937e+00
135,2.71000000e+00,1,-9.44575023e-01,1.59361671e+00
136,2.73000000e+00,1,-9.44575023e-01,1.59407728e+00
137,2.75000000e+00,1,-9.44575023e-01,1.59454110e+00
138,2.77000000e+00,1,-9.44575023e-01,1.59500816e+00
139,2.79000000e+00,1,-9.44575023e-01,1.59547846e+00
140,2.81000000e+00,1,-9.44575023e-01,1.59595201e+00
141,2.83000000e+00,1,-9.44575023e-01,1.59642881e+00
142,2.85000000e+00,1,-9.44575023e-01,1.59690886e+00
143,2.87000000e+00,1,-9.44575023e-01,1.59739217e+00
144,2.89000000e+00,1,-9.44575023e-01,1.59787872e+00
145,2.91000000e+00,1,-9.44575023e-01,1.59836853e+00
146,2.93000000e+00,1,-9.44575023e-01,1.59886160e+00
147,2.95000000e+00,1,-9.44575023e-01,1.59935793e+00
148,2.97000000e+00,1,-9.44575023e-01,1.59985752e+00
149,2.99000000e+00,1,-9.44575023e-01,1.60036037e+00
150,3.01000000e+00,1,-9.44575023e-01,1.60086649e+00
151,3.03000000e+00,1,-9.44575023e-01,1.60137587e+00
152,3.05000000e+00,1,-9.44575023e-01,1.60188853e+00
153,3.07000000e+00,1,-9.44575023e-01,1.60240445e+00
154,3.09000000e+00,1,-9.44575023e-01,1.60292364e+00
155,3.11000000e+00,1,-9.44575023e-01,1.60344611e+00
156,3.13000000e+00,1,-9.44575023e-01,1.60397185e+00
157,3.15000000e+00,1,-9.44575023e-01,1.60450087e+00
158,3.17000000e+00,1,-9.44575023e-01,1.60503317e+00
159,3.19000000e+00,1,-9.44575023e-01,1.60556875e+00
160,3.21000000e+00,1,-9.44575023e-01,1.60610762e+00
161,3.23000000e+00,1,-9.44575023e-01,1.60664976e+00
162,3.25000000e+00,1,-9.44575023e-01,1.60719520e+00
163,3.27000000e+00,1,-9.44575023e-01,1.60774393e+00
164,3.29000000e+00,1,-9.44575023e-01,1.60829594e+00
165,3.31000000e+00,1,-9.44575023e-01,1.60885125e+00
166,3.33000000e+00,1,-9.44575023e-01,1.60940986e+00
167,3.35000000e+00,1,-9.44575023e-01,1.60997176e+00
168,3.37000000e+00,1,-9.44575023e-01,1.61053696e+00
169,3.39000000e+00,1,-9.44575023e-01,1.61110547e+00
170,3.41000000e+00,1,-9.44575023e-01,1.61167727e+00
171,3.43000000e+00,1,-9.44575023e-01,1.61225239e+00
172,3.45000000e+00,1,-9.44575023e-01,1.61283080e+00
173,3.47000000e+00,1,-9.44575023e-01,1.61341253e+00
174,3.49000000e+00,1,-9.44575023e-01,1.61399757e+00
175,3.51000000e+00,1,-9.44575023e-01,1.61458593e+00
176,3.53000000e+00,1,-9.44575023e-01,1.61517760e+00
177,3.55000000e+00,1,-9.44575023e-01,1.61577258e+00
178,3.57000000e+00,1,-9.44575023e-01,1.61637089e+00
179,3.59000000e+00,1,-9.44575023e-01,1.61697252e+00
180,3.61000000e+00,1,-9.44575023e-01,1.61757748e+00
181,3.63000000e+00,1,-9.44575023e-01,1.61818576e+00
182,3.65000000e+00,1,-9.44575023e-01,1.61879737e+00
183,3.67000000e+00,1,-9.44575023e-01,1.61941231e+00
184,3.69000000e+00,1,-9.44575023e-01,1.62003059e+00
185,3.71000000e+00,1,-9.44575023e-01,1.62065220e+00
186,3.73000000e+00,1,-9.44575023e-01,1.62127714e+00
187,3.75000000e+00,1,-9.44575023e-01,1.62190543e+00
188,3.77000000e+00,1,-9.44575023e-01,1.62253706e+00
189,3.79000000e+00,1,-9.44575023e-01,1.62317204e+00
190,3.81000000e+00,1,-9.44575023e-01,1.62381036e+00
191,3.83000000e+00,1,-9.44575023e-01,1.62445203e+00
192,3.85000000e+00,1,-9.44575023e-01,1.62509705e+00
193,3.87000000e+00,1,-9.44575023e-01,1.62574543e+00
194,3.89000000e+00,1,-9.44575023e-01,1.62639716e+00
195,3.91000000e+00,1,-9.44575023e-01,1.62705225e+00
196,3.93000000e+00,1,-9.44575023e-01,1.62771071e+00
197,3.95000000e+00,1,-9.44575023e-01,1.62837252e+00
198,3.97000000e+00,1,-9.44575023e-01,1.62903770e+00
199,3.99000000e+00,1,-9.44575023e-01,1.62970625e+00
200,4.01000000e+00,1,-9.44575023e-01,1.63037817e+00
201,4.03000000e+00,1,-9.44575023e-01,1.63105347e+00
202,4.05000000e+00,1,-9.44575023e-01,1.63173213e+00
203,4.07000000e+00,1,-9.44575023e-01,1.63241418e+00
204,4.09000000e+00,1,-9.44575023e-01,1.63309961e+00
205,4.11000000e+00,1,-9.44575023e-01,1.63378841e+00
206,4.13000000e+00,1,-9.44575023e-01,1.63448061e+00
207,4.15000000e+00,1,-9.44575023e-01,1.63517619e+00
208,4.17000000e+00,1,-9.44575023e-01,1.63587516e+00
209,4.19000000e+00,1,-9.44575023e-01,1.63657753e+00
210,4.21000000e+00,1,-9.44575023e-01,1.63728329e+00
211,4.23000000e+00,1,-9.44575023e-01,1.63799245e+00
212,4.25000000e+00,1,-9.44575023e-01,1.63870501e+00
213,4.27000000e+00,1,-9.44575023e-01,1.63942097e+00
214,4.29000000e+00,1,-9.44575023e-01,1.64014034e+00
215,4.31000000e+00,1,-9.44575023e-01,1.64086311e+00
216,4.33000000e+00,1,-9.44575023e-01,1.64158930e+00
217,4.35000000e+00,1,-9.44575023e-01,1.64231890e+00
218,4.37000000e+00,1,-9.44575023e-01,1.64305192e+00
219,4.39000000e+00,1,-9.44575023e-01,1.64378835e+00
220,4.41000000e+00,1,-9.44575023e-01,1.64452821e+00
221,4.43000000e+00,1,-9.44575023e-01,1.64527149e+00
222,4.45000000e+00,1,-9.44575023e-01,1.64601820e+00
223,4.47000000e+00,1,-9.44575023e-01,1.64676834e+00
224,4.49000000e+00,1,-9.44575023e-01,1.64752191e+00
225,4.51000000e+00,1,-9.44575023e-01,1.64827891e+00
226,4.53000000e+00,1,-9.44575023e-01,1.64903935e+00
227,4.55000000e+00,1,-9.44575023e-01,1.64980324e+00
228,4.57000000e+00,1,-9.44575023e-01,1.65057056e+00
229,4.59000000e+00,1,-9.44575023e-01,1.65134133e+00
230,4.61000000e+00,1,-9.44575023e-01,1.65211555e+00
231,4.63000000e+00,1,-9.44575023e-01,1.65289323e+00
232,4.65000000e+00,1,-9.44575023e-01,1.65367435e+00
233,4.67000000e+00,1,-9.44575023e-01,1.65445894e+00
234,4.69000000e+00,1,-9.44575023e-01,1.65524698e+00
235,4.71000000e+00,1,-9.44575023e-01,1.65603849e+00
236,4.73000000e+00,1,-9.44575023e-01,1.65683346e+00
237,4.75000000e+00,1,-9.44575023e-01,1.65763191e+00
238,4.77000000e+00,1,-9.44575023e-01,1.65843382e+00
239,4.79000000e+00,1,-9.44575023e-01,1.65923921e+00
240,4.81000000e+00,1,-9.44575023e-01,1.66004807e+00
241,4.83000000e+00,1,-9.44575023e-01,1.66086042e+00
242,4.85000000e+00,1,-9.44575023e-01,1.66167625e+00
243,4.87000000e+00,1,-9.44575023e-01,1.66249556e+00
244,4.89000000e+00,1,-9.44575023e-01,1.66331837e+00
245,4.91000000e+00,1,-9.44575023e-01,1.66414467e+00
246,4.93000000e+00,1,-9.44575023e-01,1.66497446e+00
247,4.95000000e+00,1,-9.44575023e-01,1.66580775e+00
248,4.97000000e+00,1,-9.44575023e-01,1.66664454e+00
249,4.99000000e+00,1,-9.44575023e-01,1.66748484e+00
250,5.01000000e+00,1,-9.44575023e-01,1.66832864e+00
251,5.03000000e+00,1,-9.44575023e-01,1.66917595e+00
252,5.05000000e+00,1,-9.44575023e-01,1.67002678e+00
253,5.07000000e+00,1,-9.44575023e-01,1.67088112e+00
254,5.09000000e+00,1,-9.44575023e-01,1.67173899e+00
255,5.11000000e+00,1,-9.44575023e-01,1.67260037e+00
256,5.13000000e+00,1,-9.44575023e-01,1.67346528e+00
257,5.15000000e+00,1,-9.44575023e-01,1.67433373e+00
258,5.17000000e+00,1,-9.44575023e-01,1.67520570e+00
259,5.19000000e+00,1,-9.44575023e-01,1.67608121e+00
260,5.21000000e+00,1,-9.44575023e-01,1.67696025e+00
261,5.23000000e+00,1,-9.44575023e-01,1.67784284e+00
262,5.25000000e+00,1,-9.44575023e-01,1.67872898e+00
263,5.27000000e+00,1,-9.44575023e-01,1.67961866e+00
264,5.29000000e+00,1,-9.44575023e-01,1.68051189e+00
265,5.31000000e+00,1,-9.44575023e-01,1.68140868e+00
266,5.33000000e+00,1,-9.44575023e-01,1.68230902e+00
267,5.35000000e+00,1,-9.44575023e-01,1.68321293e+00
268,5.37000000e+00,1,-9.44575023e-01,1.68412040e+00
269,5.39000000e+00,1,-9.44575023e-01,1.68503144e+00
270,5.41000000e+00,1,-9.44575023e-01,1.68594605e+00
271,5.43000000e+00,1,-9.44575023e-01,1.68686423e+00
272,5.45000000e+00,1,-9.44575023e-01,1.68778600e+00
273,5.47000000e+00,1,-9.44575023e-01,1.68871134e+00
274,5.49000000e+00,1,-9.44575023e-01,1.68964027e+00
275,5.51000000e+00,1,-9.44575023e-01,1.69057278e+00
276,5.53000000e+00,1,-9.44575023e-01,1.69150889e+00
277,5.55000000e+00,1,-9.44575023e-01,1.69244859e+00
278,5.57000000e+00,1,-9.44575023e-01,1.69339189e+00
279,5.59000000e+00,1,-9.44575023e-01,1.69433879e+00
280,5.61000000e+00,1,-9.44575023e-01,1.69528929e+00
281,5.63000000e+00,1,-9.44575023e-01,1.69624340e+00
282,5.65000000e+00,1,-9.44575023e-01,1.69720113e+00
283,5.67000000e+00,1,-9.44575023e-01,1.69816247e+00
284,5.69000000e+00,1,-9.44575023e-01,1.69912742e+00
285,5.71000000e+00,1,-9.44575023e-01,1.70009601e+00
286,5.73000000e+00,1,-9.44575023e-01,1.70106821e+00
287,5.75000000e+00,1,-9.44575023e-01,1.70204405e+00
288,5.77000000e+00,1,-9.44575023e-01,1.70302352e+00
289,5.79000000e+00,1,-9.44575023e-01,1.70400662e+00
290,5.81000000e+00,1,-9.44575023e-01,1.70499336e+00
291,5.83000000e+00,1,-9.44575023e-01,1.70598375e+00
292,5.85000000e+00,1,-9.44575023e-01,1.70697779e+00
293,5.87000000e+00,1,-9.44575023e-01,1.70797547e+00
294,5.89000000e+00,1,-9.44575023e-01,1.70897681e+00
295,5.91000000e+00,1,-9.44575023e-01,1.70998181e+00
296,5.93000000e+00,1,-9.44575023e-01,1.71099047e+00
297,5.95000000e+00,1,-9.44575023e-01,1.71200280e+00
298,5.97000000e+00,1,-9.44575023e-01,1.71301879e+00
299,5.99000000e+00,1,-9.44575023e-01,1.71403846e+00
300,6.01000000e+00,1,-9.44575023e-01,1.71506180e+00
301,6.03000000e+00,1,-9.44575023e-01,1.71608883e+00
302,6.05000000e+00,1,-9.44575023e-01,1.71711953e+00
303,6.07000000e+00,1,-9.44575023e-01,1.71815393e+00
304,6.09000000e+00,1,-9.44575023e-01,1.71919202e+00
305,6.11000000e+00,1,-9.44575023e-01,1.72023380e+00
306,6.13000000e+00,1,-9.44575023e-01,1.72127928e+00
307,6.15000000e+00,1,-9.44575023e-01,1.72232846e+00
308,6.17000000e+00,1,-9.44575023e-01,1.72338135e+00
309,6.19000000e+00,1,-9.44575023e-01,1.72443795e+00
310,6.21000000e+00,1,-9.44575023e-01,1.72549827e+00
311,6.23000000e+00,1,-9.44575023e-01,1.72656230e+00
312,6.25000000e+00,1,-9.44575023e-01,1.72763005e+00
313,6.27000000e+00,1,-9.44575023e-01,1.72870153e+00
314,6.29000000e+00,1,-9.44575023e-01,1.72977674e+00
315,6.31000000e+00,1,-9.44575023e-01,1.73085569e+00
316,6.33000000e+00,1,-9.44575023e-01,1.73193837e+00
317,6.35000000e+00,1,-9.44575023e-01,1.73302479e+00
318,6.37000000e+00,1,-9.44575023e-01,1.73411496e+00
319,6.39000000e+00,1,-9.44575023e-01,1.73520888e+00
320,6.41000000e+00,1,-9.44575023e-01,1.73630655e+00
321,6.43000000e+00,1,-9.44575023e-01,1.73740798e+00
322,6.45000000e+00,1,-9.44575023e-01,1.73851317e+00
323,6.47000000e+00,1,-9.44575023e-01,1.73962213e+00
324,6.49000000e+00,1,-9.44575023e-01,1.74073485e+00
325,6.51000000e+00,1,-9.44575023e-01,1.74185135e+00
326,6.53000000e+00,1,-9.44575023e-01,1.74297163e+00
327,6.55000000e+00,1,-9.44575023e-01,1.74409569e+00
328,6.57000000e+00,1,-9.44575023e-01,1.74522353e+00
329,6.59000000e+00,1,-9.44575023e-01,1.74635517e+00
330,6.61000000e+00,1,-9.44575023e-01,1.74749060e+00
331,6.63000000e+00,1,-9.44575023e-01,1.74862982e+00
332,6.65000000e+00,1,-9.44575023e-01,1.74977285e+00
333,6.67000000e+00,1,-9.44575023e-01,1.75091969e+00
334,6.69000000e+00,1,-9.44575023e-01,1.75207034e+00
335,6.71000000e+00,1,-9.44575023e-01,1.75322480e+00
336,6.73000000e+00,1,-9.44575023e-01,1.75438308e+00
337,6.75000000e+00,1,-9.44575023e-01,1.75554518e+00
338,6.77000000e+00,1,-9.44575023e-01,1.75671111e+00
339,6.79000000e+00,1,-9.44575023e-01,1.75788088e+00
340,6.81000000e+00,1,-9.44575023e-01,1.75905448e+00
341,6.83000000e+00,1,-9.44575023e-01,1.76023192e+00
342,6.85000000e+00,1,-9.44575023e-01,1.76141320e+00
343,6.87000000e+00,1,-9.44575023e-01,1.76259833e+00
344,6.89000000e+00,1,-9.44575023e-01,1.76378732e+00
345,6.91000000e+00,1,-9.44575023e-01,1.76498017e+00
346,6.93000000e+00,1,-9.44575023e-01,1.76617687e+00
347,6.95000000e+00,1,-9.44575023e-01,1.76737745e+00
348,6.97000000e+00,1,-9.44575023e-01,1.76858189e+00
349,6.99000000e+00,1,-9.44575023e-01,1.76979021e+00
350,7.01000000e+00,1,-9.44575023e-01,1.77100241e+00
351,7.03000000e+00,1,-9.44575023e-01,1.77221849e+00
352,7.05000000e+00,1,-9.44575023e-01,1.77343846e+00
353,7.07000000e+00,1,-9.44575023e-01,1.77466233e+00
354,7.09000000e+00,1,-9.44575023e-01,1.77589009e+00
355,7.11000000e+00,1,-9.44575023e-01,1.77712175e+00
356,7.13000000e+00,1,-9.44575023e-01,1.77835732e+00
357,7.15000000e+00,1,-9.44575023e-01,1.77959681e+00
358,7.17000000e+00,1,-9.44575023e-01,1.78084020e+00
359,7.19000000e+00,1,-9.44575023e-01,1.78208752e+00
360,7.21000000e+00,1,-9.44575023e-01,1.78333876e+00
361,7.23000000e+00,1,-9.44575023e-01,1.78459393e+00
362,7.25000000e+00,1,-9.44575023e-01,1.78585304e+00
363,7.27000000e+00,1,-9.44575023e-01,1.78711608e+00
364,7.29000000e+00,1,-9.44575023e-01,1.78838306e+00
365,7.31000000e+00,1,-9.44575023e-01,1.78965400e+00
366,7.33000000e+00,1,-9.44575023e-01,1.79092888e+00
367,7.35000000e+00,1,-9.44575023e-01,1.79220773e+00
368,7.37000000e+00,1,-9.44575023e-01,1.79349053e+00
369,7.39000000e+00,1,-9.44575023e-01,1.79477730e+00
370,7.41000000e+00,1,-9.44575023e-01,1.79606804e+00
371,7.43000000e+00,1,-9.44575023e-01,1.79736276e+00
372,7.45000000e+00,1,-9.44575023e-01,1.79866146e+00
373,7.47000000e+00,1,-9.44575023e-01,1.79996414e+00
374,7.49000000e+00,1,-9.44575023e-01,1.80127082e+00
375,7.51000000e+00,1,-9.44575023e-01,1.80258148e+00
376,7.53000000e+00,1,-9.44575023e-01,1.80389615e+00
377,7.55000000e+00,1,-9.44575023e-01,1.80521482e+00
378,7.57000000e+00,1,-9.44575023e-01,1.80653751e+00
379,7.59000000e+00,1,-9.44575023e-01,1.80786420e+00
380,7.61000000e+00,1,-9.44575023e-01,1.80919492e+00
381,7.63000000e+00,1,-9.44575023e-01,1.81052966e+00
382,7.65000000e+00,1,-9.44575023e-01,1.81186842e+00
383,7.67000000e+00,1,-9.44575023e-01,1.81321123e+00
384,7.69000000e+00,1,-9.44575023e-01,1.81455807e+00
385,7.71000000e+00,1,-9.44575023e-01,1.81590895e+00
386,7.73000000e+00,1,-9.44575023e-01,1.81726388e+00
387,7.75000000e+00,1,-9.44575023e-01,1.81862287e+00
388,7.77000000e+00,1,-9.44575023e-01,1.81998591e+00
389,7.79000000e+00,1,-9.44575023e-01,1.82135301e+00
390,7.81000000e+00,1,-9.44575023e-01,1.82272419e+00
391,7.83000000e+00,1,-9.44575023e-01,1.82409944e+00
392,7.85000000e+00,1,-9.44575023e-01,1.82547876e+00
393,7.87000000e+00,1,-9.44575023e-01,1.82686217e+00
394,7.89000000e+00,1,-9.44575023e-01,1.82824967e+00
395,7.91000000e+00,1,-9.44575023e-01,1.82964126e+00
396,7.93000000e+00,1,-9.44575023e-01,1.83103695e+00
397,7.95000000e+00,1,-9.44575023e-01,1.83243674e+00
398,7.97000000e+00,1,-9.44575023e-01,1.83384063e+00
399,7.99000000e+00,1,-9.44575023e-01,1.83524865e+00
400,8.01000000e+00,1,-9.44575023e-01,1.83666077e+00
401,8.03000000e+00,1,-9.44575023e-01,1.83807703e+00
402,8.05000000e+00,1,-9.44575023e-01,1.83949741e+00
403,8.07000000e+00,1,-9.44575023e-01,1.84092192e+00
404,8.09000000e+00,1,-9.44575023e-01,1.84235057e+00
405,8.11000000e+00,1,-9.44575023e-01,1.84378336e+00
406,8.13000000e+00,1,-9.44575023e-01,1.84522030e+00
407,8.15000000e+00,1,-9.44575023e-01,1.84666139e+00
408,8.17000000e+00,1,-9.44575023e-01,1.84810663e+00
409,8.19000000e+00,1,-9.44575023e-01,1.84955604e+00
410,8.21000000e+00,1,-9.44575023e-01,1.85100962e+00
411,8.23000000e+00,1,-9.44575023e-01,1.85246736e+00
412,8.25000000e+00,1,-9.44575023e-01,1.85392928e+00
413,8.27000000e+00,1,-9.44575023e-01,1.85539538e+00
414,8.29000000e+00,1,-9.44575023e-01,1.85686567e+00
415,8.31000000e+00,1,-9.44575023e-01,1.85834014e+00
416,8.33000000e+00,1,-9.44575023e-01,1.85981881e+00
417,8.35000000e+00,1,-9.44575023e-01,1.86130168e+00
418,8.37000000e+00,1,-9.44575023e-01,1.86278875e+00
419,8.39000000e+00,1,-9.44575023e-01,1.86428003e+00
420,8.41000000e+00,1,-9.44575023e-01,1.86577552e+00
421,8.43000000e+00,1,-9.44575023e-01,1.86727523e+00
422,8.45000000e+00,1,-9.44575023e-01,1.86877915e+00
423,8.47000000e+00,1,-9.44575023e-01,1.87028730e+00
424,8.49000000e+00,1,-9.44575023e-01,1.87179968e+00
425,8.51000000e+00,1,-9.44575023e-01,1.87331629e+00
426,8.53000000e+00,1,-9.44575023e-01,1.87483714e+00
427,8.55000000e+00,1,-9.44575023e-01,1.87636224e+00
428,8.57000000e+00,1,-9.44575023e-01,1.87789157e+00
429,8.59000000e+00,1,-9.44575023e-01,1.87942516e+00
430,8.61000000e+00,1,-9.44575023e-01,1.88096300e+00
431,8.63000000e+00,1,-9.44575023e-01,1.88250510e+00
432,8.65000000e+00,1,-9.44575023e-01,1.88405146e+00
433,8.67000000e+00,1,-9.44575023e-01,1.88560208e+00
434,8.69000000e+00,1,-9.44575023e-01,1.88715698e+00
435,8.71000000e+00,1,-9.44575023e-01,1.88871615e+00
436,8.73000000e+00,1,-9.44575023e-01,1.89027961e+00
437,8.75000000e+00,1,-9.44575023e-01,1.89184734e+00
438,8.77000000e+00,1,-9.44575023e-01,1.89341937e+00
439,8.79000000e+00,1,-9.44575023e-01,1.89499568e+00
440,8.81000000e+00,1,-9.44575023e-01,1.89657629e+00
441,8.83000000e+00,1,-9.44575023e-01,1.89816120e+00
442,8.85000000e+00,1,-9.44575023e-01,1.89975042e+00
443,8.87000000e+00,1,-9.44575023e-01,1.90134395e+00
444,8.89000000e+00,1,-9.44575023e-01,1.90294178e+00
445,8.91000000e+00,1,-9.44575023e-01,1.90454393e+00
446,8.93000000e+00,1,-9.44575023e-01,1.90615040e+00
447,8.95000000e+00,1,-9.44575023e-01,1.90776118e+00
448,8.97000000e+00,1,-9.44575023e-01,1.90937629e+00
449,8.99000000e+00,1,-9.44575023e-01,1.91099571e+00
450,9.01000000e+00,1,-9.44575023e-01,1.91261945e+00
451,9.03000000e+00,1,-9.44575023e-01,1.91424750e+00
452,9.05000000e+00,1,-9.44575023e-01,1.91587986e+00
453,9.07000000e+00,1,-9.44575023e-01,1.91751652e+00
454,9.09000000e+00,1,-9.44575023e-01,1.91915747e+00
455,9.11000000e+00,1,-9.44575023e-01,1.92080268e+00
456,9.13000000e+00,1,-9.44575023e-01,1.92245214e+00
457,9.15000000e+00,1,-9.44575023e-01,1.92410582e+00
458,9.17000000e+00,1,-9.44575023e-01,1.92576369e+00
459,9.19000000e+00,1,-9.44575023e-01,1.92742571e+00
460,9.21000000e+00,1,-9.44575023e-01,1.92909183e+00
461,9.23000000e+00,1,-9.44575023e-01,1.93076198e+00
462,9.25000000e+00,1,-9.44575023e-01,1.93243610e+00
463,9.27000000e+00,1,-9.44575023e-01,1.93411410e+00
464,9.29000000e+00,1,-9.44575023e-01,1.93579587e+00
465,9.31000000e+00,1,-9.44575023e-01,1.93748131e+00
466,9.33000000e+00,1,-9.44575023e-01,1.93917028e+00
467,9.35000000e+00,1,-9.44575023e-01,1.94086261e+00
468,9.37000000e+00,1,-9.44575023e-01,1.94255814e+00
469,9.39000000e+00,1,-9.44575023e-01,1.94425665e+00
470,9.41000000e+00,1,-9.44575023e-01,1.94595790e+00
471,9.43000000e+00,1,-9.44575023e-01,1.94766165e+00
472,9.45000000e+00,1,-9.44575023e-01,1.94936760e+00
473,9.47000000e+00,1,-9.44575023e-01,1.95107542e+00
474,9.49000000e+00,1,-9.44575023e-01,1.95278476e+00
475,9.51000000e+00,1,-9.44575023e-01,1.95449521e+00
476,9.53000000e+00,1,-9.44575023e-01,1.95620635e+00
477,9.55000000e+00,1,-9.44575023e-01,1.95791770e+00
478,9.57000000e+00,1,-9.44575023e-01,1.95962876e+00
479,9.59000000e+00,1,-9.44575023e-01,1.96133897e+00
480,9.61000000e+00,1,-9.44575023e-01,1.96304776e+00
481,9.63000000e+00,1,-9.44575023e-01,1.96475449e+00
482,9.65000000e+00,1,-9.44575023e-01,1.96645848e+00
483,9.67000000e+00,1,-9.44575023e-01,1.96815899e+00
484,9.69000000e+00,1,-9.44575023e-01,1.96985525e+00
485,9.71000000e+00,1,-9.44575023e-01,1.97154636e+00
486,9.73000000e+00,1,-9.44575023e-01,1.97323136e+00
487,9.75000000e+00,1,-9.44575023e-01,1.97490913e+00
488,9.77000000e+00,1,-9.44575023e-01,1.97657834e+00
489,9.79000000e+00,1,-9.44575023e-01,1.97823743e+00
490,9.81000000e+00,1,-9.44575023e-01,1.97988444e+00
491,9.83000000e+00,1,-9.44575023e-01,1.98151692e+00
492,9.85000000e+00,1,-9.44575023e-01,1.98313173e+00
493,9.87000000e+00,1,-9.44575023e-01,1.98472482e+00
494,9.89000000e+00,1,-9.44575023e-01,1.98629091e+00
495,9.91000000e+00,1,-9.44575023e-01,1.98782314e+00
496,9.93000000e+00,1,-9.44575023e-01,1.98931249e+00
497,9.95000000e+00,1,-9.44575023e-01,1.99074682e+00
498,9.97000000e+00,1,-9.44575023e-01,1.99210808e+00
499,9.99000000e+00,1,-9.44575023e-01,1.99336195e+00
0,1.00000000e-02,2,-8.65631202e-01,1.56067315e+00
1,3.00000000e-02,2,-8.65631202e-01,1.56070036e+00
2,5.00000000e-02,2,-8.65631202e-01,1.56073416e+00
3,7.00000000e-02,2,-8.65631202e-01,1.56077158e+00
4,9.00000000e-02,2,-8.65631202e-01,1.56081225e+00
5,1.10000000e-01,2,-8.65631202e-01,1.56085607e+00
6,1.30000000e-01,2,-8.65631202e-01,1.56090303e+00
7,1.50000000e-01,2,-8.65631202e-01,1.56095310e+00
8,1.70000000e-01,2,-8.65631202e-01,1.56100630e+00
9,1.90000000e-01,2,-8.65631202e-01,1.56106261e+00
10,2.10000000e-01,2,-8.65631202e-01,1.56112205e+00
11,2.30000000e-01,2,-8.65631202e-01,1.56118460e+00
12,2.50000000e-01,2,-8.65631202e-01,1.56125028e+00
13,2.70000000e-01,2,-8.65631202e-01,1.56131908e+00
14,2.90000000e-01,2,-8.65631202e-01,1.56139101e+00
15,3.10000000e-01,2,-8.65631202e-01,1.56146605e+00
16,3.30000000e-01,2,-8.65631202e-01,1.56154423e+00
17,3.50000000e-01,2,-8.65631202e-01,1.56162553e+00
18,3.70000000e-01,2,-8.65631202e-01,1.56170996e+00
19,3.90000000e-01,2,-8.65631202e-01,1.56179751e+00
20,4.10000000e-01,2,-8.65631202e-01,1.56188819e+00
21,4.30000000e-01,2,-8.65631202e-01,1.56198200e+00
22,4.50000000e-01,2,-8.65631202e-01,1.56207893e+00
23,4.70000000e-01,2,-8.65631202e-01,1.56217900e+00
24,4.90000000e-01,2,-8.65631202e-01,1.56228219e+00
25,5.10000000e-01,2,-8.65631202e-01,1.56238852e+00
26,5.30000000e-01,2,-8.65631202e-01,1.56249797e+00
27,5.50000000e-01,2,-8.65631202e-01,1.56261055e+00
28,5.70000000e-01,2,-8.65631202e-01,1.56272627e+00
29,5.90000000e-01,2,-8.65631202e-01,1.56284512e+00
30,6.10000000e-01,2,-8.65631202e-01,1.56296709e+00
31,6.30000000e-01,2,-8.65631202e-01,1.56309220e+00
32,6.50000000e-01,2,-8.65631202e-01,1.56322044e+00
33,6.70000000e-01,2,-8.65631202e-01,1.56335182e+00
34,6.90000000e-01,2,-8.65631202e-01,1.56348633e+00
35,7.10000000e-01,2,-8.65631202e-01,1.56362397e+00
36,7.30000000e-01,2,-8.65631202e-01,1.56376474e+00
37,7.50000000e-01,2,-8.65631202e-01,1.56390865e+00
38,7.70000000e-01,2,-8.65631202e-01,1.56405570e+00
39,7.90000000e-01,2,-8.65631202e-01,1.56420588e+00
40,8.10000000e-01,2,-8.65631202e-01,1.56435920e+00
41,8.30000000e-01,2,-8.65631202e-01,1.56451565e+00
42,8.50000000e-01,2,-8.65631202e-01,1.56467524e+00
43,8.70000000e-01,2,-8.65631202e-01,1.56483797e+00
44,8.90000000e-01,2,-8.65631202e-01,1.56500384e+00
45,9.10000000e-01,2,-8.65631202e-01,1.56517284e+00
46,9.30000000e-01,2,-8.65631202e-01,1.56534499e+00
47,9.50000000e-01,2,-8.65631202e-01,1.56552027e+00
48,9.70000000e-01,2,-8.65631202e-01,1.56569870e+00
49,9.90000000e-01,2,-8.65631202e-01,1.56588027e+00
50,1.01000000e+00,2,-8.65631202e-01,1.56606498e+00
51,1.03000000e+00,2,-8.65631202e-01,1.56625283e+00
52,1.05000000e+00,2,-8.65631202e-01,1.56644382e+00
53,1.07000000e+00,2,-8.65631202e-01,1.56663796e+00
54,1.09000000e+00,2,-8.65631202e-01,1.56683524e+00
55,1.11000000e+00,2,-8.65631202e-01,1.56703567e+00
56,1.13000000e+00,2,-8.65631202e-01,1.56723925e+00
57,1.15000000e+00,2,-8.65631202e-01,1.56744596e+00
58,1.17000000e+00,2,-8.65631202e-01,1.56765583e+00
59,1.19000000e+00,2,-8.65631202e-01,1.56786885e+00
60,1.21000000e+00,2,-8.65631202e-01,1.56808501e+00
61,1.23000000e+00,2,-8.65631202e-01,1.56830432e+00
62,1.25000000e+00,2,-8.65631202e-01,1.56852679e+00
63,1.27000000e+00,2,-8.65631202e-01,1.56875240e+00
64,1.29000000e+00,2,-8.65631202e-01,1.56898117e+00
65,1.31000000e+00,2,-8.65631202e-01,1.56921309e+00
66,1.33000000e+00,2,-8.65631202e-01,1.56944816e+00
67,1.35000000e+00,2,-8.65631202e-01,1.56968638e+00
68,1.37000000e+00,2,-8.65631202e-01,1.56992776e+00
69,1.39000000e+00,2,-8.65631202e-01,1.57017230e+00
70,1.41000000e+00,2,-8.65631202e-01,1.57041999e+00
71,1.43000000e+00,2,-8.65631202e-01,1.57067085e+00
72,1.45000000e+00,2,-8.65631202e-01,1.57092485e+00
73,1.47000000e+00,2,-8.65631202e-01,1.57118202e+00
74,1.49000000e+00,2,-8.65631202e-01,1.57144235e+00
75,1.51000000e+00,2,-8.65631202e-01,1.57170584e+00
76,1.53000000e+00,2,-8.65631202e-01,1.57197249e+00
77,1.55000000e+00,2,-8.65631202e-01,1.57224231e+00
78,1.57000000e+00,2,-8.65631202e-01,1.57251529e+00
79,1.59000000e+00,2,-8.65631202e-01,1.57279143e+00
80,1.61000000e+00,2,-8.65631202e-01,1.57307074e+00
81,1.63000000e+00,2,-8.65631202e-01,1.57335322e+00
82,1.65000000e+00,2,-8.65631202e-01,1.57363886e+00
83,1.67000000e+00,2,-8.65631202e-01,1.57392768e+00
84,1.69000000e+00,2,-8.65631202e-01,1.57421966e+00
85,1.71000000e+00,2,-8.65631202e-01,1.57451482e+00
86,1.73000000e+00,2,-8.65631202e-01,1.57481314e+00
87,1.75000000e+00,2,-8.65631202e-01,1.57511464e+00
88,1.77000000e+00,2,-8.65631202e-01,1.57541931e+00
89,1.79000000e+00,2,-8.65631202e-01,1.57572716e+00
90,1.81000000e+00,2,-8.65631202e-01,1.57603819e+00
91,1.83000000e+00,2,-8.65631202e-01,1.57635239e+00
92,1.85000000e+00,2,-8.65631202e-01,1.57666977e+00
93,1.87000000e+00,2,-8.65631202e-01,1.57699033e+00
94,1.89000000e+00,2,-8.65631202e-01,1.57731408e+00
95,1.91000000e+00,2,-8.65631202e-01,1.57764100e+00
96,1.93000000e+00,2,-8.65631202e-01,1.57797111e+00
97,1.95000000e+00,2,-8.65631202e-01,1.57830440e+00
98,1.97000000e+00,2,-8.65631202e-01,1.57864087e+00
99,1.99000000e+00,2,-8.65631202e-01,1.57898054e+00
100,2.01000000e+00,2,-8.65631202e-01,1.57932339e+00
101,2.03000000e+00,2,-8.65631202e-01,1.57966943e+00
102,2.05000000e+00,2,-8.65631202e-01,1.58001866e+00
103,2.07000000e+00,2,-8.65631202e-01,1.58037108e+00
104,2.09000000e+00,2,-8.65631202e-01,1.58072670e+00
105,2.11000000e+00,2,-8.65631202e-01,1.58108551e+00
106,2.13000000e+00,2,-8.65631202e-01,1.58144751e+00
107,2.15000000e+00,2,-8.65631202e-01,1.58181271e+00
108,2.17000000e+00,2,-8.65631202e-01,1.58218111e+00
109,2.19000000e+00,2,-8.65631202e-01,1.58255271e+00
110,2.21000000e+00,2,-8.65631202e-01,1.58292751e+00
111,2.23000000e+00,2,-8.65631202e-01,1.58330551e+00
112,2.25000000e+00,2,-8.65631202e-01,1.58368672e+00
113,2.27000000e+00,2,-8.65631202e-01,1.58407113e+00
114,2.29000000e+00,2,-8.65631202e-01,1.58445874e+00
115,2.31000000e+00,2,-8.65631202e-01,1.58484957e+00
116,2.33000000e+00,2,-8.65631202e-01,1.58524360e+00
117,2.35000000e+00,2,-8.65631202e-01,1.58564084e+00
118,2.37000000e+00,2,-8.65631202e-01,1.58604130e+00
119,2.39000000e+00,2,-8.65631202e-01,1.58644496e+00
120,2.41000000e+00,2,-8.65631202e-01,1.58685185e+00
121,2.43000000e+00,2,-8.65631202e-01,1.58726194e+00
122,2.45000000e+00,2,-8.65631202e-01,1.58767526e+00
123,2.47000000e+00,2,-8.65631202e-01,1.58809180e+00
124,2.49000000e+00,2,-8.65631202e-01,1.58851155e+00
125,2.51000000e+00,2,-8.65631202e-01,1.58893453e+00
126,2.53000000e+00,2,-8.65631202e-01,1.58936073e+00
127,2.55000000e+00,2,-8.65631202e-01,1.58979016e+00
128,2.57000000e+00,2,-8.65631202e-01,1.59022281e+00
129,2.59000000e+00,2,-8.65631202e-01,1.59065869e+00
130,2.61000000e+00,2,-8.65631202e-01,1.59109780e+00
131,2.63000000e+00,2,-8.65631202e-01,1.59154014e+00
132,2.65000000e+00,2,-8.65631202e-01,1.59198572e+00
133,2.67000000e+00,2,-8.65631202e-01,1.59243453e+00
134,2.69000000e+00,2,-8.65631202e-01,1.59288657e+00
135,2.71000000e+00,2,-8.65631202e-01,1.59334186e+00
136,2.73000000e+00,2,-8.65631202e-01,1.59380038e+00
137,2.75000000e+00,2,-8.65631202e-01,1.59426214e+00
138,2.77000000e+00,2,-8.65631202e-01,1.59472715e+00
139,2.79000000e+00,2,-8.65631202e-01,1.59519540e+00
140,2.81000000e+00,2,-8.65631202e-01,1.59566690e+00
141,2.83000000e+00,2,-8.65631202e-01,1.59614164e+00
142,2.85000000e+00,2,-8.65631202e-01,1.59661964e+00
143,2.87000000e+00,2,-8.65631202e-01,1.59710088e+00
144,2.89000000e+00,2,-8.65631202e-01,1.59758538e+00
145,2.91000000e+00,2,-8.65631202e-01,1.59807314e+00
146,2.93000000e+00,2,-8.65631202e-01,1.59856415e+00
147,2.95000000e+00,2,-8.65631202e-01,1.59905841e+00
148,2.97000000e+00,2,-8.65631202e-01,1.59955594e+00
149,2.99000000e+00,2,-8.65631202e-01,1.60005673e+00
150,3.01000000e+00,2,-8.65631202e-01,1.60056078e+00
151,3.03000000e+00,2,-8.65631202e-01,1.60106810e+00
152,3.05000000e+00,2,-8.65631202e-01,1.60157869e+00
153,3.07000000e+00,2,-8.65631202e-01,1.60209254e+00
154,3.09000000e+00,2,-8.65631202e-01,1.60260967e+00
155,3.11000000e+00,2,-8.65631202e-01,1.60313007e+00
156,3.13000000e+00,2,-8.65631202e-01,1.60365374e+00
157,3.15000000e+00,2,-8.65631202e-01,1.60418069e+00
158,3.17000000e+00,2,-8.65631202e-01,1.60471092e+00
159,3.19000000e+00,2,-8.65631202e-01,1.60524443e+00
160,3.21000000e+00,2,-8.65631202e-01,1.60578122e+00
161,3.23000000e+00,2,-8.65631202e-01,1.60632129e+00
162,3.25000000e+00,2,-8.65631202e-01,1.60686465e+00
163,3.27000000e+00,2,-8.65631202e-01,1.60741130e+00
164,3.29000000e+00,2,-8.65631202e-01,1.60796124e+00
165,3.31000000e+00,2,-8.65631202e-01,1.60851447e+00
166,3.33000000e+00,2,-8.65631202e-01,1.60907100e+00
167,3.35000000e+00,2,-8.65631202e-01,1.60963082e+00
168,3.37000000e+00,2,-8.65631202e-01,1.61019394e+00
169,3.39000000e+00,2,-8.65631202e-01,1.61076036e+00
170,3.41000000e+00,2,-8.65631202e-01,1.61133008e+00
171,3.43000000e+00,2,-8.65631202e-01,1.61190311e+00
172,3.45000000e+00,2,-8.65631202e-01,1.61247944e+00
173,3.47000000e+00,2,-8.65631202e-01,1.61305908e+00
174,3.49000000e+00,2,-8.65631202e-01,1.61364203e+00
175,3.51000000e+00,2,-8.65631202e-01,1.61422830e+00
176,3.53000000e+00,2,-8.65631202e-01,1.61481788e+00
177,3.55000000e+00,2,-8.65631202e-01,1.61541077e+00
178,3.57000000e+00,2,-8.65631202e-01,1.61600698e+00
179,3.59000000e+00,2,-8.65631202e-01,1.61660652e+00
180,3.61000000e+00,2,-8.65631202e-01,1.61720938e+00
181,3.63000000e+00,2,-8.65631202e-01,1.61781556e+00
182,3.65000000e+00,2,-8.65631202e-01,1.61842507e+00
183,3.67000000e+00,2,-8.65631202e-01,1.61903791e+00
184,3.69000000e+00,2,-8.65631202e-01,1.61965409e+00
185,3.71000000e+00,2,-8.65631202e-01,1.62027360e+00
186,3.73000000e+00,2,-8.65631202e-01,1.62089644e+00
187,3.75000000e+00,2,-8.65631202e-01,1.62152262e+00
188,3.77000000e+00,2,-8.65631202e-01,1.62215215e+00
189,3.79000000e+00,2,-8.65631202e-01,1.62278501e+00
190,3.81000000e+00,2,-8.65631202e-01,1.62342123e+00
191,3.83000000e+00,2,-8.65631202e-01,1.62406079e+00
192,3.85000000e+00,2,-8.65631202e-01,1.62470370e+00
193,3.87000000e+00,2,-8.65631202e-01,1.62534996e+00
194,3.89000000e+00,2,-8.65631202e-01,1.62599958e+00
195,3.91000000e+00,2,-8.65631202e-01,1.62665255e+00
196,3.93000000e+00,2,-8.65631202e-01,1.62730889e+00
197,3.95000000e+00,2,-8.65631202e-01,1.62796858e+00
198,3.97000000e+00,2,-8.65631202e-01,1.62863165e+00
199,3.99000000e+00,2,-8.65631202e-01,1.62929807e+00
200,4.01000000e+00,2,-8.65631202e-01,1.62996787e+00
201,4.03000000e+00,2,-8.65631202e-01,1.63064104e+00
202,4.05000000e+00,2,-8.65631202e-01,1.63131758e+00
203,4.07000000e+00,2,-8.65631202e-01,1.63199750e+00
204,4.09000000e+00,2,-8.65631202e-01,1.63268080e+00
205,4.11000000e+00,2,-8.65631202e-01,1.63336747e+00
206,4.13000000e+00,2,-8.65631202e-01,1.63405754e+00
207,4.15000000e+00,2,-8.65631202e-01,1.63475099e+00
208,4.17000000e+00,2,-8.65631202e-01,1.63544782e+00
209,4.19000000e+00,2,-8.65631202e-01,1.63614805e+00
210,4.21000000e+00,2,-8.65631202e-01,1.63685167e+00
211,4.23000000e+00,2,-8.65631202e-01,1.63755869e+00
212,4.25000000e+00,2,-8.65631202e-01,1.63826911e+00
213,4.27000000e+00,2,-8.65631202e-01,1.63898293e+00
214,4.29000000e+00,2,-8.65631202e-01,1.63970015e+00
215,4.31000000e+00,2,-8.65631202e-01,1.64042079e+00
216,4.33000000e+00,2,-8.65631202e-01,1.64114483e+00
217,4.35000000e+00,2,-8.65631202e-01,1.64187228e+00
218,4.37000000e+00,2,-8.65631202e-01,1.64260314e+00
219,4.39000000e+00,2,-8.65631202e-01,1.64333743e+00
220,4.41000000e+00,2,-8.65631202e-01,1.64407513e+00
221,4.43000000e+00,2,-8.65631202e-01,1.64481626e+00
222,4.45000000e+00,2,-8.65631202e-01,1.64556081e+00
223,4.47000000e+00,2,-8.65631202e-01,1.64630879e+00
224,4.49000000e+00,2,-8.65631202e-01,1.64706020e+00
225,4.51000000e+00,2,-8.65631202e-01,1.64781504e+00
226,4.53000000e+00,2,-8.65631202e-01,1.64857332e+00
227,4.55000000e+00,2,-8.65631202e-01,1.64933504e+00
228,4.57000000e+00,2,-8.65631202e-01,1.65010019e+00
229,4.59000000e+00,2,-8.65631202e-01,1.65086880e+00
230,4.61000000e+00,2,-8.65631202e-01,1.65164085e+00
231,4.63000000e+00,2,-8.65631202e-01,1.65241635e+00
232,4.65000000e+00,2,-8.65631202e-01,1.65319530e+00
233,4.67000000e+00,2,-8.65631202e-01,1.65397771e+00
234,4.69000000e+00,2,-8.65631202e-01,1.65476358e+00
235,4.71000000e+00,2,-8.65631202e-01,1.65555291e+00
236,4.73000000e+00,2,-8.65631202e-01,1.65634570e+00
237,4.75000000e+00,2,-8.65631202e-01,1.65714196e+00
238,4.77000000e+00,2,-8.65631202e-01,1.65794169e+00
239,4.79000000e+00,2,-8.65631202e-01,1.65874489e+00
240,4.81000000e+00,2,-8.65631202e-01,1.65955157e+00
241,4.83000000e+00,2,-8.65631202e-01,1.66036173e+00
242,4.85000000e+00,2,-8.65631202e-01,1.66117537e+00
243,4.87000000e+00,2,-8.65631202e-01,1.66199249e+00
244,4.89000000e+00,2,-8.65631202e-01,1.66281310e+00
245,4.91000000e+00,2,-8.65631202e-01,1.66363720e+00
246,4.93000000e+00,2,-8.65631202e-01,1.66446479e+00
247,4.95000000e+00,2,-8.65631202e-01,1.66529588e+00
248,4.97000000e+00,2,-8.65631202e-01,1.66613047e+00
249,4.99000000e+00,2,-8.65631202e-01,1.66696856e+00
250,5.01000000e+00,2,-8.65631202e-01,1.66781016e+00
251,5.03000000e+00,2,-8.65631202e-01,1.66865527e+00
252,5.05000000e+00,2,-8.65631202e-01,1.66950389e+00
253,5.07000000e+00,2,-8.65631202e-01,1.67035602e+00
254,5.09000000e+00,2,-8.65631202e-01,1.67121167e+00
255,5.11000000e+00,2,-8.65631202e-01,1.67207084e+00
256,5.13000000e+00,2,-8.65631202e-01,1.67293353e+00
257,5.15000000e+00,2,-8.65631202e-01,1.67379975e+00
258,5.17000000e+00,2,-8.65631202e-01,1.67466951e+00
259,5.19000000e+00,2,-8.65631202e-01,1.67554279e+00
260,5.21000000e+00,2,-8.65631202e-01,1.67641961e+00
261,5.23000000e+00,2,-8.65631202e-01,1.67729998e+00
262,5.25000000e+00,2,-8.65631202e-01,1.67818388e+00
263,5.27000000e+00,2,-8.65631202e-01,1.67907133e+00
264,5.29000000e+00,2,-8.65631202e-01,1.67996233e+00
265,5.31000000e+00,2,-8.65631202e-01,1.68085688e+00
266,5.33000000e+00,2,-8.65631202e-01,1.68175499e+00
267,5.35000000e+00,2,-8.65631202e-01,1.68265666e+00
268,5.37000000e+00,2,-8.65631202e-01,1.68356189e+00
269,5.39000000e+00,2,-8.65631202e-01,1.68447069e+00
270,5.41000000e+00,2,-8.65631202e-01,1.68538305e+00
271,5.43000000e+00,2,-8.65631202e-01,1.68629899e+00
272,5.45000000e+00,2,-8.65631202e-01,1.68721850e+00
273,5.47000000e+00,2,-8.65631202e-01,1.68814159e+00
274,5.49000000e+00,2,-8.65631202e-01,1.68906827e+00
275,5.51000000e+00,2,-8.65631202e-01,1.68999852e+00
276,5.53000000e+00,2,-8.65631202e-01,1.69093237e+00
277,5.55000000e+00,2,-8.65631202e-01,1.69186981e+00
278,5.57000000e+00,2,-8.65631202e-01,1.69281085e+00
279,5.59000000e+00,2,-8.65631202e-01,1.69375549e+00
280,5.61000000e+00,2,-8.65631202e-01,1.69470372e+00
281,5.63000000e+00,2,-8.65631202e-01,1.69565557e+00
282,5.65000000e+00,2,-8.65631202e-01,1.69661102e+00
283,5.67000000e+00,2,-8.65631202e-01,1.69757009e+00
284,5.69000000e+00,2,-8.65631202e-01,1.69853277e+00
285,5.71000000e+00,2,-8.65631202e-01,1.69949908e+00
286,5.73000000e+00,2,-8.65631202e-01,1.70046901e+00
287,5.75000000e+00,2,-8.65631202e-01,1.70144256e+00
288,5.77000000e+00,2,-8.65631202e-01,1.70241974e+00
289,5.79000000e+00,2,-8.65631202e-01,1.70340056e+00
290,5.81000000e+00,2,-8.65631202e-01,1.70438502e+00
291,5.83000000e+00,2,-8.65631202e-01,1.70537312e+00
292,5.85000000e+00,2,-8.65631202e-01,1.70636486e+00
293,5.87000000e+00,2,-8.65631202e-01,1.70736025e+00
294,5.89000000e+00,2,-8.65631202e-01,1.70835930e+00
295,5.91000000e+00,2,-8.65631202e-01,1.70936200e+00
296,5.93000000e+00,2,-8.65631202e-01,1.71036835e+00
297,5.95000000e+00,2,-8.65631202e-01,1.71137838e+00
298,5.97000000e+00,2,-8.65631202e-01,1.71239206e+00
299,5.99000000e+00,2,-8.65631202e-01,1.71340942e+00
300,6.01000000e+00,2,-8.65631202e-01,1.71443046e+00
301,6.03000000e+00,2,-8.65631202e-01,1.71545517e+00
302,6.05000000e+00,2,-8.65631202e-01,1.71648356e+00
303,6.07000000e+00,2,-8.65631202e-01,1.71751564e+00
304,6.09000000e+00,2,-8.65631202e-01,1.71855140e+00
305,6.11000000e+00,2,-8.65631202e-01,1.71959086e+00
306,6.13000000e+00,2,-8.65631202e-01,1.72063402e+00
307,6.15000000e+00,2,-8.65631202e-01,1.72168087e+00
308,6.17000000e+00,2,-8.65631202e-01,1.72273143e+00
309,6.19000000e+00,2,-8.65631202e-01,1.72378570e+00
310,6.21000000e+00,2,-8.65631202e-01,1.72484368e+00
311,6.23000000e+00,2,-8.65631202e-01,1.72590538e+00
312,6.25000000e+00,2,-8.65631202e-01,1.72697080e+00
313,6.27000000e+00,2,-8.65631202e-01,1.72803993e+00
314,6.29000000e+00,2,-8.65631202e-01,1.72911280e+00
315,6.31000000e+00,2,-8.65631202e-01,1.73018940e+00
316,6.33000000e+00,2,-8.65631202e-01,1.73126973e+00
317,6.35000000e+00,2,-8.65631202e-01,1.73235380e+00
318,6.37000000e+00,2,-8.65631202e-01,1.73344162e+00
319,6.39000000e+00,2,-8.65631202e-01,1.73453318e+00
320,6.41000000e+00,2,-8.65631202e-01,1.73562849e+00
321,6.43000000e+00,2,-8.65631202e-01,1.73672756e+00
322,6.45000000e+00,2,-8.65631202e-01,1.73783039e+00
323,6.47000000e+00,2,-8.65631202e-01,1.73893698e+00
324,6.49000000e+00,2,-8.65631202e-01,1.74004733e+00
325,6.51000000e+00,2,-8.65631202e-01,1.74116146e+00
326,6.53000000e+00,2,-8.65631202e-01,1.74227937e+00
327,6.55000000e+00,2,-8.65631202e-01,1.74340105e+00
328,6.57000000e+00,2,-8.65631202e-01,1.74452651e+00
329,6.59000000e+00,2,-8.65631202e-01,1.74565577e+00
330,6.61000000e+00,2,-8.65631202e-01,1.74678881e+00
331,6.63000000e+00,2,-8.65631202e-01,1.74792565e+00
332,6.65000000e+00,2,-8.65631202e-01,1.74906629e+00
333,6.67000000e+00,2,-8.65631202e-01,1.75021074e+00
334,6.69000000e+00,2,-8.65631202e-01,1.75135899e+00
335,6.71000000e+00,2,-8.65631202e-01,1.75251105e+00
336,6.73000000e+00,2,-8.65631202e-01,1.75366693e+00
337,6.75000000e+00,2,-8.65631202e-01,1.75482663e+00
338,6.77000000e+00,2,-8.65631202e-01,1.75599016e+00
339,6.79000000e+00,2,-8.65631202e-01,1.75715752e+00
340,6.81000000e+00,2,-8.65631202e-01,1.75832871e+00
341,6.83000000e+00,2,-8.65631202e-01,1.75950373e+00
342,6.85000000e+00,2,-8.65631202e-01,1.76068260e+00
343,6.87000000e+00,2,-8.65631202e-01,1.76186532e+00
344,6.89000000e+00,2,-8.65631202e-01,1.76305188e+00
345,6.91000000e+00,2,-8.65631202e-01,1.76424230e+00
346,6.93000000e+00,2,-8.65631202e-01,1.76543658e+00
347,6.95000000e+00,2,-8.65631202e-01,1.76663473e+00
348,6.97000000e+00,2,-8.65631202e-01,1.76783674e+00
349,6.99000000e+00,2,-8.65631202e-01,1.76904262e+00
350,7.01000000e+00,2,-8.65631202e-01,1.77025238e+00
351,7.03000000e+00,2,-8.65631202e-01,1.77146603e+00
352,7.05000000e+00,2,-8.65631202e-01,1.77268356e+00
353,7.07000000e+00,2,-8.65631202e-01,1.77390497e+00
354,7.09000000e+00,2,-8.65631202e-01,1.77513029e+00
355,7.11000000e+00,2,-8.65631202e-01,1.77635950e+00
356,7.13000000e+00,2,-8.65631202e-01,1.77759261e+00
357,7.15000000e+00,2,-8.65631202e-01,1.77882964e+00
358,7.17000000e+00,2,-8.65631202e-01,1.78007057e+00
359,7.19000000e+00,2,-8.65631202e-01,1.78131543e+00
360,7.21000000e+00,2,-8.65631202e-01,1.78256420e+00
361,7.23000000e+00,2,-8.65631202e-01,1.78381691e+00
362,7.25000000e+00,2,-8.65631202e-01,1.78507354e+00
363,7.27000000e+00,2,-8.65631202e-01,1.78633411e+00
364,7.29000000e+00,2,-8.65631202e-01,1.78759861e+00
365,7.31000000e+00,2,-8.65631202e-01,1.78886707e+00
366,7.33000000e+00,2,-8.65631202e-01,1.79013947e+00
367,7.35000000e+00,2,-8.65631202e-01,1.79141583e+00
368,7.37000000e+00,2,-8.65631202e-01,1.79269614e+00
369,7.39000000e+00,2,-8.65631202e-01,1.79398042e+00
370,7.41000000e+00,2,-8.65631202e-01,1.79526867e+00
371,7.43000000e+00,2,-8.65631202e-01,1.79656089e+00
372,7.45000000e+00,2,-8.65631202e-01,1.79785708e+00
373,7.47000000e+00,2,-8.65631202e-01,1.79915726e+00
374,7.49000000e+00,2,-8.65631202e-01,1.80046143e+00
375,7.51000000e+00,2,-8.65631202e-01,1.80176959e+00
376,7.53000000e+00,2,-8.65631202e-01,1.80308175e+00
377,7.55000000e+00,2,-8.65631202e-01,1.80439790e+00
378,7.57000000e+00,2,-8.65631202e-01,1.80571807e+00
379,7.59000000e+00,2,-8.65631202e-01,1.80704224e+00
380,7.61000000e+00,2,-8.65631202e-01,1.80837043e+00
381,7.63000000e+00,2,-8.65631202e-01,1.80970264e+00
382,7.65000000e+00,2,-8.65631202e-01,1.81103888e+00
383,7.67000000e+00,2,-8.65631202e-01,1.81237915e+00
384,7.69000000e+00,2,-8.65631202e-01,1.81372345e+00
385,7.71000000e+00,2,-8.65631202e-01,1.81507180e+00
386,7.73000000e+00,2,-8.65631202e-01,1.81642419e+00
387,7.75000000e+00,2,-8.65631202e-01,1.81778063e+00
388,7.77000000e+00,2,-8.65631202e-01,1.81914112e+00
389,7.79000000e+00,2,-8.65631202e-01,1.82050568e+00
390,7.81000000e+00,2,-8.65631202e-01,1.82187430e+00
391,7.83000000e+00,2,-8.65631202e-01,1.82324699e+00
392,7.85000000e+00,2,-8.65631202e-01,1.82462376e+00
393,7.87000000e+00,2,-8.65631202e-01,1.82600460e+00
394,7.89000000e+00,2,-8.65631202e-01,1.82738954e+00
395,7.91000000e+00,2,-8.65631202e-01,1.82877856e+00
396,7.93000000e+00,2,-8.65631202e-01,1.83017168e+00
397,7.95000000e+00,2,-8.65631202e-01,1.83156890e+00
398,7.97000000e+00,2,-8.65631202e-01,1.83297022e+00
399,7.99000000e+00,2,-8.65631202e-01,1.83437565e+00
400,8.01000000e+00,2,-8.65631202e-01,1.83578520e+00
401,8.03000000e+00,2,-8.65631202e-01,1.83719887e+00
402,8.05000000e+00,2,-8.65631202e-01,1.83861666e+00
403,8.07000000e+00,2,-8.65631202e-01,1.84003859e+00
404,8.09000000e+00,2,-8.65631202e-01,1.84146465e+00
405,8.11000000e+00,2,-8.65631202e-01,1.84289485e+00
406,8.13000000e+00,2,-8.65631202e-01,1.84432919e+00
407,8.15000000e+00,2,-8.65631202e-01,1.84576769e+00
408,8.17000000e+00,2,-8.65631202e-01,1.84721034e+00
409,8.19000000e+00,2,-8.65631202e-01,1.84865715e+00
410,8.21000000e+00,2,-8.65631202e-01,1.85010812e+00
411,8.23000000e+00,2,-8.65631202e-01,1.85156327e+00
412,8.25000000e+00,2,-8.65631202e-01,1.85302259e+00
413,8.27000000e+00,2,-8.65631202e-01,1.85448608e+00
414,8.29000000e+00,2,-8.65631202e-01,1.85595377e+00
415,8.31000000e+00,2,-8.65631202e-01,1.85742564e+00
416,8.33000000e+00,2,-8.65631202e-01,1.85890170e+00
417,8.35000000e+00,2,-8.65631202e-01,1.86038197e+00
418,8.37000000e+00,2,-8.65631202e-01,1.86186643e+00
419,8.39000000e+00,2,-8.65631202e-01,1.86335511e+00
420,8.41000000e+00,2,-8.65631202e-01,1.86484799e+00
421,8.43000000e+00,2,-8.65631202e-01,1.86634510e+00
422,8.45000000e+00,2,-8.65631202e-01,1.86784643e+00
423,8.47000000e+00,2,-8.65631202e-01,1.86935198e+00
424,8.49000000e+00,2,-8.65631202e-01,1.87086177e+00
425,8.51000000e+00,2,-8.65631202e-01,1.87237579e+00
426,8.53000000e+00,2,-8.65631202e-01,1.87389406e+00
427,8.55000000e+00,2,-8.65631202e-01,1.87541657e+00
428,8.57000000e+00,2,-8.65631202e-01,1.87694334e+00
429,8.59000000e+00,2,-8.65631202e-01,1.87847436e+00
430,8.61000000e+00,2,-8.65631202e-01,1.88000965e+00
431,8.63000000e+00,2,-8.65631202e-01,1.88154920e+00
432,8.65000000e+00,2,-8.65631202e-01,1.88309303e+00
433,8.67000000e+00,2,-8.65631202e-01,1.88464114e+00
434,8.69000000e+00,2,-8.65631202e-01,1.88619353e+00
435,8.71000000e+00,2,-8.65631202e-01,1.88775021e+00
436,8.73000000e+00,2,-8.65631202e-01,1.88931120e+00
437,8.75000000e+00,2,-8.65631202e-01,1.89087649e+00
438,8.77000000e+00,2,-8.65631202e-01,1.89244609e+00
439,8.79000000e+00,2,-8.65631202e-01,1.89402001e+00
440,8.81000000e+00,2,-8.65631202e-01,1.89559826e+00
441,8.83000000e+00,2,-8.65631202e-01,1.89718085e+00
442,8.85000000e+00,2,-8.65631202e-01,1.89876778e+00
443,8.87000000e+00,2,-8.65631202e-01,1.90035906e+00
444,8.89000000e+00,2,-8.65631202e-01,1.90195471e+00
445,8.91000000e+00,2,-8.65631202e-01,1.90355472e+00
446,8.93000000e+00,2,-8.65631202e-01,1.90515912e+00
447,8.95000000e+00,2,-8.65631202e-01,1.90676791e+00
448,8.97000000e+00,2,-8.65631202e-01,1.90838109e+00
449,8.99000000e+00,2,-8.65631202e-01,1.90999868e+00
450,9.01000000e+00,2,-8.65631202e-01,1.91162069e+00
451,9.03000000e+00,2,-8.65631202e-01,1.91324711e+00
452,9.05000000e+00,2,-8.65631202e-01,1.91487797e+00
453,9.07000000e+00,2,-8.65631202e-01,1.91651326e+00
454,9.09000000e+00,2,-8.65631202e-01,1.91815299e+00
455,9.11000000e+00,2,-8.65631202e-01,1.91979715e+00
456,9.13000000e+00,2,-8.65631202e-01,1.92144574e+00
457,9.15000000e+00,2,-8.65631202e-01,1.92309876e+00
458,9.17000000e+00,2,-8.65631202e-01,1.92475619e+00
459,9.19000000e+00,2,-8.65631202e-01,1.92641802e+00
460,9.21000000e+00,2,-8.65631202e-01,1.92808422e+00
461,9.23000000e+00,2,-8.65631202e-01,1.92975476e+00
462,9.25000000e+00,2,-8.65631202e-01,1.93142960e+00
463,9.27000000e+00,2,-8.65631202e-01,1.93310868e+00
464,9.29000000e+00,2,-8.65631202e-01,1.93479194e+00
465,9.31000000e+00,2,-8.65631202e-01,1.93647930e+00
466,9.33000000e+00,2,-8.65631202e-01,1.93817066e+00
467,9.35000000e+00,2,-8.65631202e-01,1.93986592e+00
468,9.37000000e+00,2,-8.65631202e-01,1.94156495e+00
469,9.39000000e+00,2,-8.65631202e-01,1.94326758e+00
470,9.41000000e+00,2,-8.65631202e-01,1.94497364e+00
471,9.43000000e+00,2,-8.65631202e-01,1.94668294e+00
472,9.45000000e+00,2,-8.65631202e-01,1.94839524e+00
473,9.47000000e+00,2,-8.65631202e-01,1.95011030e+00
474,9.49000000e+00,2,-8.65631202e-01,1.95182783e+00
475,9.51000000e+00,2,-8.65631202e-01,1.95354751e+00
476,9.53000000e+00,2,-8.65631202e-01,1.95526902e+00
477,9.55000000e+00,2,-8.65631202e-01,1.95699196e+00
478,9.57000000e+00,2,-8.65631202e-01,1.95871596e+00
479,9.59000000e+00,2,-8.65631202e-01,1.96044056e+00
480,9.61000000e+00,2,-8.65631202e-01,1.96216533e+00
481,9.63000000e+00,2,-8.65631202e-01,1.96388975e+00
482,9.65000000e+00,2,-8.65631202e-01,1.96561331e+00
483,9.67000000e+00,2,-8.65631202e-01,1.96733545e+00
484,9.69000000e+00,2,-8.65631202e-01,1.96905555e+00
485,9.71000000e+00,2,-8.65631202e-01,1.97077294e+00
486,9.73000000e+00,2,-8.65631202e-01,1.97248685e+00
487,9.75000000e+00,2,-8.65631202e-01,1.97419640e+00
488,9.77000000e+00,2,-8.65631202e-01,1.97590051e+00
489,9.79000000e+00,2,-8.65631202e-01,1.97759785e+00
490,9.81000000e+00,2,-8.65631202e-01,1.97928674e+00
491,9.83000000e+00,2,-8.65631202e-01,1.98096496e+00
492,9.85000000e+00,2,-8.65631202e-01,1.98262962e+00
493,9.87000000e+00,2,-8.65631202e-01,1.98427684e+00
494,9.89000000e+00,2,-8.65631202e-01,1.98590149e+00
495,9.91000000e+00,2,-8.65631202e-01,1.98749672e+00
496,9.93000000e+00,2,-8.65631202e-01,1.98905340e+00
497,9.95000000e+00,2,-8.65631202e-01,1.99055906e+00
498,9.97000000e+00,2,-8.65631202e-01,1.99199479e+00
499,9.99000000e+00,2,-8.65631202e-01,1.99332425e+00
0,1.00000000e-02,3,-7.55404408e-01,1.56067187e+00
1,3.00000000e-02,3,-7.55404408e-01,1.56069632e+00
2,5.00000000e-02,3,-7.55404408e-01,1.56072719e+00
3,7.00000000e-02,3,-7.55404408e-01,1.56076162e+00
4,9.00000000e-02,3,-7.55404408e-01,1.56079925e+00
5,1.10000000e-01,3,-7.55404408e-01,1.56084002e+00
6,1.30000000e-01,3,-7.55404408e-01,1.56088390e+00
7,1.50000000e-01,3,-7.55404408e-01,1.56093090e+00
8,1.70000000e-01,3,-7.55404408e-01,1.56098102e+00
9,1.90000000e-01,3,-7.55404408e-01,1.56103425e+00
10,2.10000000e-01,3,-7.55404408e-01,1.56109062e+00
11,2.30000000e-01,3,-7.55404408e-01,1.56115010e+00
12,2.50000000e-01,3,-7.55404408e-01,1.56121272e+00
13,2.70000000e-01,3,-7.55404408e-01,1.56127846e+00
14,2.90000000e-01,3,-7.55404408e-01,1.56134734e+00
15,3.10000000e-01,3,-7.55404408e-01,1.56141935e+00
16,3.30000000e-01,3,-7.55404408e-01,1.56149448e+00
17,3.50000000e-01,3,-7.55404408e-01,1.56157275e+00
18,3.70000000e-01,3,-7.55404408e-01,1.56165416e+00
19,3.90000000e-01,3,-7.55404408e-01,1.56173869e+00
20,4.10000000e-01,3,-7.55404408e-01,1.56182636e+00
21,4.30000000e-01,3,-7.55404408e-01,1.56191717e+00
22,4.50000000e-01,3,-7.55404408e-01,1.56201110e+00
23,4.70000000e-01,3,-7.55404408e-01,1.56210817e+00
24,4.90000000e-01,3,-7.55404408e-01,1.56220837e+00
25,5.10000000e-01,3,-7.55404408e-01,1.56231171e+00
26,5.30000000e-01,3,-7.55404408e-01,1.56241818e+00
27,5.50000000e-01,3,-7.55404408e-01,1.56252779e+00
28,5.70000000e-01,3,-7.55404408e-01,1.56264052e+00
29,5.90000000e-01,3,-7.55404408e-01,1.56275640e+00
30,6.10000000e-01,3,-7.55404408e-01,1.56287540e+00
31,6.30000000e-01,3,-7.55404408e-01,1.56299755e+00
32,6.50000000e-01,3,-7.55404408e-01,1.56312282e+00
33,6.70000000e-01,3,-7.55404408e-01,1.56325123e+00
34,6.90000000e-01,3,-7.55404408e-01,1.56338278e+00
35,7.10000000e-01,3,-7.55404408e-01,1.56351746e+00
36,7.30000000e-01,3,-7.55404408e-01,1.56365528e+00
37,7.50000000e-01,3,-7.55404408e-01,1.56379624e+00
38,7.70000000e-01,3,-7.55404408e-01,1.56394033e+00
39,7.90000000e-01,3,-7.55404408e-01,1.56408756e+00
40,8.10000000e-01,3,-7.55404408e-01,1.56423792e+00
41,8.30000000e-01,3,-7.55404408e-01,1.56439143e+00
42,8.50000000e-01,3,-7.55404408e-01,1.56454807e+00
43,8.70000000e-01,3,-7.55404408e-01,1.56470785e+00
44,8.90000000e-01,3,-7.55404408e-01,1.56487077e+00
45,9.10000000e-01,3,-7.55404408e-01,1.56503683e+00
46,9.30000000e-01,3,-7.55404408e-01,1.56520603e+00
47,9.50000000e-01,3,-7.55404408e-01,1.56537836e+00
48,9.70000000e-01,3,-7.55404408e-01,1.56555384e+00
49,9.90000000e-01,3,-7.55404408e-01,1.56573247e+00
50,1.01000000e+00,3,-7.55404408e-01,1.56591423e+00
51,1.03000000e+00,3,-7.55404408e-01,1.56609913e+00
52,1.05000000e+00,3,-7.55404408e-01,1.56628718e+00
53,1.07000000e+00,3,-7.55404408e-01,1.56647838e+00
54,1.09000000e+00,3,-7.55404408e-01,1.56667271e+00
55,1.11000000e+00,3,-7.55404408e-01,1.56687019e+00
56,1.13000000e+00,3,-7.55404408e-01,1.56707082e+00
57,1.15000000e+00,3,-7.55404408e-01,1.56727459e+00
58,1.17000000e+00,3,-7.55404408e-01,1.56748151e+00
59,1.19000000e+00,3,-7.55404408e-01,1.56769158e+00
60,1.21000000e+00,3,-7.55404408e-01,1.56790480e+00
61,1.23000000e+00,3,-7.55404408e-01,1.56812116e+00
62,1.25000000e+00,3,-7.55404408e-01,1.56834068e+00
63,1.27000000e+00,3,-7.55404408e-01,1.56856334e+00
64,1.29000000e+00,3,-7.55404408e-01,1.56878916e+00
65,1.31000000e+00,3,-7.55404408e-01,1.56901812e+00
66,1.33000000e+00,3,-7.55404408e-01,1.56925024e+00
67,1.35000000e+00,3,-7.55404408e-01,1.56948552e+00
68,1.37000000e+00,3,-7.55404408e-01,1.56972395e+00
69,1.39000000e+00,3,-7.55404408e-01,1.56996553e+00
70,1.41000000e+00,3,-7.55404408e-01,1.57021027e+00
71,1.43000000e+00,3,-7.55404408e-01,1.57045816e+00
72,1.45000000e+00,3,-7.55404408e-01,1.57070922e+00
73,1.47000000e+00,3,-7.55404408e-01,1.57096343e+00
74,1.49000000e+00,3,-7.55404408e-01,1.57122080e+00
75,1.51000000e+00,3,-7.55404408e-01,1.57148133e+00
76,1.53000000e+00,3,-7.55404408e-01,1.57174502e+00
77,1.55000000e+00,3,-7.55404408e-01,1.57201187e+00
78,1.57000000e+00,3,-7.55404408e-01,1.57228189e+00
79,1.59000000e+00,3,-7.55404408e-01,1.57255507e+00
80,1.61000000e+00,3,-7.55404408e-01,1.57283142e+00
81,1.63000000e+00,3,-7.55404408e-01,1.57311093e+00
82,1.65000000e+00,3,-7.55404408e-01,1.57339361e+00
83,1.67000000e+00,3,-7.55404408e-01,1.57367945e+00
84,1.69000000e+00,3,-7.55404408e-01,1.57396847e+00
85,1.71000000e+00,3,-7.55404408e-01,1.57426065e+00
86,1.73000000e+00,3,-7.55404408e-01,1.57455601e+00
87,1.75000000e+00,3,-7.55404408e-01,1.57485453e+00
88,1.77000000e+00,3,-7.55404408e-01,1.57515623e+00
89,1.79000000e+00,3,-7.55404408e-01,1.57546111e+00
90,1.81000000e+00,3,-7.55404408e-01,1.57576916e+00
91,1.83000000e+00,3,-7.55404408e-01,1.57608038e+00
92,1.85000000e+00,3,-7.55404408e-01,1.57639478e+00
93,1.87000000e+00,3,-7.55404408e-01,1.57671236e+00
94,1.89000000e+00,3,-7.55404408e-01,1.57703312e+00
95,1.91000000e+00,3,-7.55404408e-01,1.57735706e+00
96,1.93000000e+00,3,-7.55404408e-01,1.57768419e+00
97,1.95000000e+00,3,-7.55404408e-01,1.57801449e+00
98,1.97000000e+00,3,-7.55404408e-01,1.57834798e+00
99,1.99000000e+00,3,-7.55404408e-01,1.57868466e+00
100,2.01000000e+00,3,-7.55404408e-01,1.57902452e+00
101,2.03000000e+00,3,-7.55404408e-01,1.57936757e+00
102,2.05000000e+00,3,-7.55404408e-01,1.57971381e+00
103,2.07000000e+00,3,-7.55404408e-01,1.58006323e+00
104,2.09000000e+00,3,-7.55404408e-01,1.58041585e+00
105,2.11000000e+00,3,-7.55404408e-01,1.58077167e+00
106,2.13000000e+00,3,-7.55404408e-01,1.58113067e+00
107,2.15000000e+00,3,-7.55404408e-01,1.58149287e+00
108,2.17000000e+00,3,-7.55404408e-01,1.58185827e+00
109,2.19000000e+00,3,-7.55404408e-01,1.58222687e+00
110,2.21000000e+00,3,-7.55404408e-01,1.58259866e+00
111,2.23000000e+00,3,-7.55404408e-01,1.58297366e+00
112,2.25000000e+00,3,-7.55404408e-01,1.58335186e+00
113,2.27000000e+00,3,-7.55404408e-01,1.58373326e+00
114,2.29000000e+00,3,-7.55404408e-01,1.58411786e+00
115,2.31000000e+00,3,-7.55404408e-01,1.58450567e+00
116,2.33000000e+00,3,-7.55404408e-01,1.58489669e+00
117,2.35000000e+00,3,-7.55404408e-01,1.58529092e+00
118,2.37000000e+00,3,-7.55404408e-01,1.58568835e+00
119,2.39000000e+00,3,-7.55404408e-01,1.58608900e+00
120,2.41000000e+00,3,-7.55404408e-01,1.58649286e+00
121,2.43000000e+00,3,-7.55404408e-01,1.58689994e+00
122,2.45000000e+00,3,-7.55404408e-01,1.58731023e+00
123,2.47000000e+00,3,-7.55404408e-01,1.58772374e+00
124,2.49000000e+00,3,-7.55404408e-01,1.58814047e+00
125,2.51000000e+00,3,-7.55404408e-01,1.58856042e+00
126,2.53000000e+00,3,-7.55404408e-01,1.58898359e+00
127,2.55000000e+00,3,-7.55404408e-01,1.58940998e+00
128,2.57000000e+00,3,-7.55404408e-01,1.58983960e+00
129,2.59000000e+00,3,-7.55404408e-01,1.59027245e+00
130,2.61000000e+00,3,-7.55404408e-01,1.59070852e+00
131,2.63000000e+00,3,-7.55404408e-01,1.59114782e+00
132,2.65000000e+00,3,-7.55404408e-01,1.59159036e+00
133,2.67000000e+00,3,-7.55404408e-01,1.59203612e+00
134,2.69000000e+00,3,-7.55404408e-01,1.59248512e+00
135,2.71000000e+00,3,-7.55404408e-01,1.59293736e+00
136,2.73000000e+00,3,-7.55404408e-01,1.59339284e+00
137,2.75000000e+00,3,-7.55404408e-01,1.59385155e+00
138,2.77000000e+00,3,-7.55404408e-01,1.59431351e+00
139,2.79000000e+00,3,-7.55404408e-01,1.59477870e+00
140,2.81000000e+00,3,-7.55404408e-01,1.59524714e+00
141,2.83000000e+00,3,-7.55404408e-01,1.59571883e+00
142,2.85000000e+00,3,-7.55404408e-01,1.59619377e+00
143,2.87000000e+00,3,-7.55404408e-01,1.59667195e+00
144,2.89000000e+00,3,-7.55404408e-01,1.59715339e+00
145,2.91000000e+00,3,-7.55404408e-01,1.59763808e+00
146,2.93000000e+00,3,-7.55404408e-01,1.59812602e+00
147,2.95000000e+00,3,-7.55404408e-01,1.59861722e+00
148,2.97000000e+00,3,-7.55404408e-01,1.59911167e+00
149,2.99000000e+00,3,-7.55404408e-01,1.59960939e+00
150,3.01000000e+00,3,-7.55404408e-01,1.60011037e+00
151,3.03000000e+00,3,-7.55404408e-01,1.60061461e+00
152,3.05000000e+00,3,-7.55404408e-01,1.60112212e+00
153,3.07000000e+00,3,-7.55404408e-01,1.60163289e+00
154,3.09000000e+00,3,-7.55404408e-01,1.60214694e+00
155,3.11000000e+00,3,-7.55404408e-01,1.60266425e+00
156,3.13000000e+00,3,-7.55404408e-01,1.60318484e+00
157,3.15000000e+00,3,-7.55404408e-01,1.60370870e+00
158,3.17000000e+00,3,-7.55404408e-01,1.60423584e+00
159,3.19000000e+00,3,-7.55404408e-01,1.60476625e+00
160,3.21000000e+00,3,-7.55404408e-01,1.60529995e+00
161,3.23000000e+00,3,-7.55404408e-01,1.60583693e+00
162,3.25000000e+00,3,-7.55404408e-01,1.60637719e+00
163,3.27000000e+00,3,-7.55404408e-01,1.60692074e+00
164,3.29000000e+00,3,-7.55404408e-01,1.60746757e+00
165,3.31000000e+00,3,-7.55404408e-01,1.60801770e+00
166,3.33000000e+00,3,-7.55404408e-01,1.60857112e+00
167,3.35000000e+00,3,-7.55404408e-01,1.60912783e+00
168,3.37000000e+00,3,-7.55404408e-01,1.60968784e+00
169,3.39000000e+00,3,-7.55404408e-01,1.61025114e+00
170,3.41000000e+00,3,-7.55404408e-01,1.61081775e+00
171,3.43000000e+00,3,-7.55404408e-01,1.61138766e+00
172,3.45000000e+00,3,-7.55404408e-01,1.61196087e+00
173,3.47000000e+00,3,-7.55404408e-01,1.61253739e+00
174,3.49000000e+00,3,-7.55404408e-01,1.61311722e+00
175,3.51000000e+00,3,-7.55404408e-01,1.61370035e+00
176,3.53000000e+00,3,-7.55404408e-01,1.61428680e+00
177,3.55000000e+00,3,-7.55404408e-01,1.61487657e+00
178,3.57000000e+00,3,-7.55404408e-01,1.61546965e+00
179,3.59000000e+00,3,-7.55404408e-01,1.61606605e+00
180,3.61000000e+00,3,-7.55404408e-01,1.61666577e+00
181,3.63000000e+00,3,-7.55404408e-01,1.61726881e+00
182,3.65000000e+00,3,-7.55404408e-01,1.61787518e+00
183,3.67000000e+00,3,-7.55404408e-01,1.61848488e+00
184,3.69000000e+00,3,-7.55404408e-01,1.61909790e+00
185,3.71000000e+00,3,-7.55404408e-01,1.61971426e+00
186,3.73000000e+00,3,-7.55404408e-01,1.62033395e+00
187,3.75000000e+00,3,-7.55404408e-01,1.62095698e+00
188,3.77000000e+00,3,-7.55404408e-01,1.62158335e+00
189,3.79000000e+00,3,-7.55404408e-01,1.62221306e+00
190,3.81000000e+00,3,-7.55404408e-01,1.62284611e+00
191,3.83000000e+00,3,-7.55404408e-01,1.62348251e+00
192,3.85000000e+00,3,-7.55404408e-01,1.62412225e+00
193,3.87000000e+00,3,-7.55404408e-01,1.62476535e+00
194,3.89000000e+00,3,-7.55404408e-01,1.62541180e+00
195,3.91000000e+00,3,-7.55404408e-01,1.62606160e+00
196,3.93000000e+00,3,-7.55404408e-01,1.62671476e+00
197,3.95000000e+00,3,-7.55404408e-01,1.62737128e+00
198,3.97000000e+00,3,-7.55404408e-01,1.62803116e+00
199,3.99000000e+00,3,-7.55404408e-01,1.62869440e+00
200,4.01000000e+00,3,-7.55404408e-01,1.62936101e+00
201,4.03000000e+00,3,-7.55404408e-01,1.63003100e+00
202,4.05000000e+00,3,-7.55404408e-01,1.63070435e+00
203,4.07000000e+00,3,-7.55404408e-01,1.63138107e+00
204,4.09000000e+00,3,-7.55404408e-01,1.63206118e+00
205,4.11000000e+00,3,-7.55404408e-01,1.63274466e+00
206,4.13000000e+00,3,-7.55404408e-01,1.63343152e+00
207,4.15000000e+00,3,-7.55404408e-01,1.63412177e+00
208,4.17000000e+00,3,-7.55404408e-01,1.63481540e+00
209,4.19000000e+00,3,-7.55404408e-01,1.63551242e+00
210,4.21000000e+00,3,-7.55404408e-01,1.63621283e+00
211,4.23000000e+00,3,-7.55404408e-01,1.63691664e+00
212,4.25000000e+00,3,-7.55404408e-01,1.63762384e+00
213,4.27000000e+00,3,-7.55404408e-01,1.63833444e+00
214,4.29000000e+00,3,-7.55404408e-01,1.63904845e+00
215,4.31000000e+00,3,-7.55404408e-01,1.63976585e+00
216,4.33000000e+00,3,-7.55404408e-01,1.64048667e+00
217,4.35000000e+00,3,-7.55404408e-01,1.64121089e+00
218,4.37000000e+00,3,-7.55404408e-01,1.64193853e+00
219,4.39000000e+00,3,-7.55404408e-01,1.64266958e+00
220,4.41000000e+00,3,-7.55404408e-01,1.64340404e+00
221,4.43000000e+00,3,-7.55404408e-01,1.64414193e+00
222,4.45000000e+00,3,-7.55404408e-01,1.64488324e+00
223,4.47000000e+00,3,-7.55404408e-01,1.64562797e+00
224,4.49000000e+00,3,-7.55404408e-01,1.64637614e+00
225,4.51000000e+00,3,-7.55404408e-01,1.64712773e+00
226,4.53000000e+00,3,-7.55404408e-01,1.64788275e+00
227,4.55000000e+00,3,-7.55404408e-01,1.64864122e+00
228,4.57000000e+00,3,-7.55404408e-01,1.64940312e+00
229,4.59000000e+00,3,-7.55404408e-01,1.65016846e+00
230,4.61000000e+00,3,-7.55404408e-01,1.65093725e+00
231,4.63000000e+00,3,-7.55404408e-01,1.65170948e+00
232,4.65000000e+00,3,-7.55404408e-01,1.65248517e+00
233,4.67000000e+00,3,-7.55404408e-01,1.65326430e+00
234,4.69000000e+00,3,-7.55404408e-01,1.65404690e+00
235,4.71000000e+00,3,-7.55404408e-01,1.65483295e+00
236,4.73000000e+00,3,-7.55404408e-01,1.65562246e+00
237,4.75000000e+00,3,-7.55404408e-01,1.65641543e+00
238,4.77000000e+00,3,-7.55404408e-01,1.65721188e+00
239,4.79000000e+00,3,-7.55404408e-01,1.65801179e+00
240,4.81000000e+00,3,-7.55404408e-01,1.65881518e+00
241,4.83000000e+00,3,-7.55404408e-01,1.65962204e+00
242,4.85000000e+00,3,-7.55404408e-01,1.66043238e+00
243,4.87000000e+00,3,-7.55404408e-01,1.66124620e+00
244,4.89000000e+00,3,-7.55404408e-01,1.66206350e+00
245,4.91000000e+00,3,-7.55404408e-01,1.66288430e+00
246,4.93000000e+00,3,-7.55404408e-01,1.66370858e+00
247,4.95000000e+00,3,-7.55404408e-01,1.66453636e+00
248,4.97000000e+00,3,-7.55404408e-01,1.66536763e+00
249,4.99000000e+00,3,-7.55404408e-01,1.66620241e+00
250,5.01000000e+00,3,-7.55404408e-01,1.66704068e+00
251,5.03000000e+00,3,-7.55404408e-01,1.66788246e+00
252,5.05000000e+00,3,-7.55404408e-01,1.66872775e+00
253,5.07000000e+00,3,-7.55404408e-01,1.66957655e+00
254,5.09000000e+00,3,-7.55404408e-01,1.67042887e+00
255,5.11000000e+00,3,-7.55404408e-01,1.67128470e+00
256,5.13000000e+00,3,-7.55404408e-01,1.67214406e+00
257,5.15000000e+00,3,-7.55404408e-01,1.67300694e+00
258,5.17000000e+00,3,-7.55404408e-01,1.67387334e+00
259,5.19000000e+00,3,-7.55404408e-01,1.67474328e+00
260,5.21000000e+00,3,-7.55404408e-01,1.67561675e+00
261,5.23000000e+00,3,-7.55404408e-01,1.67649375e+00
262,5.25000000e+00,3,-7.55404408e-01,1.67737430e+00
263,5.27000000e+00,3,-7.55404408e-01,1.67825839e+00
264,5.29000000e+00,3,-7.55404408e-01,1.67914602e+00
265,5.31000000e+00,3,-7.55404408e-01,1.68003721e+00
266,5.33000000e+00,3,-7.55404408e-01,1.68093194e+00
267,5.35000000e+00,3,-7.55404408e-01,1.68183023e+00
268,5.37000000e+00,3,-7.55404408e-01,1.68273209e+00
269,5.39000000e+00,3,-7.55404408e-01,1.68363750e+00
270,5.41000000e+00,3,-7.55404408e-01,1.68454648e+00
271,5.43000000e+00,3,-7.55404408e-01,1.68545903e+00
272,5.45000000e+00,3,-7.55404408e-01,1.68637515e+00
273,5.47000000e+00,3,-7.55404408e-01,1.68729485e+00
274,5.49000000e+00,3,-7.55404408e-01,1.68821812e+00
275,5.51000000e+00,3,-7.55404408e-01,1.68914498e+00
276,5.53000000e+00,3,-7.55404408e-01,1.69007543e+00
277,5.55000000e+00,3,-7.55404408e-01,1.69100946e+00
278,5.57000000e+00,3,-7.55404408e-01,1.69194708e+00
279,5.59000000e+00,3,-7.55404408e-01,1.69288831e+00
280,5.61000000e+00,3,-7.55404408e-01,1.69383313e+00
281,5.63000000e+00,3,-7.55404408e-01,1.69478155e+00
282,5.65000000e+00,3,-7.55404408e-01,1.69573358e+00
283,5.67000000e+00,3,-7.55404408e-01,1.69668922e+00
284,5.69000000e+00,3,-7.55404408e-01,1.69764847e+00
285,5.71000000e+00,3,-7.55404408e-01,1.69861134e+00
286,5.73000000e+00,3,-7.55404408e-01,1.69957783e+00
287,5.75000000e+00,3,-7.55404408e-01,1.70054794e+00
288,5.77000000e+00,3,-7.55404408e-01,1.70152168e+00
289,5.79000000e+00,3,-7.55404408e-01,1.70249905e+00
290,5.81000000e+00,3,-7.55404408e-01,1.70348005e+00
291,5.83000000e+00,3,-7.55404408e-01,1.70446470e+00
292,5.85000000e+00,3,-7.55404408e-01,1.70545298e+00
293,5.87000000e+00,3,-7.55404408e-01,1.70644491e+00
294,5.89000000e+00,3,-7.55404408e-01,1.70744049e+00
295,5.91000000e+00,3,-7.55404408e-01,1.70843972e+00
296,5.93000000e+00,3,-7.55404408e-01,1.70944260e+00
297,5.95000000e+00,3,-7.55404408e-01,1.71044915e+00
298,5.97000000e+00,3,-7.55404408e-01,1.71145935e+00
299,5.99000000e+00,3,-7.55404408e-01,1.71247323e+00
300,6.01000000e+00,3,-7.55404408e-01,1.71349077e+00
301,6.03000000e+00,3,-7.55404408e-01,1.71451199e+00
302,6.05000000e+00,3,-7.55404408e-01,1.71553689e+00
303,6.07000000e+00,3,-7.55404408e-01,1.71656547e+00
304,6.09000000e+00,3,-7.55404408e-01,1.71759773e+00
305,6.11000000e+00,3,-7.55404408e-01,1.71863368e+00
306,6.13000000e+00,3,-7.55404408e-01,1.71967333e+00
307,6.15000000e+00,3,-7.55404408e-01,1.72071667e+00
308,6.17000000e+00,3,-7.55404408e-01,1.72176372e+00
309,6.19000000e+00,3,-7.55404408e-01,1.72281446e+00
310,6.21000000e+00,3,-7.55404408e-01,1.72386892e+00
311,6.23000000e+00,3,-7.55404408e-01,1.72492709e+00
312,6.25000000e+00,3,-7.55404408e-01,1.72598897e+00
313,6.27000000e+00,3,-7.55404408e-01,1.72705457e+00
314,6.29000000e+00,3,-7.55404408e-01,1.72812390e+00
315,6.31000000e+00,3,-7.55404408e-01,1.72919695e+00
316,6.33000000e+00,3,-7.55404408e-01,1.73027374e+00
317,6.35000000e+00,3,-7.55404408e-01,1.73135426e+00
318,6.37000000e+00,3,-7.55404408e-01,1.73243852e+00
319,6.39000000e+00,3,-7.55404408e-01,1.73352652e+00
320,6.41000000e+00,3,-7.55404408e-01,1.73461827e+00
321,6.43000000e+00,3,-7.55404408e-01,1.73571377e+00
322,6.45000000e+00,3,-7.55404408e-01,1.73681303e+00
323,6.47000000e+00,3,-7.55404408e-01,1.73791605e+00
324,6.49000000e+00,3,-7.55404408e-01,1.73902282e+00
325,6.51000000e+00,3,-7.55404408e-01,1.74013337e+00
326,6.53000000e+00,3,-7.55404408e-01,1.74124769e+00
327,6.55000000e+00,3,-7.55404408e-01,1.74236578e+00
328,6.57000000e+00,3,-7.55404408e-01,1.74348765e+00
329,6.59000000e+00,3,-7.55404408e-01,1.74461330e+00
330,6.61000000e+00,3,-7.55404408e-01,1.74574275e+00
331,6.63000000e+00,3,-7.55404408e-01,1.74687598e+00
332,6.65000000e+00,3,-7.55404408e-01,1.74801301e+00
333,6.67000000e+00,3,-7.55404408e-01,1.74915384e+00
334,6.69000000e+00,3,-7.55404408e-01,1.75029847e+00
335,6.71000000e+00,3,-7.55404408e-01,1.75144691e+00
336,6.73000000e+00,3,-7.55404408e-01,1.75259917e+00
337,6.75000000e+00,3,-7.55404408e-01,1.75375524e+00
338,6.77000000e+00,3,-7.55404408e-01,1.75491513e+00
339,6.79000000e+00,3,-7.55404408e-01,1.75607885e+00
340,6.81000000e+00,3,-7.55404408e-01,1.75724639e+00
341,6.83000000e+00,3,-7.55404408e-01,1.75841777e+00
342,6.85000000e+00,3,-7.55404408e-01,1.75959299e+00
343,6.87000000e+00,3,-7.55404408e-01,1.76077205e+00
344,6.89000000e+00,3,-7.55404408e-01,1.76195496e+00
345,6.91000000e+00,3,-7.55404408e-01,1.76314171e+00
346,6.93000000e+00,3,-7.55404408e-01,1.76433232e+00
347,6.95000000e+00,3,-7.55404408e-01,1.76552680e+00
348,6.97000000e+00,3,-7.55404408e-01,1.76672513e+00
349,6.99000000e+00,3,-7.55404408e-01,1.76792733e+00
350,7.01000000e+00,3,-7.55404408e-01,1.76913341e+00
351,7.03000000e+00,3,-7.55404408e-01,1.77034336e+00
352,7.05000000e+00,3,-7.55404408e-01,1.77155720e+00
353,7.07000000e+00,3,-7.55404408e-01,1.77277492e+00
354,7.09000000e+00,3,-7.55404408e-01,1.77399653e+00
355,7.11000000e+00,3,-7.55404408e-01,1.77522203e+00
356,7.13000000e+00,3,-7.55404408e-01,1.77645144e+00
357,7.15000000e+00,3,-7.55404408e-01,1.77768475e+00
358,7.17000000e+00,3,-7.55404408e-01,1.77892196e+00
359,7.19000000e+00,3,-7.55404408e-01,1.78016309e+00
360,7.21000000e+00,3,-7.55404408e-01,1.78140814e+00
361,7.23000000e+00,3,-7.55404408e-01,1.78265711e+00
362,7.25000000e+00,3,-7.55404408e-01,1.78391000e+00
363,7.27000000e+00,3,-7.55404408e-01,1.78516683e+00
364,7.29000000e+00,3,-7.55404408e-01,1.78642759e+00
365,7.31000000e+00,3,-7.55404408e-01,1.78769229e+00
366,7.33000000e+00,3,-7.55404408e-01,1.78896094e+00
367,7.35000000e+00,3,-7.55404408e-01,1.79023354e+00
368,7.37000000e+00,3,-7.55404408e-01,1.79151009e+00
369,7.39000000e+00,3,-7.55404408e-01,1.79279060e+00
370,7.41000000e+00,3,-7.55404408e-01,1.79407507e+00
371,7.43000000e+00,3,-7.55404408e-01,1.79536351e+00
372,7.45000000e+00,3,-7.55404408e-01,1.79665593e+00
373,7.47000000e+00,3,-7.55404408e-01,1.79795232e+00
374,7.49000000e+00,3,-7.55404408e-01,1.79925269e+00
375,7.51000000e+00,3,-7.55404408e-01,1.80055706e+00
376,7.53000000e+00,3,-7.55404408e-01,1.80186541e+00
377,7.55000000e+00,3,-7.55404408e-01,1.80317776e+00
378,7.57000000e+00,3,-7.55404408e-01,1.80449411e+00
379,7.59000000e+00,3,-7.55404408e-01,1.80581447e+00
380,7.61000000e+00,3,-7.55404408e-01,1.80713885e+00
381,7.63000000e+00,3,-7.55404408e-01,1.80846723e+00
382,7.65000000e+00,3,-7.55404408e-01,1.80979964e+00
383,7.67000000e+00,3,-7.55404408e-01,1.81113608e+00
384,7.69000000e+00,3,-7.55404408e-01,1.81247654e+00
385,7.71000000e+00,3,-7.55404408e-01,1.81382104e+00
386,7.73000000e+00,3,-7.55404408e-01,1.81516959e+00
387,7.75000000e+00,3,-7.55404408e-01,1.81652217e+00
388,7.77000000e+00,3,-7.55404408e-01,1.81787881e+00
389,7.79000000e+00,3,-7.55404408e-01,1.81923951e+00
390,7.81000000e+00,3,-7.55404408e-01,1.82060426e+00
391,7.83000000e+00,3,-7.55404408e-01,1.82197309e+00
392,7.85000000e+00,3,-7.55404408e-01,1.82334598e+00
393,7.87000000e+00,3,-7.55404408e-01,1.82472294e+00
394,7.89000000e+00,3,-7.55404408e-01,1.82610399e+00
395,7.91000000e+00,3,-7.55404408e-01,1.82748913e+00
396,7.93000000e+00,3,-7.55404408e-01,1.82887835e+00
397,7.95000000e+00,3,-7.55404408e-01,1.83027167e+00
398,7.97000000e+00,3,-7.55404408e-01,1.83166909e+00
399,7.99000000e+00,3,-7.55404408e-01,1.83307062e+00
400,8.01000000e+00,3,-7.55404408e-01,1.83447626e+00
401,8.03000000e+00,3,-7.55404408e-01,1.83588601e+00
402,8.05000000e+00,3,-7.55404408e-01,1.83729988e+00
403,8.07000000e+00,3,-7.55404408e-01,1.83871788e+00
404,8.09000000e+00,3,-7.55404408e-01,1.84014001e+00
405,8.11000000e+00,3,-7.55404408e-01,1.84156628e+00
406,8.13000000e+00,3,-7.55404408e-01,1.84299669e+00
407,8.15000000e+00,3,-7.55404408e-01,1.84443124e+00
408,8.17000000e+00,3,-7.55404408e-01,1.84586995e+00
409,8.19000000e+00,3,-7.55404408e-01,1.84731281e+00
410,8.21000000e+00,3,-7.55404408e-01,1.84875983e+00
411,8.23000000e+00,3,-7.55404408e-01,1.85021102e+00
412,8.25000000e+00,3,-7.55404408e-01,1.85166637e+00
413,8.27000000e+00,3,-7.55404408e-01,1.85312591e+00
414,8.29000000e+00,3,-7.55404408e-01,1.85458962e+00
415,8.31000000e+00,3,-7.55404408e-01,1.85605752e+00
416,8.33000000e+00,3,-7.55404408e-01,1.85752961e+00
417,8.35000000e+00,3,-7.55404408e-01,1.85900589e+00
418,8.37000000e+00,3,-7.55404408e-01,1.86048638e+00
419,8.39000000e+00,3,-7.55404408e-01,1.86197107e+00
420,8.41000000e+00,3,-7.55404408e-01,1.86345997e+00
421,8.43000000e+00,3,-7.55404408e-01,1.86495309e+00
422,8.45000000e+00,3,-7.55404408e-01,1.86645042e+00
423,8.47000000e+00,3,-7.55404408e-01,1.86795198e+00
424,8.49000000e+00,3,-7.55404408e-01,1.86945778e+00
425,8.51000000e+00,3,-7.55404408e-01,1.87096780e+00
426,8.53000000e+00,3,-7.55404408e-01,1.87248207e+00
427,8.55000000e+00,3,-7.55404408e-01,1.87400059e+00
428,8.57000000e+00,3,-7.55404408e-01,1.87552336e+00
429,8.59000000e+00,3,-7.55404408e-01,1.87705039e+00
430,8.61000000e+00,3,-7.55404408e-01,1.87858168e+00
431,8.63000000e+00,3,-7.55404408e-01,1.88011724e+00
432,8.65000000e+00,3,-7.55404408e-01,1.88165708e+00
433,8.67000000e+00,3,-7.55404408e-01,1.88320121e+00
434,8.69000000e+00,3,-7.55404408e-01,1.88474963e+00
435,8.71000000e+00,3,-7.55404408e-01,1.88630235e+00
436,8.73000000e+00,3,-7.55404408e-01,1.88785938e+00
437,8.75000000e+00,3,-7.55404408e-01,1.88942072e+00
438,8.77000000e+00,3,-7.55404408e-01,1.89098639e+00
439,8.79000000e+00,3,-7.55404408e-01,1.89255640e+00
440,8.81000000e+00,3,-7.55404408e-01,1.89413076e+00
441,8.83000000e+00,3,-7.55404408e-01,1.89570948e+00
442,8.85000000e+00,3,-7.55404408e-01,1.89729257e+00
443,8.87000000e+00,3,-7.55404408e-01,1.89888004e+00
444,8.89000000e+00,3,-7.55404408e-01,1.90047192e+00
445,8.91000000e+00,3,-7.55404408e-01,1.90206821e+00
446,8.93000000e+00,3,-7.55404408e-01,1.90366893e+00
447,8.95000000e+00,3,-7.55404408e-01,1.90527410e+00
448,8.97000000e+00,3,-7.55404408e-01,1.90688373e+00
449,8.99000000e+00,3,-7.55404408e-01,1.90849785e+00
450,9.01000000e+00,3,-7.55404408e-01,1.91011647e+00
451,9.03000000e+00,3,-7.55404408e-01,1.91173962e+00
452,9.05000000e+00,3,-7.55404408e-01,1.91336731e+00
453,9.07000000e+00,3,-7.55404408e-01,1.91499957e+00
454,9.09000000e+00,3,-7.55404408e-01,1.91663640e+00
455,9.11000000e+00,3,-7.55404408e-01,1.91827785e+00
456,9.13000000e+00,3,-7.55404408e-01,1.91992391e+00
457,9.15000000e+00,3,-7.55404408e-01,1.92157461e+00
458,9.17000000e+00,3,-7.55404408e-01,1.92322997e+00
459,9.19000000e+00,3,-7.55404408e-01,1.92489000e+00
460,9.21000000e+00,3,-7.55404408e-01,1.92655469e+00
461,9.23000000e+00,3,-7.55404408e-01,1.92822407e+00
462,9.25000000e+00,3,-7.55404408e-01,1.92989812e+00
463,9.27000000e+00,3,-7.55404408e-01,1.93157684e+00
464,9.29000000e+00,3,-7.55404408e-01,1.93326020e+00
465,9.31000000e+00,3,-7.55404408e-01,1.93494819e+00
466,9.33000000e+00,3,-7.55404408e-01,1.93664076e+00
467,9.35000000e+00,3,-7.55404408e-01,1.93833788e+00
468,9.37000000e+00,3,-7.55404408e-01,1.94003946e+00
469,9.39000000e+00,3,-7.55404408e-01,1.94174544e+00
470,9.41000000e+00,3,-7.55404408e-01,1.94345573e+00
471,9.43000000e+00,3,-7.55404408e-01,1.94517022e+00
472,9.45000000e+00,3,-7.55404408e-01,1.94688877e+00
473,9.47000000e+00,3,-7.55404408e-01,1.94861124e+00
474,9.49000000e+00,3,-7.55404408e-01,1.95033749e+00
475,9.51000000e+00,3,-7.55404408e-01,1.95206731e+00
476,9.53000000e+00,3,-7.55404408e-01,1.95380053e+00
477,9.55000000e+00,3,-7.55404408e-01,1.95553694e+00
478,9.57000000e+00,3,-7.55404408e-01,1.95727631e+00
479,9.59000000e+00,3,-7.55404408e-01,1.95901842e+00
480,9.61000000e+00,3,-7.55404408e-01,1.96076304e+00
481,9.63000000e+00,3,-7.55404408e-01,1.96250993e+00
482,9.65000000e+00,3,-7.55404408e-01,1.96425884e+00
483,9.67000000e+00,3,-7.55404408e-01,1.96600954e+00
484,9.69000000e+00,3,-7.55404408e-01,1.96776175e+00
485,9.71000000e+00,3,-7.55404408e-01,1.96951520e+00
486,9.73000000e+00,3,-7.55404408e-01,1.97126955e+00
487,9.75000000e+00,3,-7.55404408e-01,1.97302440e+00
488,9.77000000e+00,3,-7.55404408e-01,1.97477919e+00
489,9.79000000e+00,3,-7.55404408e-01,1.97653315e+00
490,9.81000000e+00,3,-7.55404408e-01,1.97828516e+00
491,9.83000000e+00,3,-7.55404408e-01,1.98003364e+00
492,9.85000000e+00,3,-7.55404408e-01,1.98177626e+00
493,9.87000000e+00,3,-7.55404408e-01,1.98350974e+00
494,9.89000000e+00,3,-7.55404408e-01,1.98522940e+00
495,9.91000000e+00,3,-7.55404408e-01,1.98692875e+00
496,9.93000000e+00,3,-7.55404408e-01,1.98859876e+00
497,9.95000000e+00,3,-7.55404408e-01,1.99022667e+00
498,9.97000000e+00,3,-7.55404408e-01,1.99179249e+00
499,9.99000000e+00,3,-7.55404408e-01,1.99325650e+00
0,1.00000000e-02,4,-6.17876244e-01,1.56066960e+00
1,3.00000000e-02,4,-6.17876244e-01,1.56069056e+00
2,5.00000000e-02,4,-6.17876244e-01,1.56071758e+00
3,7.00000000e-02,4,-6.17876244e-01,1.56074807e+00
4,9.00000000e-02,4,-6.17876244e-01,1.56078173e+00
5,1.10000000e-01,4,-6.17876244e-01,1.56081851e+00
6,1.30000000e-01,4,-6.17876244e-01,1.56085840e+00
7,1.50000000e-01,4,-6.17876244e-01,1.56090141e+00
8,1.70000000e-01,4,-6.17876244e-01,1.56094755e+00
9,1.90000000e-01,4,-6.17876244e-01,1.56099683e+00
10,2.10000000e-01,4,-6.17876244e-01,1.56104923e+00
11,2.30000000e-01,4,-6.17876244e-01,1.56110477e+00
12,2.50000000e-01,4,-6.17876244e-01,1.56116345e+00
13,2.70000000e-01,4,-6.17876244e-01,1.56122526e+00
14,2.90000000e-01,4,-6.17876244e-01,1.56129021e+00
15,3.10000000e-01,4,-6.17876244e-01,1.56135830e+00
16,3.30000000e-01,4,-6.17876244e-01,1.56142952e+00
17,3.50000000e-01,4,-6.17876244e-01,1.56150389e+00
18,3.70000000e-01,4,-6.17876244e-01,1.56158139e+00
19,3.90000000e-01,4,-6.17876244e-01,1.56166202e+00
20,4.10000000e-01,4,-6.17876244e-01,1.56174579e+00
21,4.30000000e-01,4,-6.17876244e-01,1.56183270e+00
22,4.50000000e-01,4,-6.17876244e-01,1.56192274e+00
23,4.70000000e-01,4,-6.17876244e-01,1.56201592e+00
24,4.90000000e-01,4,-6.17876244e-01,1.56211223e+00
25,5.10000000e-01,4,-6.17876244e-01,1.56221168e+00
26,5.30000000e-01,4,-6.17876244e-01,1.56231426e+00
27,5.50000000e-01,4,-6.17876244e-01,1.56241997e+00
28,5.70000000e-01,4,-6.17876244e-01,1.56252882e+00
29,5.90000000e-01,4,-6.17876244e-01,1.56264080e+00
30,6.10000000e-01,4,-6.17876244e-01,1.56275592e+00
31,6.30000000e-01,4,-6.17876244e-01,1.56287417e+00
32,6.50000000e-01,4,-6.17876244e-01,1.56299555e+00
33,6.70000000e-01,4,-6.17876244e-01,1.56312007e+00
34,6.90000000e-01,4,-6.17876244e-01,1.56324773e+00
35,7.10000000e-01,4,-6.17876244e-01,1.56337851e+00
36,7.30000000e-01,4,-6.17876244e-01,1.56351243e+00
37,7.50000000e-01,4,-6.17876244e-01,1.56364949e+00
38,7.70000000e-01,4,-6.17876244e-01,1.56378968e+00
39,7.90000000e-01,4,-6.17876244e-01,1.56393301e+00
40,8.10000000e-01,4,-6.17876244e-01,1.56407947e+00
41,8.30000000e-01,4,-6.17876244e-01,1.56422907e+00
42,8.50000000e-01,4,-6.17876244e-01,1.56438181e+00
43,8.70000000e-01,4,-6.17876244e-01,1.56453768e+00
44,8.90000000e-01,4,-6.17876244e-01,1.56469669e+00
45,9.10000000e-01,4,-6.17876244e-01,1.56485883e+00
46,9.30000000e-01,4,-6.17876244e-01,1.56502412e+00
47,9.50000000e-01,4,-6.17876244e-01,1.56519254e+00
48,9.70000000e-01,4,-6.17876244e-01,1.56536411e+00
49,9.90000000e-01,4,-6.17876244e-01,1.56553881e+00
50,1.01000000e+00,4,-6.17876244e-01,1.56571665e+00
51,1.03000000e+00,4,-6.17876244e-01,1.56589764e+00
52,1.05000000e+00,4,-6.17876244e-01,1.56608176e+00
53,1.07000000e+00,4,-6.17876244e-01,1.56626903e+00
54,1.09000000e+00,4,-6.17876244e-01,1.56645944e+00
55,1.11000000e+00,4,-6.17876244e-01,1.56665299e+00
56,1.13000000e+00,4,-6.17876244e-01,1.56684969e+00
57,1.15000000e+00,4,-6.17876244e-01,1.56704953e+00
58,1.17000000e+00,4,-6.17876244e-01,1.56725252e+00
59,1.19000000e+00,4,-6.17876244e-01,1.56745865e+00
60,1.21000000e+00,4,-6.17876244e-01,1.56766793e+00
61,1.23000000e+00,4,-6.17876244e-01,1.56788035e+00
62,1.25000000e+00,4,-6.17876244e-01,1.56809592e+00
63,1.27000000e+00,4,-6.17876244e-01,1.56831465e+00
64,1.29000000e+00,4,-6.17876244e-01,1.56853652e+00
65,1.31000000e+00,4,-6.17876244e-01,1.56876154e+00
66,1.33000000e+00,4,-6.17876244e-01,1.56898971e+00
67,1.35000000e+00,4,-6.17876244e-01,1.56922104e+00
68,1.37000000e+00,4,-6.17876244e-01,1.56945551e+00
69,1.39000000e+00,4,-6.17876244e-01,1.56969314e+00
70,1.41000000e+00,4,-6.17876244e-01,1.56993393e+00
71,1.43000000e+00,4,-6.17876244e-01,1.57017786e+00
72,1.45000000e+00,4,-6.17876244e-01,1.57042496e+00
73,1.47000000e+00,4,-6.17876244e-01,1.57067521e+00
74,1.49000000e+00,4,-6.17876244e-01,1.57092862e+00
75,1.51000000e+00,4,-6.17876244e-01,1.57118519e+00
76,1.53000000e+00,4,-6.17876244e-01,1.57144491e+00
77,1.55000000e+00,4,-6.17876244e-01,1.57170780e+00
78,1.57000000e+00,4,-6.17876244e-01,1.57197385e+00
79,1.59000000e+00,4,-6.17876244e-01,1.57224306e+00
80,1.61000000e+00,4,-6.17876244e-01,1.57251543e+00
81,1.63000000e+00,4,-6.17876244e-01,1.57279097e+00
82,1.65000000e+00,4,-6.17876244e-01,1.57306968e+00
83,1.67000000e+00,4,-6.17876244e-01,1.57335154e+00
84,1.69000000e+00,4,-6.17876244e-01,1.57363658e+00
85,1.71000000e+00,4,-6.17876244e-01,1.57392479e+00
86,1.73000000e+00,4,-6.17876244e-01,1.57421616e+00
87,1.75000000e+00,4,-6.17876244e-01,1.57451070e+00
88,1.77000000e+00,4,-6.17876244e-01,1.57480842e+00
89,1.79000000e+00,4,-6.17876244e-01,1.57510930e+00
90,1.81000000e+00,4,-6.17876244e-01,1.57541336e+00
91,1.83000000e+00,4,-6.17876244e-01,1.57572060e+00
92,1.85000000e+00,4,-6.17876244e-01,1.57603101e+00
93,1.87000000e+00,4,-6.17876244e-01,1.57634460e+00
94,1.89000000e+00,4,-6.17876244e-01,1.57666136e+00
95,1.91000000e+00,4,-6.17876244e-01,1.57698131e+00
96,1.93000000e+00,4,-6.17876244e-01,1.57730443e+00
97,1.95000000e+00,4,-6.17876244e-01,1.57763074e+00
98,1.97000000e+00,4,-6.17876244e-01,1.57796022e+00
99,1.99000000e+00,4,-6.17876244e-01,1.57829289e+00
100,2.01000000e+00,4,-6.17876244e-01,1.57862875e+00
101,2.03000000e+00,4,-6.17876244e-01,1.57896779e+00
102,2.05000000e+00,4,-6.17876244e-01,1.57931002e+00
103,2.07000000e+00,4,-6.17876244e-01,1.57965544e+00
104,2.09000000e+00,4,-6.17876244e-01,1.58000405e+00
105,2.11000000e+00,4,-6.17876244e-01,1.58035584e+00
106,2.13000000e+00,4,-6.17876244e-01,1.58071083e+00
107,2.15000000e+00,4,-6.17876244e-01,1.58106902e+00
108,2.17000000e+00,4,-6.17876244e-01,1.58143040e+00
109,2.19000000e+00,4,-6.17876244e-01,1.58179497e+00
110,2.21000000e+00,4,-6.17876244e-01,1.58216274e+00
111,2.23000000e+00,4,-6.17876244e-01,1.58253371e+00
112,2.25000000e+00,4,-6.17876244e-01,1.58290788e+00
113,2.27000000e+00,4,-6.17876244e-01,1.58328525e+00
114,2.29000000e+00,4,-6.17876244e-01,1.58366583e+00
115,2.31000000e+00,4,-6.17876244e-01,1.58404961e+00
116,2.33000000e+00,4,-6.17876244e-01,1.58443659e+00
117,2.35000000e+00,4,-6.17876244e-01,1.58482678e+00
118,2.37000000e+00,4,-6.17876244e-01,1.58522018e+00
119,2.39000000e+00,4,-6.17876244e-01,1.58561679e+00
120,2.41000000e+00,4,-6.17876244e-01,1.58601661e+00
121,2.43000000e+00,4,-6.17876244e-01,1.58641964e+00
122,2.45000000e+00,4,-6.17876244e-01,1.58682589e+00
123,2.47000000e+00,4,-6.17876244e-01,1.58723535e+00
124,2.49000000e+00,4,-6.17876244e-01,1.58764803e+00
125,2.51000000e+00,4,-6.17876244e-01,1.58806393e+00
126,2.53000000e+00,4,-6.17876244e-01,1.58848304e+00
127,2.55000000e+00,4,-6.17876244e-01,1.58890538e+00
128,2.57000000e+00,4,-6.17876244e-01,1.58933095e+00
129,2.59000000e+00,4,-6.17876244e-01,1.58975973e+00
130,2.61000000e+00,4,-6.17876244e-01,1.59019174e+00
131,2.63000000e+00,4,-6.17876244e-01,1.59062698e+00
132,2.65000000e+00,4,-6.17876244e-01,1.59106545e+00
133,2.67000000e+00,4,-6.17876244e-01,1.59150715e+00
134,2.69000000e+00,4,-6.17876244e-01,1.59195208e+00
135,2.71000000e+00,4,-6.17876244e-01,1.59240025e+00
136,2.73000000e+00,4,-6.17876244e-01,1.59285165e+00
137,2.75000000e+00,4,-6.17876244e-01,1.59330629e+00
138,2.77000000e+00,4,-6.17876244e-01,1.59376417e+00
139,2.79000000e+00,4,-6.17876244e-01,1.59422528e+00
140,2.81000000e+00,4,-6.17876244e-01,1.59468964e+00
141,2.83000000e+00,4,-6.17876244e-01,1.59515725e+00
142,2.85000000e+00,4,-6.17876244e-01,1.59562810e+00
143,2.87000000e+00,4,-6.17876244e-01,1.59610219e+00
144,2.89000000e+00,4,-6.17876244e-01,1.59657954e+00
145,2.91000000e+00,4,-6.17876244e-01,1.59706013e+00
146,2.93000000e+00,4,-6.17876244e-01,1.59754398e+00
147,2.95000000e+00,4,-6.17876244e-01,1.59803108e+00
148,2.97000000e+00,4,-6.17876244e-01,1.59852144e+00
149,2.99000000e+00,4,-6.17876244e-01,1.59901506e+00
150,3.01000000e+00,4,-6.17876244e-01,1.59951193e+00
151,3.03000000e+00,4,-6.17876244e-01,1.60001207e+00
152,3.05000000e+00,4,-6.17876244e-01,1.60051547e+00
153,3.07000000e+00,4,-6.17876244e-01,1.60102213e+00
154,3.09000000e+00,4,-6.17876244e-01,1.60153206e+00
155,3.11000000e+00,4,-6.17876244e-01,1.60204526e+00
156,3.13000000e+00,4,-6.17876244e-01,1.60256173e+00
157,3.15000000e+00,4,-6.17876244e-01,1.60308147e+00
158,3.17000000e+00,4,-6.17876244e-01,1.60360449e+00
159,3.19000000e+00,4,-6.17876244e-01,1.60413078e+00
160,3.21000000e+00,4,-6.17876244e-01,1.60466035e+00
161,3.23000000e+00,4,-6.17876244e-01,1.60519320e+00
162,3.25000000e+00,4,-6.17876244e-01,1.60572933e+00
163,3.27000000e+00,4,-6.17876244e-01,1.60626874e+00
164,3.29000000e+00,4,-6.17876244e-01,1.60681144e+00
165,3.31000000e+00,4,-6.17876244e-01,1.60735743e+00
166,3.33000000e+00,4,-6.17876244e-01,1.60790671e+00
167,3.35000000e+00,4,-6.17876244e-01,1.60845928e+00
168,3.37000000e+00,4,-6.17876244e-01,1.60901514e+00
169,3.39000000e+00,4,-6.17876244e-01,1.60957429e+00
170,3.41000000e+00,4,-6.17876244e-01,1.61013675e+00
171,3.43000000e+00,4,-6.17876244e-01,1.61070250e+00
172,3.45000000e+00,4,-6.17876244e-01,1.61127156e+00
173,3.47000000e+00,4,-6.17876244e-01,1.61184392e+00
174,3.49000000e+00,4,-6.17876244e-01,1.61241959e+00
175,3.51000000e+00,4,-6.17876244e-01,1.61299856e+00
176,3.53000000e+00,4,-6.17876244e-01,1.61358084e+00
177,3.55000000e+00,4,-6.17876244e-01,1.61416644e+00
178,3.57000000e+00,4,-6.17876244e-01,1.61475534e+00
179,3.59000000e+00,4,-6.17876244e-01,1.61534757e+00
180,3.61000000e+00,4,-6.17876244e-01,1.61594311e+00
181,3.63000000e+00,4,-6.17876244e-01,1.61654198e+00
182,3.65000000e+00,4,-6.17876244e-01,1.61714416e+00
183,3.67000000e+00,4,-6.17876244e-01,1.61774968e+00
184,3.69000000e+00,4,-6.17876244e-01,1.61835851e+00
185,3.71000000e+00,4,-6.17876244e-01,1.61897068e+00
186,3.73000000e+00,4,-6.17876244e-01,1.61958618e+00
187,3.75000000e+00,4,-6.17876244e-01,1.62020501e+00
188,3.77000000e+00,4,-6.17876244e-01,1.62082718e+00
189,3.79000000e+00,4,-6.17876244e-01,1.62145269e+00
190,3.81000000e+00,4,-6.17876244e-01,1.62208154e+00
191,3.83000000e+00,4,-6.17876244e-01,1.62271373e+00
192,3.85000000e+00,4,-6.17876244e-01,1.62334926e+00
193,3.87000000e+00,4,-6.17876244e-01,1.62398814e+00
194,3.89000000e+00,4,-6.17876244e-01,1.62463037e+00
195,3.91000000e+00,4,-6.17876244e-01,1.62527596e+00
196,3.93000000e+00,4,-6.17876244e-01,1.62592490e+00
197,3.95000000e+00,4,-6.17876244e-01,1.62657719e+00
198,3.97000000e+00,4,-6.17876244e-01,1.62723284e+00
199,3.99000000e+00,4,-6.17876244e-01,1.62789186e+00
200,4.01000000e+00,4,-6.17876244e-01,1.62855424e+00
201,4.03000000e+00,4,-6.17876244e-01,1.62921998e+00
202,4.05000000e+00,4,-6.17876244e-01,1.62988909e+00
203,4.07000000e+00,4,-6.17876244e-01,1.63056158e+00
204,4.09000000e+00,4,-6.17876244e-01,1.63123743e+00
205,4.11000000e+00,4,-6.17876244e-01,1.63191667e+00
206,4.13000000e+00,4,-6.17876244e-01,1.63259928e+00
207,4.15000000e+00,4,-6.17876244e-01,1.63328527e+00
208,4.17000000e+00,4,-6.17876244e-01,1.63397464e+00
209,4.19000000e+00,4,-6.17876244e-01,1.63466740e+00
210,4.21000000e+00,4,-6.17876244e-01,1.63536355e+00
211,4.23000000e+00,4,-6.17876244e-01,1.63606309e+00
212,4.25000000e+00,4,-6.17876244e-01,1.63676602e+00
213,4.27000000e+00,4,-6.17876244e-01,1.63747235e+00
214,4.29000000e+00,4,-6.17876244e-01,1.63818208e+00
215,4.31000000e+00,4,-6.17876244e-01,1.63889521e+00
216,4.33000000e+00,4,-6.17876244e-01,1.63961174e+00
217,4.35000000e+00,4,-6.17876244e-01,1.64033167e+00
218,4.37000000e+00,4,-6.17876244e-01,1.64105502e+00
219,4.39000000e+00,4,-6.17876244e-01,1.64178178e+00
220,4.41000000e+00,4,-6.17876244e-01,1.64251195e+00
221,4.43000000e+00,4,-6.17876244e-01,1.64324554e+00
222,4.45000000e+00,4,-6.17876244e-01,1.64398254e+00
223,4.47000000e+00,4,-6.17876244e-01,1.64472297e+00
224,4.49000000e+00,4,-6.17876244e-01,1.64546682e+00
225,4.51000000e+00,4,-6.17876244e-01,1.64621410e+00
226,4.53000000e+00,4,-6.17876244e-01,1.64696481e+00
227,4.55000000e+00,4,-6.17876244e-01,1.64771896e+00
228,4.57000000e+00,4,-6.17876244e-01,1.64847654e+00
229,4.59000000e+00,4,-6.17876244e-01,1.64923755e+00
230,4.61000000e+00,4,-6.17876244e-01,1.65000201e+00
231,4.63000000e+00,4,-6.17876244e-01,1.65076991e+00
232,4.65000000e+00,4,-6.17876244e-01,1.65154126e+00
233,4.67000000e+00,4,-6.17876244e-01,1.65231606e+00
234,4.69000000e+00,4,-6.17876244e-01,1.65309430e+00
235,4.71000000e+00,4,-6.17876244e-01,1.65387601e+00
236,4.73000000e+00,4,-6.17876244e-01,1.65466117e+00
237,4.75000000e+00,4,-6.17876244e-01,1.65544979e+00
238,4.77000000e+00,4,-6.17876244e-01,1.65624188e+00
239,4.79000000e+00,4,-6.17876244e-01,1.65703743e+00
240,4.81000000e+00,4,-6.17876244e-01,1.65783645e+00
241,4.83000000e+00,4,-6.17876244e-01,1.65863894e+00
242,4.85000000e+00,4,-6.17876244e-01,1.65944491e+00
243,4.87000000e+00,4,-6.17876244e-01,1.66025436e+00
244,4.89000000e+00,4,-6.17876244e-01,1.66106728e+00
245,4.91000000e+00,4,-6.17876244e-01,1.66188369e+00
246,4.93000000e+00,4,-6.17876244e-01,1.66270359e+00
247,4.95000000e+00,4,-6.17876244e-01,1.66352698e+00
248,4.97000000e+00,4,-6.17876244e-01,1.66435386e+00
249,4.99000000e+00,4,-6.17876244e-01,1.66518423e+00
250,5.01000000e+00,4,-6.17876244e-01,1.66601811e+00
251,5.03000000e+00,4,-6.17876244e-01,1.66685548e+00
252,5.05000000e+00,4,-6.17876244e-01,1.66769636e+00
253,5.07000000e+00,4,-6.17876244e-01,1.66854075e+00
254,5.09000000e+00,4,-6.17876244e-01,1.66938865e+00
255,5.11000000e+00,4,-6.17876244e-01,1.67024006e+00
256,5.13000000e+00,4,-6.17876244e-01,1.67109499e+00
257,5.15000000e+00,4,-6.17876244e-01,1.67195344e+00
258,5.17000000e+00,4,-6.17876244e-01,1.67281542e+00
259,5.19000000e+00,4,-6.17876244e-01,1.67368092e+00
260,5.21000000e+00,4,-6.17876244e-01,1.67454995e+00
261,5.23000000e+00,4,-6.17876244e-01,1.67542251e+00
262,5.25000000e+00,4,-6.17876244e-01,1.67629861e+00
263,5.27000000e+00,4,-6.17876244e-01,1.67717824e+00
264,5.29000000e+00,4,-6.17876244e-01,1.67806142e+00
265,5.31000000e+00,4,-6.17876244e-01,1.67894815e+00
266,5.33000000e+00,4,-6.17876244e-01,1.67983842e+00
267,5.35000000e+00,4,-6.17876244e-01,1.68073224e+00
268,5.37000000e+00,4,-6.17876244e-01,1.68162962e+00
269,5.39000000e+00,4,-6.17876244e-01,1.68253056e+00
270,5.41000000e+00,4,-6.17876244e-01,1.68343506e+00
271,5.43000000e+00,4,-6.17876244e-01,1.68434313e+00
272,5.45000000e+00,4,-6.17876244e-01,1.68525476e+00
273,5.47000000e+00,4,-6.17876244e-01,1.68616996e+00
274,5.49000000e+00,4,-6.17876244e-01,1.68708874e+00
275,5.51000000e+00,4,-6.17876244e-01,1.68801110e+00
276,5.53000000e+00,4,-6.17876244e-01,1.68893704e+00
277,5.55000000e+00,4,-6.17876244e-01,1.68986656e+00
278,5.57000000e+00,4,-6.17876244e-01,1.69079967e+00
279,5.59000000e+00,4,-6.17876244e-01,1.69173638e+00
280,5.61000000e+00,4,-6.17876244e-01,1.69267668e+00
281,5.63000000e+00,4,-6.17876244e-01,1.69362057e+00
282,5.65000000e+00,4,-6.17876244e-01,1.69456807e+00
283,5.67000000e+00,4,-6.17876244e-01,1.69551918e+00
284,5.69000000e+00,4,-6.17876244e-01,1.69647389e+00
285,5.71000000e+00,4,-6.17876244e-01,1.69743222e+00
286,5.73000000e+00,4,-6.17876244e-01,1.69839416e+00
287,5.75000000e+00,4,-6.17876244e-01,1.69935972e+00
288,5.77000000e+00,4,-6.17876244e-01,1.70032890e+00
289,5.79000000e+00,4,-6.17876244e-01,1.70130171e+00
290,5.81000000e+00,4,-6.17876244e-01,1.70227815e+00
291,5.83000000e+00,4,-6.17876244e-01,1.70325822e+00
292,5.85000000e+00,4,-6.17876244e-01,1.70424193e+00
293,5.87000000e+00,4,-6.17876244e-01,1.70522928e+00
294,5.89000000e+00,4,-6.17876244e-01,1.70622027e+00
295,5.91000000e+00,4,-6.17876244e-01,1.70721492e+00
296,5.93000000e+00,4,-6.17876244e-01,1.70821321e+00
297,5.95000000e+00,4,-6.17876244e-01,1.70921516e+00
298,5.97000000e+00,4,-6.17876244e-01,1.71022076e+00
299,5.99000000e+00,4,-6.17876244e-01,1.71123003e+00
300,6.01000000e+00,4,-6.17876244e-01,1.71224297e+00
301,6.03000000e+00,4,-6.17876244e-01,1.71325957e+00
302,6.05000000e+00,4,-6.17876244e-01,1.71427985e+00
303,6.07000000e+00,4,-6.17876244e-01,1.71530380e+00
304,6.09000000e+00,4,-6.17876244e-01,1.71633144e+00
305,6.11000000e+00,4,-6.17876244e-01,1.71736276e+00
306,6.13000000e+00,4,-6.17876244e-01,1.71839776e+00
307,6.15000000e+00,4,-6.17876244e-01,1.71943646e+00
308,6.17000000e+00,4,-6.17876244e-01,1.72047886e+00
309,6.19000000e+00,4,-6.17876244e-01,1.72152495e+00
310,6.21000000e+00,4,-6.17876244e-01,1.72257475e+00
311,6.23000000e+00,4,-6.17876244e-01,1.72362826e+00
312,6.25000000e+00,4,-6.17876244e-01,1.72468547e+00
313,6.27000000e+00,4,-6.17876244e-01,1.72574640e+00
314,6.29000000e+00,4,-6.17876244e-01,1.72681105e+00
315,6.31000000e+00,4,-6.17876244e-01,1.72787943e+00
316,6.33000000e+00,4,-6.17876244e-01,1.72895152e+00
317,6.35000000e+00,4,-6.17876244e-01,1.73002735e+00
318,6.37000000e+00,4,-6.17876244e-01,1.73110692e+00
319,6.39000000e+00,4,-6.17876244e-01,1.73219022e+00
320,6.41000000e+00,4,-6.17876244e-01,1.73327726e+00
321,6.43000000e+00,4,-6.17876244e-01,1.73436805e+00
322,6.45000000e+00,4,-6.17876244e-01,1.73546259e+00
323,6.47000000e+00,4,-6.17876244e-01,1.73656089e+00
324,6.49000000e+00,4,-6.17876244e-01,1.73766294e+00
325,6.51000000e+00,4,-6.17876244e-01,1.73876875e+00
326,6.53000000e+00,4,-6.17876244e-01,1.73987833e+00
327,6.55000000e+00,4,-6.17876244e-01,1.74099168e+00
328,6.57000000e+00,4,-6.17876244e-01,1.74210881e+00
329,6.59000000e+00,4,-6.17876244e-01,1.74322971e+00
330,6.61000000e+00,4,-6.17876244e-01,1.74435440e+00
331,6.63000000e+00,4,-6.17876244e-01,1.74548287e+00
332,6.65000000e+00,4,-6.17876244e-01,1.74661513e+00
333,6.67000000e+00,4,-6.17876244e-01,1.74775119e+00
334,6.69000000e+00,4,-6.17876244e-01,1.74889105e+00
335,6.71000000e+00,4,-6.17876244e-01,1.75003471e+00
336,6.73000000e+00,4,-6.17876244e-01,1.75118217e+00
337,6.75000000e+00,4,-6.17876244e-01,1.75233345e+00
338,6.77000000e+00,4,-6.17876244e-01,1.75348854e+00
339,6.79000000e+00,4,-6.17876244e-01,1.75464746e+00
340,6.81000000e+00,4,-6.17876244e-01,1.75581019e+00
341,6.83000000e+00,4,-6.17876244e-01,1.75697676e+00
342,6.85000000e+00,4,-6.17876244e-01,1.75814716e+00
343,6.87000000e+00,4,-6.17876244e-01,1.75932139e+00
344,6.89000000e+00,4,-6.17876244e-01,1.76049947e+00
345,6.91000000e+00,4,-6.17876244e-01,1.76168139e+00
346,6.93000000e+00,4,-6.17876244e-01,1.76286716e+00
347,6.95000000e+00,4,-6.17876244e-01,1.76405678e+00
348,6.97000000e+00,4,-6.17876244e-01,1.76525026e+00
349,6.99000000e+00,4,-6.17876244e-01,1.76644761e+00
350,7.01000000e+00,4,-6.17876244e-01,1.76764882e+00
351,7.03000000e+00,4,-6.17876244e-01,1.76885391e+00
352,7.05000000e+00,4,-6.17876244e-01,1.77006287e+00
353,7.07000000e+00,4,-6.17876244e-01,1.77127571e+00
354,7.09000000e+00,4,-6.17876244e-01,1.77249243e+00
355,7.11000000e+00,4,-6.17876244e-01,1.77371305e+00
356,7.13000000e+00,4,-6.17876244e-01,1.77493756e+00
357,7.15000000e+00,4,-6.17876244e-01,1.77616596e+00
358,7.17000000e+00,4,-6.17876244e-01,1.77739827e+00
359,7.19000000e+00,4,-6.17876244e-01,1.77863449e+00
360,7.21000000e+00,4,-6.17876244e-01,1.77987461e+00
361,7.23000000e+00,4,-6.17876244e-01,1.78111866e+00
362,7.25000000e+00,4,-6.17876244e-01,1.78236662e+00
363,7.27000000e+00,4,-6.17876244e-01,1.78361851e+00
364,7.29000000e+00,4,-6.17876244e-01,1.78487433e+00
365,7.31000000e+00,4,-6.17876244e-01,1.78613409e+00
366,7.33000000e+00,4,-6.17876244e-01,1.78739778e+00
367,7.35000000e+00,4,-6.17876244e-01,1.78866542e+00
368,7.37000000e+00,4,-6.17876244e-01,1.78993700e+00
369,7.39000000e+00,4,-6.17876244e-01,1.79121254e+00
370,7.41000000e+00,4,-6.17876244e-01,1.79249204e+00
371,7.43000000e+00,4,-6.17876244e-01,1.79377549e+00
372,7.45000000e+00,4,-6.17876244e-01,1.79506292e+00
373,7.47000000e+00,4,-6.17876244e-01,1.79635432e+00
374,7.49000000e+00,4,-6.17876244e-01,1.79764969e+00
375,7.51000000e+00,4,-6.17876244e-01,1.79894905e+00
376,7.53000000e+00,4,-6.17876244e-01,1.80025239e+00
377,7.55000000e+00,4,-6.17876244e-01,1.80155972e+00
378,7.57000000e+00,4,-6.17876244e-01,1.80287105e+00
379,7.59000000e+00,4,-6.17876244e-01,1.80418638e+00
380,7.61000000e+00,4,-6.17876244e-01,1.80550571e+00
381,7.63000000e+00,4,-6.17876244e-01,1.80682906e+00
382,7.65000000e+00,4,-6.17876244e-01,1.80815642e+00
383,7.67000000e+00,4,-6.17876244e-01,1.80948780e+00
384,7.69000000e+00,4,-6.17876244e-01,1.81082320e+00
385,7.71000000e+00,4,-6.17876244e-01,1.81216264e+00
386,7.73000000e+00,4,-6.17876244e-01,1.81350611e+00
387,7.75000000e+00,4,-6.17876244e-01,1.81485362e+00
388,7.77000000e+00,4,-6.17876244e-01,1.81620517e+00
389,7.79000000e+00,4,-6.17876244e-01,1.81756077e+00
390,7.81000000e+00,4,-6.17876244e-01,1.81892043e+00
391,7.83000000e+00,4,-6.17876244e-01,1.82028415e+00
392,7.85000000e+00,4,-6.17876244e-01,1.82165193e+00
393,7.87000000e+00,4,-6.17876244e-01,1.82302378e+00
394,7.89000000e+00,4,-6.17876244e-01,1.82439971e+00
395,7.91000000e+00,4,-6.17876244e-01,1.82577971e+00
396,7.93000000e+00,4,-6.17876244e-01,1.82716380e+00
397,7.95000000e+00,4,-6.17876244e-01,1.82855198e+00
398,7.97000000e+00,4,-6.17876244e-01,1.82994426e+00
399,7.99000000e+00,4,-6.17876244e-01,1.83134063e+00
400,8.01000000e+00,4,-6.17876244e-01,1.83274111e+00
401,8.03000000e+00,4,-6.17876244e-01,1.83414570e+00
402,8.05000000e+00,4,-6.17876244e-01,1.83555440e+00
403,8.07000000e+00,4,-6.17876244e-01,1.83696722e+00
404,8.09000000e+00,4,-6.17876244e-01,1.83838417e+00
405,8.11000000e+00,4,-6.17876244e-01,1.83980525e+00
406,8.13000000e+00,4,-6.17876244e-01,1.84123046e+00
407,8.15000000e+00,4,-6.17876244e-01,1.84265981e+00
408,8.17000000e+00,4,-6.17876244e-01,1.84409331e+00
409,8.19000000e+00,4,-6.17876244e-01,1.84553095e+00
410,8.21000000e+00,4,-6.17876244e-01,1.84697275e+00
411,8.23000000e+00,4,-6.17876244e-01,1.84841871e+00
412,8.25000000e+00,4,-6.17876244e-01,1.84986884e+00
413,8.27000000e+00,4,-6.17876244e-01,1.85132313e+00
414,8.29000000e+00,4,-6.17876244e-01,1.85278160e+00
415,8.31000000e+00,4,-6.17876244e-01,1.85424425e+00
416,8.33000000e+00,4,-6.17876244e-01,1.85571108e+00
417,8.35000000e+00,4,-6.17876244e-01,1.85718210e+00
418,8.37000000e+00,4,-6.17876244e-01,1.85865731e+00
419,8.39000000e+00,4,-6.17876244e-01,1.86013673e+00
420,8.41000000e+00,4,-6.17876244e-01,1.86162034e+00
421,8.43000000e+00,4,-6.17876244e-01,1.86310817e+00
422,8.45000000e+00,4,-6.17876244e-01,1.86460021e+00
423,8.47000000e+00,4,-6.17876244e-01,1.86609647e+00
424,8.49000000e+00,4,-6.17876244e-01,1.86759695e+00
425,8.51000000e+00,4,-6.17876244e-01,1.86910166e+00
426,8.53000000e+00,4,-6.17876244e-01,1.87061060e+00
427,8.55000000e+00,4,-6.17876244e-01,1.87212378e+00
428,8.57000000e+00,4,-6.17876244e-01,1.87364121e+00
429,8.59000000e+00,4,-6.17876244e-01,1.87516289e+00
430,8.61000000e+00,4,-6.17876244e-01,1.87668883e+00
431,8.63000000e+00,4,-6.17876244e-01,1.87821903e+00
432,8.65000000e+00,4,-6.17876244e-01,1.87975350e+00
433,8.67000000e+00,4,-6.17876244e-01,1.88129225e+00
434,8.69000000e+00,4,-6.17876244e-01,1.88283529e+00
435,8.71000000e+00,4,-6.17876244e-01,1.88438262e+00
436,8.73000000e+00,4,-6.17876244e-01,1.88593425e+00
437,8.75000000e+00,4,-6.17876244e-01,1.88749019e+00
438,8.77000000e+00,4,-6.17876244e-01,1.88905045e+00
439,8.79000000e+00,4,-6.17876244e-01,1.89061505e+00
440,8.81000000e+00,4,-6.17876244e-01,1.89218399e+00
441,8.83000000e+00,4,-6.17876244e-01,1.89375729e+00
442,8.85000000e+00,4,-6.17876244e-01,1.89533497e+00
443,8.87000000e+00,4,-6.17876244e-01,1.89691703e+00
444,8.89000000e+00,4,-6.17876244e-01,1.89850350e+00
445,8.91000000e+00,4,-6.17876244e-01,1.90009440e+00
446,8.93000000e+00,4,-6.17876244e-01,1.90168974e+00
447,8.95000000e+00,4,-6.17876244e-01,1.90328954e+00
448,8.97000000e+00,4,-6.17876244e-01,1.90489384e+00
449,8.99000000e+00,4,-6.17876244e-01,1.90650266e+00
450,9.01000000e+00,4,-6.17876244e-01,1.90811602e+00
451,9.03000000e+00,4,-6.17876244e-01,1.90973395e+00
452,9.05000000e+00,4,-6.17876244e-01,1.91135648e+00
453,9.07000000e+00,4,-6.17876244e-01,1.91298366e+00
454,9.09000000e+00,4,-6.17876244e-01,1.91461550e+00
455,9.11000000e+00,4,-6.17876244e-01,1.91625206e+00
456,9.13000000e+00,4,-6.17876244e-01,1.91789335e+00
457,9.15000000e+00,4,-6.17876244e-01,1.91953944e+00
458,9.17000000e+00,4,-6.17876244e-01,1.92119034e+00
459,9.19000000e+00,4,-6.17876244e-01,1.92284611e+00
460,9.21000000e+00,4,-6.17876244e-01,1.92450678e+00
461,9.23000000e+00,4,-6.17876244e-01,1.92617239e+00
462,9.25000000e+00,4,-6.17876244e-01,1.92784297e+00
463,9.27000000e+00,4,-6.17876244e-01,1.92951857e+00
464,9.29000000e+00,4,-6.17876244e-01,1.93119921e+00
465,9.31000000e+00,4,-6.17876244e-01,1.93288491e+00
466,9.33000000e+00,4,-6.17876244e-01,1.93457572e+00
467,9.35000000e+00,4,-6.17876244e-01,1.93627163e+00
468,9.37000000e+00,4,-6.17876244e-01,1.93797267e+00
469,9.39000000e+00,4,-6.17876244e-01,1.93967885e+00
470,9.41000000e+00,4,-6.17876244e-01,1.94139016e+00
471,9.43000000e+00,4,-6.17876244e-01,1.94310660e+00
472,9.45000000e+00,4,-6.17876244e-01,1.94482816e+00
473,9.47000000e+00,4,-6.17876244e-01,1.94655484e+00
474,9.49000000e+00,4,-6.17876244e-01,1.94828663e+00
475,9.51000000e+00,4,-6.17876244e-01,1.95002351e+00
476,9.53000000e+00,4,-6.17876244e-01,1.95176549e+00
477,9.55000000e+00,4,-6.17876244e-01,1.95351259e+00
478,9.57000000e+00,4,-6.17876244e-01,1.95526484e+00
479,9.59000000e+00,4,-6.17876244e-01,1.95702231e+00
480,9.61000000e+00,4,-6.17876244e-01,1.95878510e+00
481,9.63000000e+00,4,-6.17876244e-01,1.96055336e+00
482,9.65000000e+00,4,-6.17876244e-01,1.96232730e+00
483,9.67000000e+00,4,-6.17876244e-01,1.96410719e+00
484,9.69000000e+00,4,-6.17876244e-01,1.96589337e+00
485,9.71000000e+00,4,-6.17876244e-01,1.96768624e+00
486,9.73000000e+00,4,-6.17876244e-01,1.96948625e+00
487,9.75000000e+00,4,-6.17876244e-01,1.97129388e+00
488,9.77000000e+00,4,-6.17876244e-01,1.97310958e+00
489,9.79000000e+00,4,-6.17876244e-01,1.97493370e+00
490,9.81000000e+00,4,-6.17876244e-01,1.97676637e+00
491,9.83000000e+00,4,-6.17876244e-01,1.97860731e+00
492,9.85000000e+00,4,-6.17876244e-01,1.98045564e+00
493,9.87000000e+00,4,-6.17876244e-01,1.98230950e+00
494,9.89000000e+00,4,-6.17876244e-01,1.98416566e+00
495,9.91000000e+00,4,-6.17876244e-01,1.98601890e+00
496,9.93000000e+00,4,-6.17876244e-01,1.98786124e+00
497,9.95000000e+00,4,-6.17876244e-01,1.98968041e+00
498,9.97000000e+00,4,-6.17876244e-01,1.99145564e+00
499,9.99000000e+00,4,-6.17876244e-01,1.99314259e+00
0,1.00000000e-02,5,-4.58016778e-01,1.56066660e+00
1,3.00000000e-02,5,-4.58016778e-01,1.56068342e+00
2,5.00000000e-02,5,-4.58016778e-01,1.56070581e+00
3,7.00000000e-02,5,-4.58016778e-01,1.56073158e+00
4,9.00000000e-02,5,-4.58016778e-01,1.56076049e+00
5,1.10000000e-01,5,-4.58016778e-01,1.56079252e+00
6,1.30000000e-01,5,-4.58016778e-01,1.56082766e+00
7,1.50000000e-01,5,-4.58016778e-01,1.56086594e+00
8,1.70000000e-01,5,-4.58016778e-01,1.56090736e+00
9,1.90000000e-01,5,-4.58016778e-01,1.56095191e+00
10,2.10000000e-01,5,-4.58016778e-01,1.56099961e+00
11,2.30000000e-01,5,-4.58016778e-01,1.56105045e+00
12,2.50000000e-01,5,-4.58016778e-01,1.56110443e+00
13,2.70000000e-01,5,-4.58016778e-01,1.56116155e+00
14,2.90000000e-01,5,-4.58016778e-01,1.56122182e+00
15,3.10000000e-01,5,-4.58016778e-01,1.56128522e+00
16,3.30000000e-01,5,-4.58016778e-01,1.56135177e+00
17,3.50000000e-01,5,-4.58016778e-01,1.56142145e+00
18,3.70000000e-01,5,-4.58016778e-01,1.56149427e+00
19,3.90000000e-01,5,-4.58016778e-01,1.56157023e+00
20,4.10000000e-01,5,-4.58016778e-01,1.56164933e+00
21,4.30000000e-01,5,-4.58016778e-01,1.56173156e+00
22,4.50000000e-01,5,-4.58016778e-01,1.56181692e+00
23,4.70000000e-01,5,-4.58016778e-01,1.56190542e+00
24,4.90000000e-01,5,-4.58016778e-01,1.56199706e+00
25,5.10000000e-01,5,-4.58016778e-01,1.56209182e+00
26,5.30000000e-01,5,-4.58016778e-01,1.56218972e+00
27,5.50000000e-01,5,-4.58016778e-01,1.56229076e+00
28,5.70000000e-01,5,-4.58016778e-01,1.56239492e+00
29,5.90000000e-01,5,-4.58016778e-01,1.56250222e+00
30,6.10000000e-01,5,-4.58016778e-01,1.56261265e+00
31,6.30000000e-01,5,-4.58016778e-01,1.56272622e+00
32,6.50000000e-01,5,-4.58016778e-01,1.56284291e+00
33,6.70000000e-01,5,-4.58016778e-01,1.56296274e+00
34,6.90000000e-01,5,-4.58016778e-01,1.56308571e+00
35,7.10000000e-01,5,-4.58016778e-01,1.56321180e+00
36,7.30000000e-01,5,-4.58016778e-01,1.56334103e+00
37,7.50000000e-01,5,-4.58016778e-01,1.56347339e+00
38,7.70000000e-01,5,-4.58016778e-01,1.56360889e+00
39,7.90000000e-01,5,-4.58016778e-01,1.56374752e+00
40,8.10000000e-01,5,-4.58016778e-01,1.56388929e+00
41,8.30000000e-01,5,-4.58016778e-01,1.56403419e+00
42,8.50000000e-01,5,-4.58016778e-01,1.56418223e+00
43,8.70000000e-01,5,-4.58016778e-01,1.56433340e+00
44,8.90000000e-01,5,-4.58016778e-01,1.56448771e+00
45,9.10000000e-01,5,-4.58016778e-01,1.56464516e+00
46,9.30000000e-01,5,-4.58016778e-01,1.56480574e+00
47,9.50000000e-01,5,-4.58016778e-01,1.56496946e+00
48,9.70000000e-01,5,-4.58016778e-01,1.56513632e+00
49,9.90000000e-01,5,-4.58016778e-01,1.56530632e+00
50,1.01000000e+00,5,-4.58016778e-01,1.56547946e+00
51,1.03000000e+00,5,-4.58016778e-01,1.56565573e+00
52,1.05000000e+00,5,-4.58016778e-01,1.56583515e+00
53,1.07000000e+00,5,-4.58016778e-01,1.56601771e+00
54,1.09000000e+00,5,-4.58016778e-01,1.56620341e+00
55,1.11000000e+00,5,-4.58016778e-01,1.56639225e+00
56,1.13000000e+00,5,-4.58016778e-01,1.56658424e+00
57,1.15000000e+00,5,-4.58016778e-01,1.56677937e+00
58,1.17000000e+00,5,-4.58016778e-01,1.56697764e+00
59,1.19000000e+00,5,-4.58016778e-01,1.56717906e+00
60,1.21000000e+00,5,-4.58016778e-01,1.56738362e+00
61,1.23000000e+00,5,-4.58016778e-01,1.56759133e+00
62,1.25000000e+00,5,-4.58016778e-01,1.56780219e+00
63,1.27000000e+00,5,-4.58016778e-01,1.56801619e+00
64,1.29000000e+00,5,-4.58016778e-01,1.56823335e+00
65,1.31000000e+00,5,-4.58016778e-01,1.56845365e+00
66,1.33000000e+00,5,-4.58016778e-01,1.56867710e+00
67,1.35000000e+00,5,-4.58016778e-01,1.56890371e+00
68,1.37000000e+00,5,-4.58016778e-01,1.56913346e+00
69,1.39000000e+00,5,-4.58016778e-01,1.56936637e+00
70,1.41000000e+00,5,-4.58016778e-01,1.56960243e+00
71,1.43000000e+00,5,-4.58016778e-01,1.56984164e+00
72,1.45000000e+00,5,-4.58016778e-01,1.57008401e+00
73,1.47000000e+00,5,-4.58016778e-01,1.57032954e+00
74,1.49000000e+00,5,-4.58016778e-01,1.57057822e+00
75,1.51000000e+00,5,-4.58016778e-01,1.57083006e+00
76,1.53000000e+00,5,-4.58016778e-01,1.57108506e+00
77,1.55000000e+00,5,-4.58016778e-01,1.57134321e+00
78,1.57000000e+00,5,-4.58016778e-01,1.57160453e+00
79,1.59000000e+00,5,-4.58016778e-01,1.57186901e+00
80,1.61000000e+00,5,-4.58016778e-01,1.57213665e+00
81,1.63000000e+00,5,-4.58016778e-01,1.57240745e+00
82,1.65000000e+00,5,-4.58016778e-01,1.57268142e+00
83,1.67000000e+00,5,-4.58016778e-01,1.57295855e+00
84,1.69000000e+00,5,-4.58016778e-01,1.57323885e+00
85,1.71000000e+00,5,-4.58016778e-01,1.57352232e+00
86,1.73000000e+00,5,-4.58016778e-01,1.57380895e+00
87,1.75000000e+00,5,-4.58016778e-01,1.57409875e+00
88,1.77000000e+00,5,-4.58016778e-01,1.57439172e+00
89,1.79000000e+00,5,-4.58016778e-01,1.57468786e+00
90,1.81000000e+00,5,-4.58016778e-01,1.57498718e+00
91,1.83000000e+00,5,-4.58016778e-01,1.57528967e+00
92,1.85000000e+00,5,-4.58016778e-01,1.57559533e+00
93,1.87000000e+00,5,-4.58016778e-01,1.57590417e+00
94,1.89000000e+00,5,-4.58016778e-01,1.57621618e+00
95,1.91000000e+00,5,-4.58016778e-01,1.57653137e+00
96,1.93000000e+00,5,-4.58016778e-01,1.57684974e+00
97,1.95000000e+00,5,-4.58016778e-01,1.57717129e+00
98,1.97000000e+00,5,-4.58016778e-01,1.57749602e+00
99,1.99000000e+00,5,-4.58016778e-01,1.57782394e+00
100,2.01000000e+00,5,-4.58016778e-01,1.57815503e+00
101,2.03000000e+00,5,-4.58016778e-01,1.57848931e+00
102,2.05000000e+00,5,-4.58016778e-01,1.57882678e+00
103,2.07000000e+00,5,-4.58016778e-01,1.57916743e+00
104,2.09000000e+00,5,-4.58016778e-01,1.57951128e+00
105,2.11000000e+00,5,-4.58016778e-01,1.57985831e+00
106,2.13000000e+00,5,-4.58016778e-01,1.58020853e+00
107,2.15000000e+00,5,-4.58016778e-01,1.58056194e+00
108,2.17000000e+00,5,-4.58016778e-01,1.58091855e+00
109,2.19000000e+00,5,-4.58016778e-01,1.58127835e+00
110,2.21000000e+00,5,-4.58016778e-01,1.58164134e+00
111,2.23000000e+00,5,-4.58016778e-01,1.58200754e+00
112,2.25000000e+00,5,-4.58016778e-01,1.58237693e+00
113,2.27000000e+00,5,-4.58016778e-01,1.58274952e+00
114,2.29000000e+00,5,-4.58016778e-01,1.58312531e+00
115,2.31000000e+00,5,-4.58016778e-01,1.58350430e+00
116,2.33000000e+00,5,-4.58016778e-01,1.58388650e+00
117,2.35000000e+00,5,-4.58016778e-01,1.58427190e+00
118,2.37000000e+00,5,-4.58016778e-01,1.58466051e+00
119,2.39000000e+00,5,-4.58016778e-01,1.58505233e+00
120,2.41000000e+00,5,-4.58016778e-01,1.58544735e+00
121,2.43000000e+00,5,-4.58016778e-01,1.58584559e+00
122,2.45000000e+00,5,-4.58016778e-01,1.58624704e+00
123,2.47000000e+00,5,-4.58016778e-01,1.58665170e+00
124,2.49000000e+00,5,-4.58016778e-01,1.58705958e+00
125,2.51000000e+00,5,-4.58016778e-01,1.58747067e+00
126,2.53000000e+00,5,-4.58016778e-01,1.58788498e+00
127,2.55000000e+00,5,-4.58016778e-01,1.58830251e+00
128,2.57000000e+00,5,-4.58016778e-01,1.58872326e+00
129,2.59000000e+00,5,-4.58016778e-01,1.58914724e+00
130,2.61000000e+00,5,-4.58016778e-01,1.58957443e+00
131,2.63000000e+00,5,-4.58016778e-01,1.59000486e+00
132,2.65000000e+00,5,-4.58016778e-01,1.59043851e+00
133,2.67000000e+00,5,-4.58016778e-01,1.59087538e+00
134,2.69000000e+00,5,-4.58016778e-01,1.59131549e+00
135,2.71000000e+00,5,-4.58016778e-01,1.59175883e+00
136,2.73000000e+00,5,-4.58016778e-01,1.59220541e+00
137,2.75000000e+00,5,-4.58016778e-01,1.59265521e+00
138,2.77000000e+00,5,-4.58016778e-01,1.59310826e+00
139,2.79000000e+00,5,-4.58016778e-01,1.59356454e+00
140,2.81000000e+00,5,-4.58016778e-01,1.59402406e+00
141,2.83000000e+00,5,-4.58016778e-01,1.59448683e+00
142,2.85000000e+00,5,-4.58016778e-01,1.59495283e+00
143,2.87000000e+00,5,-4.58016778e-01,1.59542209e+00
144,2.89000000e+00,5,-4.58016778e-01,1.59589458e+00
145,2.91000000e+00,5,-4.58016778e-01,1.59637033e+00
146,2.93000000e+00,5,-4.58016778e-01,1.59684933e+00
147,2.95000000e+00,5,-4.58016778e-01,1.59733157e+00
148,2.97000000e+00,5,-4.58016778e-01,1.59781707e+00
149,2.99000000e+00,5,-4.58016778e-01,1.59830583e+00
150,3.01000000e+00,5,-4.58016778e-01,1.59879784e+00
151,3.03000000e+00,5,-4.58016778e-01,1.59929311e+00
152,3.05000000e+00,5,-4.58016778e-01,1.59979164e+00
153,3.07000000e+00,5,-4.58016778e-01,1.60029344e+00
154,3.09000000e+00,5,-4.58016778e-01,1.60079850e+00
155,3.11000000e+00,5,-4.58016778e-01,1.60130682e+00
156,3.13000000e+00,5,-4.58016778e-01,1.60181841e+00
157,3.15000000e+00,5,-4.58016778e-01,1.60233327e+00
158,3.17000000e+00,5,-4.58016778e-01,1.60285140e+00
159,3.19000000e+00,5,-4.58016778e-01,1.60337281e+00
160,3.21000000e+00,5,-4.58016778e-01,1.60389749e+00
161,3.23000000e+00,5,-4.58016778e-01,1.60442545e+00
162,3.25000000e+00,5,-4.58016778e-01,1.60495668e+00
163,3.27000000e+00,5,-4.58016778e-01,1.60549120e+00
164,3.29000000e+00,5,-4.58016778e-01,1.60602900e+00
165,3.31000000e+00,5,-4.58016778e-01,1.60657008e+00
166,3.33000000e+00,5,-4.58016778e-01,1.60711445e+00
167,3.35000000e+00,5,-4.58016778e-01,1.60766211e+00
168,3.37000000e+00,5,-4.58016778e-01,1.60821306e+00
169,3.39000000e+00,5,-4.58016778e-01,1.60876730e+00
170,3.41000000e+00,5,-4.58016778e-01,1.60932484e+00
171,3.43000000e+00,5,-4.58016778e-01,1.60988567e+00
172,3.45000000e+00,5,-4.58016778e-01,1.61044981e+00
173,3.47000000e+00,5,-4.58016778e-01,1.61101724e+00
174,3.49000000e+00,5,-4.58016778e-01,1.61158797e+00
175,3.51000000e+00,5,-4.58016778e-01,1.61216201e+00
176,3.53000000e+00,5,-4.58016778e-01,1.61273936e+00
177,3.55000000e+00,5,-4.58016778e-01,1.61332001e+00
178,3.57000000e+00,5,-4.58016778e-01,1.61390398e+00
179,3.59000000e+00,5,-4.58016778e-01,1.61449126e+00
180,3.61000000e+00,5,-4.58016778e-01,1.61508185e+00
181,3.63000000e+00,5,-4.58016778e-01,1.61567577e+00
182,3.65000000e+00,5,-4.58016778e-01,1.61627300e+00
183,3.67000000e+00,5,-4.58016778e-01,1.61687355e+00
184,3.69000000e+00,5,-4.58016778e-01,1.61747743e+00
185,3.71000000e+00,5,-4.58016778e-01,1.61808463e+00
186,3.73000000e+00,5,-4.58016778e-01,1.61869516e+00
187,3.75000000e+00,5,-4.58016778e-01,1.61930902e+00
188,3.77000000e+00,5,-4.58016778e-01,1.61992621e+00
189,3.79000000e+00,5,-4.58016778e-01,1.62054674e+00
190,3.81000000e+00,5,-4.58016778e-01,1.62117061e+00
191,3.83000000e+00,5,-4.58016778e-01,1.62179781e+00
192,3.85000000e+00,5,-4.58016778e-01,1.62242836e+00
193,3.87000000e+00,5,-4.58016778e-01,1.62306225e+00
194,3.89000000e+00,5,-4.58016778e-01,1.62369948e+00
195,3.91000000e+00,5,-4.58016778e-01,1.62434007e+00
196,3.93000000e+00,5,-4.58016778e-01,1.62498400e+00
197,3.95000000e+00,5,-4.58016778e-01,1.62563129e+00
198,3.97000000e+00,5,-4.58016778e-01,1.62628193e+00
199,3.99000000e+00,5,-4.58016778e-01,1.62693593e+00
200,4.01000000e+00,5,-4.58016778e-01,1.62759330e+00
201,4.03000000e+00,5,-4.58016778e-01,1.62825402e+00
202,4.05000000e+00,5,-4.58016778e-01,1.62891811e+00
203,4.07000000e+00,5,-4.58016778e-01,1.62958556e+00
204,4.09000000e+00,5,-4.58016778e-01,1.63025639e+00
205,4.11000000e+00,5,-4.58016778e-01,1.63093059e+00
206,4.13000000e+00,5,-4.58016778e-01,1.63160816e+00
207,4.15000000e+00,5,-4.58016778e-01,1.63228911e+00
208,4.17000000e+00,5,-4.58016778e-01,1.63297344e+00
209,4.19000000e+00,5,-4.58016778e-01,1.63366115e+00
210,4.21000000e+00,5,-4.58016778e-01,1.63435224e+00
211,4.23000000e+00,5,-4.58016778e-01,1.63504672e+00
212,4.25000000e+00,5,-4.58016778e-01,1.63574460e+00
213,4.27000000e+00,5,-4.58016778e-01,1.63644586e+00
214,4.29000000e+00,5,-4.58016778e-01,1.63715052e+00
215,4.31000000e+00,5,-4.58016778e-01,1.63785857e+00
216,4.33000000e+00,5,-4.58016778e-01,1.63857003e+00
217,4.35000000e+00,5,-4.58016778e-01,1.63928488e+00
218,4.37000000e+00,5,-4.58016778e-01,1.64000314e+00
219,4.39000000e+00,5,-4.58016778e-01,1.64072481e+00
220,4.41000000e+00,5,-4.58016778e-01,1.64144989e+00
221,4.43000000e+00,5,-4.58016778e-01,1.64217838e+00
222,4.45000000e+00,5,-4.58016778e-01,1.64291029e+00
223,4.47000000e+00,5,-4.58016778e-01,1.64364561e+00
224,4.49000000e+00,5,-4.58016778e-01,1.64438436e+00
225,4.51000000e+00,5,-4.58016778e-01,1.64512652e+00
226,4.53000000e+00,5,-4.58016778e-01,1.64587212e+00
227,4.55000000e+00,5,-4.58016778e-01,1.64662114e+00
228,4.57000000e+00,5,-4.58016778e-01,1.64737359e+00
229,4.59000000e+00,5,-4.58016778e-01,1.64812948e+00
230,4.61000000e+00,5,-4.58016778e-01,1.64888880e+00
231,4.63000000e+00,5,-4.58016778e-01,1.64965157e+00
232,4.65000000e+00,5,-4.58016778e-01,1.65041777e+00
233,4.67000000e+00,5,-4.58016778e-01,1.65118743e+00
234,4.69000000e+00,5,-4.58016778e-01,1.65196052e+00
235,4.71000000e+00,5,-4.58016778e-01,1.65273707e+00
236,4.73000000e+00,5,-4.58016778e-01,1.65351708e+00
237,4.75000000e+00,5,-4.58016778e-01,1.65430054e+00
238,4.77000000e+00,5,-4.58016778e-01,1.65508745e+00
239,4.79000000e+00,5,-4.58016778e-01,1.65587784e+00
240,4.81000000e+00,5,-4.58016778e-01,1.65667168e+00
241,4.83000000e+00,5,-4.58016778e-01,1.65746899e+00
242,4.85000000e+00,5,-4.58016778e-01,1.65826978e+00
243,4.87000000e+00,5,-4.58016778e-01,1.65907403e+00
244,4.89000000e+00,5,-4.58016778e-01,1.65988177e+00
245,4.91000000e+00,5,-4.58016778e-01,1.66069298e+00
246,4.93000000e+00,5,-4.58016778e-01,1.66150767e+00
247,4.95000000e+00,5,-4.58016778e-01,1.66232585e+00
248,4.97000000e+00,5,-4.58016778e-01,1.66314752e+00
249,4.99000000e+00,5,-4.58016778e-01,1.66397268e+00
250,5.01000000e+00,5,-4.58016778e-01,1.66480133e+00
251,5.03000000e+00,5,-4.58016778e-01,1.66563348e+00
252,5.05000000e+00,5,-4.58016778e-01,1.66646914e+00
253,5.07000000e+00,5,-4.58016778e-01,1.66730829e+00
254,5.09000000e+00,5,-4.58016778e-01,1.66815095e+00
255,5.11000000e+00,5,-4.58016778e-01,1.66899712e+00
256,5.13000000e+00,5,-4.58016778e-01,1.66984680e+00
257,5.15000000e+00,5,-4.58016778e-01,1.67070000e+00
258,5.17000000e+00,5,-4.58016778e-01,1.67155671e+00
259,5.19000000e+00,5,-4.58016778e-01,1.67241695e+00
260,5.21000000e+00,5,-4.58016778e-01,1.67328071e+00
261,5.23000000e+00,5,-4.58016778e-01,1.67414800e+00
262,5.25000000e+00,5,-4.58016778e-01,1.67501882e+00
263,5.27000000e+00,5,-4.58016778e-01,1.67589318e+00
264,5.29000000e+00,5,-4.58016778e-01,1.67677107e+00
265,5.31000000e+00,5,-4.58016778e-01,1.67765250e+00
266,5.33000000e+00,5,-4.58016778e-01,1.67853748e+00
267,5.35000000e+00,5,-4.58016778e-01,1.67942600e+00
268,5.37000000e+00,5,-4.58016778e-01,1.68031808e+00
269,5.39000000e+00,5,-4.58016778e-01,1.68121371e+00
270,5.41000000e+00,5,-4.58016778e-01,1.68211289e+00
271,5.43000000e+00,5,-4.58016778e-01,1.68301563e+00
272,5.45000000e+00,5,-4.58016778e-01,1.68392194e+00
273,5.47000000e+00,5,-4.58016778e-01,1.68483181e+00
274,5.49000000e+00,5,-4.58016778e-01,1.68574526e+00
275,5.51000000e+00,5,-4.58016778e-01,1.68666227e+00
276,5.53000000e+00,5,-4.58016778e-01,1.68758287e+00
277,5.55000000e+00,5,-4.58016778e-01,1.68850704e+00
278,5.57000000e+00,5,-4.58016778e-01,1.68943480e+00
279,5.59000000e+00,5,-4.58016778e-01,1.69036614e+00
280,5.61000000e+00,5,-4.58016778e-01,1.69130107e+00
281,5.63000000e+00,5,-4.58016778e-01,1.69223960e+00
282,5.65000000e+00,5,-4.58016778e-01,1.69318172e+00
283,5.67000000e+00,5,-4.58016778e-01,1.69412744e+00
284,5.69000000e+00,5,-4.58016778e-01,1.69507677e+00
285,5.71000000e+00,5,-4.58016778e-01,1.69602970e+00
286,5.73000000e+00,5,-4.58016778e-01,1.69698624e+00
287,5.75000000e+00,5,-4.58016778e-01,1.69794640e+00
288,5.77000000e+00,5,-4.58016778e-01,1.69891018e+00
289,5.79000000e+00,5,-4.58016778e-01,1.69987757e+00
290,5.81000000e+00,5,-4.58016778e-01,1.70084859e+00
291,5.83000000e+00,5,-4.58016778e-01,1.70182324e+00
292,5.85000000e+00,5,-4.58016778e-01,1.70280152e+00
293,5.87000000e+00,5,-4.58016778e-01,1.70378343e+00
294,5.89000000e+00,5,-4.58016778e-01,1.70476899e+00
295,5.91000000e+00,5,-4.58016778e-01,1.70575818e+00
296,5.93000000e+00,5,-4.58016778e-01,1.70675102e+00
297,5.95000000e+00,5,-4.58016778e-01,1.70774751e+00
298,5.97000000e+00,5,-4.58016778e-01,1.70874766e+00
299,5.99000000e+00,5,-4.58016778e-01,1.70975146e+00
300,6.01000000e+00,5,-4.58016778e-01,1.71075892e+00
301,6.03000000e+00,5,-4.58016778e-01,1.71177004e+00
302,6.05000000e+00,5,-4.58016778e-01,1.71278484e+00
303,6.07000000e+00,5,-4.58016778e-01,1.71380330e+00
304,6.09000000e+00,5,-4.58016778e-01,1.71482544e+00
305,6.11000000e+00,5,-4.58016778e-01,1.71585126e+00
306,6.13000000e+00,5,-4.58016778e-01,1.71688076e+00
307,6.15000000e+00,5,-4.58016778e-01,1.71791394e+00
308,6.17000000e+00,5,-4.58016778e-01,1.71895082e+00
309,6.19000000e+00,5,-4.58016778e-01,1.71999139e+00
310,6.21000000e+00,5,-4.58016778e-01,1.72103566e+00
311,6.23000000e+00,5,-4.58016778e-01,1.72208363e+00
312,6.25000000e+00,5,-4.58016778e-01,1.72313530e+00
313,6.27000000e+00,5,-4.58016778e-01,1.72419068e+00
314,6.29000000e+00,5,-4.58016778e-01,1.72524978e+00
315,6.31000000e+00,5,-4.58016778e-01,1.72631259e+00
316,6.33000000e+00,5,-4.58016778e-01,1.72737913e+00
317,6.35000000e+00,5,-4.58016778e-01,1.72844939e+00
318,6.37000000e+00,5,-4.58016778e-01,1.72952337e+00
319,6.39000000e+00,5,-4.58016778e-01,1.73060109e+00
320,6.41000000e+00,5,-4.58016778e-01,1.73168255e+00
321,6.43000000e+00,5,-4.58016778e-01,1.73276774e+00
322,6.45000000e+00,5,-4.58016778e-01,1.73385668e+00
323,6.47000000e+00,5,-4.58016778e-01,1.73494937e+00
324,6.49000000e+00,5,-4.58016778e-01,1.73604581e+00
325,6.51000000e+00,5,-4.58016778e-01,1.73714600e+00
326,6.53000000e+00,5,-4.58016778e-01,1.73824996e+00
327,6.55000000e+00,5,-4.58016778e-01,1.73935767e+00
328,6.57000000e+00,5,-4.58016778e-01,1.74046916e+00
329,6.59000000e+00,5,-4.58016778e-01,1.74158442e+00
330,6.61000000e+00,5,-4.58016778e-01,1.74270346e+00
331,6.63000000e+00,5,-4.58016778e-01,1.74382627e+00
332,6.65000000e+00,5,-4.58016778e-01,1.74495287e+00
333,6.67000000e+00,5,-4.58016778e-01,1.74608326e+00
334,6.69000000e+00,5,-4.58016778e-01,1.74721744e+00
335,6.71000000e+00,5,-4.58016778e-01,1.74835542e+00
336,6.73000000e+00,5,-4.58016778e-01,1.74949720e+00
337,6.75000000e+00,5,-4.58016778e-01,1.75064278e+00
338,6.77000000e+00,5,-4.58016778e-01,1.75179218e+00
339,6.79000000e+00,5,-4.58016778e-01,1.75294538e+00
340,6.81000000e+00,5,-4.58016778e-01,1.75410241e+00
341,6.83000000e+00,5,-4.58016778e-01,1.75526325e+00
342,6.85000000e+00,5,-4.58016778e-01,1.75642793e+00
343,6.87000000e+00,5,-4.58016778e-01,1.75759643e+00
344,6.89000000e+00,5,-4.58016778e-01,1.75876877e+00
345,6.91000000e+00,5,-4.58016778e-01,1.75994494e+00
346,6.93000000e+00,5,-4.58016778e-01,1.76112496e+00
347,6.95000000e+00,5,-4.58016778e-01,1.76230883e+00
348,6.97000000e+00,5,-4.58016778e-01,1.76349654e+00
349,6.99000000e+00,5,-4.58016778e-01,1.76468812e+00
350,7.01000000e+00,5,-4.58016778e-01,1.76588355e+00
351,7.03000000e+00,5,-4.58016778e-01,1.76708285e+00
352,7.05000000e+00,5,-4.58016778e-01,1.76828602e+00
353,7.07000000e+00,5,-4.58016778e-01,1.76949307e+00
354,7.09000000e+00,5,-4.58016778e-01,1.77070399e+00
355,7.11000000e+00,5,-4.58016778e-01,1.77191879e+00
356,7.13000000e+00,5,-4.58016778e-01,1.77313748e+00
357,7.15000000e+00,5,-4.58016778e-01,1.77436006e+00
358,7.17000000e+00,5,-4.58016778e-01,1.77558654e+00
359,7.19000000e+00,5,-4.58016778e-01,1.77681691e+00
360,7.21000000e+00,5,-4.58016778e-01,1.77805120e+00
361,7.23000000e+00,5,-4.58016778e-01,1.77928939e+00
362,7.25000000e+00,5,-4.58016778e-01,1.78053149e+00
363,7.27000000e+00,5,-4.58016778e-01,1.78177752e+00
364,7.29000000e+00,5,-4.58016778e-01,1.78302746e+00
365,7.31000000e+00,5,-4.58016778e-01,1.78428134e+00
366,7.33000000e+00,5,-4.58016778e-01,1.78553914e+00
367,7.35000000e+00,5,-4.58016778e-01,1.78680089e+00
368,7.37000000e+00,5,-4.58016778e-01,1.78806657e+00
369,7.39000000e+00,5,-4.58016778e-01,1.78933620e+00
370,7.41000000e+00,5,-4.58016778e-01,1.79060978e+00
371,7.43000000e+00,5,-4.58016778e-01,1.79188732e+00
372,7.45000000e+00,5,-4.58016778e-01,1.79316881e+00
373,7.47000000e+00,5,-4.58016778e-01,1.79445428e+00
374,7.49000000e+00,5,-4.58016778e-01,1.79574371e+00
375,7.51000000e+00,5,-4.58016778e-01,1.79703711e+00
376,7.53000000e+00,5,-4.58016778e-01,1.79833449e+00
377,7.55000000e+00,5,-4.58016778e-01,1.79963586e+00
378,7.57000000e+00,5,-4.58016778e-01,1.80094122e+00
379,7.59000000e+00,5,-4.58016778e-01,1.80225057e+00
380,7.61000000e+00,5,-4.58016778e-01,1.80356392e+00
381,7.63000000e+00,5,-4.58016778e-01,1.80488127e+00
382,7.65000000e+00,5,-4.58016778e-01,1.80620262e+00
383,7.67000000e+00,5,-4.58016778e-01,1.80752799e+00
384,7.69000000e+00,5,-4.58016778e-01,1.80885738e+00
385,7.71000000e+00,5,-4.58016778e-01,1.81019079e+00
386,7.73000000e+00,5,-4.58016778e-01,1.81152823e+00
387,7.75000000e+00,5,-4.58016778e-01,1.81286970e+00
388,7.77000000e+00,5,-4.58016778e-01,1.81421521e+00
389,7.79000000e+00,5,-4.58016778e-01,1.81556476e+00
390,7.81000000e+00,5,-4.58016778e-01,1.81691836e+00
391,7.83000000e+00,5,-4.58016778e-01,1.81827601e+00
392,7.85000000e+00,5,-4.58016778e-01,1.81963771e+00
393,7.87000000e+00,5,-4.58016778e-01,1.82100348e+00
394,7.89000000e+00,5,-4.58016778e-01,1.82237332e+00
395,7.91000000e+00,5,-4.58016778e-01,1.82374722e+00
396,7.93000000e+00,5,-4.58016778e-01,1.82512521e+00
397,7.95000000e+00,5,-4.58016778e-01,1.82650728e+00
398,7.97000000e+00,5,-4.58016778e-01,1.82789343e+00
399,7.99000000e+00,5,-4.58016778e-01,1.82928367e+00
400,8.01000000e+00,5,-4.58016778e-01,1.83067802e+00
401,8.03000000e+00,5,-4.58016778e-01,1.83207646e+00
402,8.05000000e+00,5,-4.58016778e-01,1.83347902e+00
403,8.07000000e+00,5,-4.58016778e-01,1.83488568e+00
404,8.09000000e+00,5,-4.58016778e-01,1.83629646e+00
405,8.11000000e+00,5,-4.58016778e-01,1.83771137e+00
406,8.13000000e+00,5,-4.58016778e-01,1.83913040e+00
407,8.15000000e+00,5,-4.58016778e-01,1.84055356e+00
408,8.17000000e+00,5,-4.58016778e-01,1.84198087e+00
409,8.19000000e+00,5,-4.58016778e-01,1.84341231e+00
410,8.21000000e+00,5,-4.58016778e-01,1.84484790e+00
411,8.23000000e+00,5,-4.58016778e-01,1.84628764e+00
412,8.25000000e+00,5,-4.58016778e-01,1.84773154e+00
413,8.27000000e+00,5,-4.58016778e-01,1.84917960e+00
414,8.29000000e+00,5,-4.58016778e-01,1.85063183e+00
415,8.31000000e+00,5,-4.58016778e-01,1.85208823e+00
416,8.33000000e+00,5,-4.58016778e-01,1.85354881e+00
417,8.35000000e+00,5,-4.58016778e-01,1.85501356e+00
418,8.37000000e+00,5,-4.58016778e-01,1.85648250e+00
419,8.39000000e+00,5,-4.58016778e-01,1.85795563e+00
420,8.41000000e+00,5,-4.58016778e-01,1.85943296e+00
421,8.43000000e+00,5,-4.58016778e-01,1.86091449e+00
422,8.45000000e+00,5,-4.58016778e-01,1.86240022e+00
423,8.47000000e+00,5,-4.58016778e-01,1.86389016e+00
424,8.49000000e+00,5,-4.58016778e-01,1.86538431e+00
425,8.51000000e+00,5,-4.58016778e-01,1.86688268e+00
426,8.53000000e+00,5,-4.58016778e-01,1.86838527e+00
427,8.55000000e+00,5,-4.58016778e-01,1.86989210e+00
428,8.57000000e+00,5,-4.58016778e-01,1.87140315e+00
429,8.59000000e+00,5,-4.58016778e-01,1.87291844e+00
430,8.61000000e+00,5,-4.58016778e-01,1.87443798e+00
431,8.63000000e+00,5,-4.58016778e-01,1.87596176e+00
432,8.65000000e+00,5,-4.58016778e-01,1.87748980e+00
433,8.67000000e+00,5,-4.58016778e-01,1.87902210e+00
434,8.69000000e+00,5,-4.58016778e-01,1.88055867e+00
435,8.71000000e+00,5,-4.58016778e-01,1.88209951e+00
436,8.73000000e+00,5,-4.58016778e-01,1.88364463e+00
437,8.75000000e+00,5,-4.58016778e-01,1.88519404e+00
438,8.77000000e+00,5,-4.58016778e-01,1.88674775e+00
439,8.79000000e+00,5,-4.58016778e-01,1.88830577e+00
440,8.81000000e+00,5,-4.58016778e-01,1.88986811e+00
441,8.83000000e+00,5,-4.58016778e-01,1.89143478e+00
442,8.85000000e+00,5,-4.58016778e-01,1.89300579e+00
443,8.87000000e+00,5,-4.58016778e-01,1.89458116e+00
444,8.89000000e+00,5,-4.58016778e-01,1.89616090e+00
445,8.91000000e+00,5,-4.58016778e-01,1.89774504e+00
446,8.93000000e+00,5,-4.58016778e-01,1.89933359e+00
447,8.95000000e+00,5,-4.58016778e-01,1.90092657e+00
448,8.97000000e+00,5,-4.58016778e-01,1.90252400e+00
449,8.99000000e+00,5,-4.58016778e-01,1.90412592e+00
450,9.01000000e+00,5,-4.58016778e-01,1.90573235e+00
451,9.03000000e+00,5,-4.58016778e-01,1.90734332e+00
452,9.05000000e+00,5,-4.58016778e-01,1.90895886e+00
453,9.07000000e+00,5,-4.58016778e-01,1.91057901e+00
454,9.09000000e+00,5,-4.58016778e-01,1.91220381e+00
455,9.11000000e+00,5,-4.58016778e-01,1.91383330e+00
456,9.13000000e+00,5,-4.58016778e-01,1.91546752e+00
457,9.15000000e+00,5,-4.58016778e-01,1.91710653e+00
458,9.17000000e+00,5,-4.58016778e-01,1.91875036e+00
459,9.19000000e+00,5,-4.58016778e-01,1.92039907e+00
460,9.21000000e+00,5,-4.58016778e-01,1.92205272e+00
461,9.23000000e+00,5,-4.58016778e-01,1.92371135e+00
462,9.25000000e+00,5,-4.58016778e-01,1.92537502e+00
463,9.27000000e+00,5,-4.58016778e-01,1.92704380e+00
464,9.29000000e+00,5,-4.58016778e-01,1.92871772e+00
465,9.31000000e+00,5,-4.58016778e-01,1.93039686e+00
466,9.33000000e+00,5,-4.58016778e-01,1.93208127e+00
467,9.35000000e+00,5,-4.58016778e-01,1.93377100e+00
468,9.37000000e+00,5,-4.58016778e-01,1.93546612e+00
469,9.39000000e+00,5,-4.58016778e-01,1.93716667e+00
470,9.41000000e+00,5,-4.58016778e-01,1.93887272e+00
471,9.43000000e+00,5,-4.58016778e-01,1.94058433e+00
472,9.45000000e+00,5,-4.58016778e-01,1.94230158e+00
473,9.47000000e+00,5,-4.58016778e-01,1.94402454e+00
474,9.49000000e+00,5,-4.58016778e-01,1.94575332e+00
475,9.51000000e+00,5,-4.58016778e-01,1.94748806e+00
476,9.53000000e+00,5,-4.58016778e-01,1.94922890e+00
477,9.55000000e+00,5,-4.58016778e-01,1.95097608e+00
478,9.57000000e+00,5,-4.58016778e-01,1.95272987e+00
479,9.59000000e+00,5,-4.58016778e-01,1.95449064e+00
480,9.61000000e+00,5,-4.58016778e-01,1.95625886e+00
481,9.63000000e+00,5,-4.58016778e-01,1.95803515e+00
482,9.65000000e+00,5,-4.58016778e-01,1.95982028e+00
483,9.67000000e+00,5,-4.58016778e-01,1.96161522e+00
484,9.69000000e+00,5,-4.58016778e-01,1.96342117e+00
485,9.71000000e+00,5,-4.58016778e-01,1.96523957e+00
486,9.73000000e+00,5,-4.58016778e-01,1.96707216e+00
487,9.75000000e+00,5,-4.58016778e-01,1.96892094e+00
488,9.77000000e+00,5,-4.58016778e-01,1.97078820e+00
489,9.79000000e+00,5,-4.58016778e-01,1.97267647e+00
490,9.81000000e+00,5,-4.58016778e-01,1.97458843e+00
491,9.83000000e+00,5,-4.58016778e-01,1.97652676e+00
492,9.85000000e+00,5,-4.58016778e-01,1.97849393e+00
493,9.87000000e+00,5,-4.58016778e-01,1.98049187e+00
494,9.89000000e+00,5,-4.58016778e-01,1.98252148e+00
495,9.91000000e+00,5,-4.58016778e-01,1.98458194e+00
496,9.93000000e+00,5,-4.58016778e-01,1.98666978e+00
497,9.95000000e+00,5,-4.58016778e-01,1.98877689e+00
498,9.97000000e+00,5,-4.58016778e-01,1.99088507e+00
499,9.99000000e+00,5,-4.58016778e-01,1.99294625e+00
0,1.00000000e-02,6,-2.81603551e-01,1.56066308e+00
1,3.00000000e-02,6,-2.81603551e-01,1.56067522e+00
2,5.00000000e-02,6,-2.81603551e-01,1.56069238e+00
3,7.00000000e-02,6,-2.81603551e-01,1.56071283e+00
4,9.00000000e-02,6,-2.81603551e-01,1.56073641e+00
5,1.10000000e-01,6,-2.81603551e-01,1.56076310e+00
6,1.30000000e-01,6,-2.81603551e-01,1.56079292e+00
7,1.50000000e-01,6,-2.81603551e-01,1.56082588e+00
8,1.70000000e-01,6,-2.81603551e-01,1.56086198e+00
9,1.90000000e-01,6,-2.81603551e-01,1.56090122e+00
10,2.10000000e-01,6,-2.81603551e-01,1.56094361e+00
11,2.30000000e-01,6,-2.81603551e-01,1.56098915e+00
12,2.50000000e-01,6,-2.81603551e-01,1.56103784e+00
13,2.70000000e-01,6,-2.81603551e-01,1.56108967e+00
14,2.90000000e-01,6,-2.81603551e-01,1.56114464e+00
15,3.10000000e-01,6,-2.81603551e-01,1.56120276e+00
16,3.30000000e-01,6,-2.81603551e-01,1.56126401e+00
17,3.50000000e-01,6,-2.81603551e-01,1.56132841e+00
18,3.70000000e-01,6,-2.81603551e-01,1.56139594e+00
19,3.90000000e-01,6,-2.81603551e-01,1.56146661e+00
20,4.10000000e-01,6,-2.81603551e-01,1.56154041e+00
21,4.30000000e-01,6,-2.81603551e-01,1.56161735e+00
22,4.50000000e-01,6,-2.81603551e-01,1.56169742e+00
23,4.70000000e-01,6,-2.81603551e-01,1.56178063e+00
24,4.90000000e-01,6,-2.81603551e-01,1.56186697e+00
25,5.10000000e-01,6,-2.81603551e-01,1.56195644e+00
26,5.30000000e-01,6,-2.81603551e-01,1.56204904e+00
27,5.50000000e-01,6,-2.81603551e-01,1.56214478e+00
28,5.70000000e-01,6,-2.81603551e-01,1.56224365e+00
29,5.90000000e-01,6,-2.81603551e-01,1.56234565e+00
30,6.10000000e-01,6,-2.81603551e-01,1.56245078e+00
31,6.30000000e-01,6,-2.81603551e-01,1.56255905e+00
32,6.50000000e-01,6,-2.81603551e-01,1.56267044e+00
33,6.70000000e-01,6,-2.81603551e-01,1.56278497e+00
34,6.90000000e-01,6,-2.81603551e-01,1.56290263e+00
35,7.10000000e-01,6,-2.81603551e-01,1.56302343e+00
36,7.30000000e-01,6,-2.81603551e-01,1.56314735e+00
37,7.50000000e-01,6,-2.81603551e-01,1.56327441e+00
38,7.70000000e-01,6,-2.81603551e-01,1.56340461e+00
39,7.90000000e-01,6,-2.81603551e-01,1.56353793e+00
40,8.10000000e-01,6,-2.81603551e-01,1.56367439e+00
41,8.30000000e-01,6,-2.81603551e-01,1.56381399e+00
42,8.50000000e-01,6,-2.81603551e-01,1.56395672e+00
43,8.70000000e-01,6,-2.81603551e-01,1.56410258e+00
44,8.90000000e-01,6,-2.81603551e-01,1.56425159e+00
45,9.10000000e-01,6,-2.81603551e-01,1.56440372e+00
46,9.30000000e-01,6,-2.81603551e-01,1.56455900e+00
47,9.50000000e-01,6,-2.81603551e-01,1.56471741e+00
48,9.70000000e-01,6,-2.81603551e-01,1.56487895e+00
49,9.90000000e-01,6,-2.81603551e-01,1.56504364e+00
50,1.01000000e+00,6,-2.81603551e-01,1.56521146e+00
51,1.03000000e+00,6,-2.81603551e-01,1.56538243e+00
52,1.05000000e+00,6,-2.81603551e-01,1.56555653e+00
53,1.07000000e+00,6,-2.81603551e-01,1.56573377e+00
54,1.09000000e+00,6,-2.81603551e-01,1.56591416e+00
55,1.11000000e+00,6,-2.81603551e-01,1.56609768e+00
56,1.13000000e+00,6,-2.81603551e-01,1.56628435e+00
57,1.15000000e+00,6,-2.81603551e-01,1.56647416e+00
58,1.17000000e+00,6,-2.81603551e-01,1.56666711e+00
59,1.19000000e+00,6,-2.81603551e-01,1.56686321e+00
60,1.21000000e+00,6,-2.81603551e-01,1.56706245e+00
61,1.23000000e+00,6,-2.81603551e-01,1.56726484e+00
62,1.25000000e+00,6,-2.81603551e-01,1.56747037e+00
63,1.27000000e+00,6,-2.81603551e-01,1.56767905e+00
64,1.29000000e+00,6,-2.81603551e-01,1.56789088e+00
65,1.31000000e+00,6,-2.81603551e-01,1.56810585e+00
66,1.33000000e+00,6,-2.81603551e-01,1.56832397e+00
67,1.35000000e+00,6,-2.81603551e-01,1.56854525e+00
68,1.37000000e+00,6,-2.81603551e-01,1.56876967e+00
69,1.39000000e+00,6,-2.81603551e-01,1.56899724e+00
70,1.41000000e+00,6,-2.81603551e-01,1.56922797e+00
71,1.43000000e+00,6,-2.81603551e-01,1.56946185e+00
72,1.45000000e+00,6,-2.81603551e-01,1.56969888e+00
73,1.47000000e+00,6,-2.81603551e-01,1.56993907e+00
74,1.49000000e+00,6,-2.81603551e-01,1.57018241e+00
75,1.51000000e+00,6,-2.81603551e-01,1.57042891e+00
76,1.53000000e+00,6,-2.81603551e-01,1.57067856e+00
77,1.55000000e+00,6,-2.81603551e-01,1.57093137e+00
78,1.57000000e+00,6,-2.81603551e-01,1.57118734e+00
79,1.59000000e+00,6,-2.81603551e-01,1.57144647e+00
80,1.61000000e+00,6,-2.81603551e-01,1.57170876e+00
81,1.63000000e+00,6,-2.81603551e-01,1.57197421e+00
82,1.65000000e+00,6,-2.81603551e-01,1.57224283e+00
83,1.67000000e+00,6,-2.81603551e-01,1.57251461e+00
84,1.69000000e+00,6,-2.81603551e-01,1.57278955e+00
85,1.71000000e+00,6,-2.81603551e-01,1.57306765e+00
86,1.73000000e+00,6,-2.81603551e-01,1.57334893e+00
87,1.75000000e+00,6,-2.81603551e-01,1.57363337e+00
88,1.77000000e+00,6,-2.81603551e-01,1.57392097e+00
89,1.79000000e+00,6,-2.81603551e-01,1.57421175e+00
90,1.81000000e+00,6,-2.81603551e-01,1.57450570e+00
91,1.83000000e+00,6,-2.81603551e-01,1.57480282e+00
92,1.85000000e+00,6,-2.81603551e-01,1.57510311e+00
93,1.87000000e+00,6,-2.81603551e-01,1.57540657e+00
94,1.89000000e+00,6,-2.81603551e-01,1.57571321e+00
95,1.91000000e+00,6,-2.81603551e-01,1.57602302e+00
96,1.93000000e+00,6,-2.81603551e-01,1.57633601e+00
97,1.95000000e+00,6,-2.81603551e-01,1.57665218e+00
98,1.97000000e+00,6,-2.81603551e-01,1.57697153e+00
99,1.99000000e+00,6,-2.81603551e-01,1.57729405e+00
100,2.01000000e+00,6,-2.81603551e-01,1.57761976e+00
101,2.03000000e+00,6,-2.81603551e-01,1.57794865e+00
102,2.05000000e+00,6,-2.81603551e-01,1.57828073e+00
103,2.07000000e+00,6,-2.81603551e-01,1.57861598e+00
104,2.09000000e+00,6,-2.81603551e-01,1.57895443e+00
105,2.11000000e+00,6,-2.81603551e-01,1.57929606e+00
106,2.13000000e+00,6,-2.81603551e-01,1.57964088e+00
107,2.15000000e+00,6,-2.81603551e-01,1.57998889e+00
108,2.17000000e+00,6,-2.81603551e-01,1.58034009e+00
109,2.19000000e+00,6,-2.81603551e-01,1.58069448e+00
110,2.21000000e+00,6,-2.81603551e-01,1.58105207e+00
111,2.23000000e+00,6,-2.81603551e-01,1.58141285e+00
112,2.25000000e+00,6,-2.81603551e-01,1.58177682e+00
113,2.27000000e+00,6,-2.81603551e-01,1.58214399e+00
114,2.29000000e+00,6,-2.81603551e-01,1.58251436e+00
115,2.31000000e+00,6,-2.81603551e-01,1.58288794e+00
116,2.33000000e+00,6,-2.81603551e-01,1.58326471e+00
117,2.35000000e+00,6,-2.81603551e-01,1.58364468e+00
118,2.37000000e+00,6,-2.81603551e-01,1.58402786e+00
119,2.39000000e+00,6,-2.81603551e-01,1.58441424e+00
120,2.41000000e+00,6,-2.81603551e-01,1.58480383e+00
121,2.43000000e+00,6,-2.81603551e-01,1.58519663e+00
122,2.45000000e+00,6,-2.81603551e-01,1.58559264e+00
123,2.47000000e+00,6,-2.81603551e-01,1.58599186e+00
124,2.49000000e+00,6,-2.81603551e-01,1.58639429e+00
125,2.51000000e+00,6,-2.81603551e-01,1.58679993e+00
126,2.53000000e+00,6,-2.81603551e-01,1.58720879e+00
127,2.55000000e+00,6,-2.81603551e-01,1.58762087e+00
128,2.57000000e+00,6,-2.81603551e-01,1.58803616e+00
129,2.59000000e+00,6,-2.81603551e-01,1.58845468e+00
130,2.61000000e+00,6,-2.81603551e-01,1.58887641e+00
131,2.63000000e+00,6,-2.81603551e-01,1.58930137e+00
132,2.65000000e+00,6,-2.81603551e-01,1.58972955e+00
133,2.67000000e+00,6,-2.81603551e-01,1.59016096e+00
134,2.69000000e+00,6,-2.81603551e-01,1.59059559e+00
135,2.71000000e+00,6,-2.81603551e-01,1.59103345e+00
136,2.73000000e+00,6,-2.81603551e-01,1.59147455e+00
137,2.75000000e+00,6,-2.81603551e-01,1.59191887e+00
138,2.77000000e+00,6,-2.81603551e-01,1.59236643e+00
139,2.79000000e+00,6,-2.81603551e-01,1.59281723e+00
140,2.81000000e+00,6,-2.81603551e-01,1.59327126e+00
141,2.83000000e+00,6,-2.81603551e-01,1.59372853e+00
142,2.85000000e+00,6,-2.81603551e-01,1.59418904e+00
143,2.87000000e+00,6,-2.81603551e-01,1.59465279e+00
144,2.89000000e+00,6,-2.81603551e-01,1.59511978e+00
145,2.91000000e+00,6,-2.81603551e-01,1.59559002e+00
146,2.93000000e+00,6,-2.81603551e-01,1.59606351e+00
147,2.95000000e+00,6,-2.81603551e-01,1.59654024e+00
148,2.97000000e+00,6,-2.81603551e-01,1.59702023e+00
149,2.99000000e+00,6,-2.81603551e-01,1.59750347e+00
150,3.01000000e+00,6,-2.81603551e-01,1.59798996e+00
151,3.03000000e+00,6,-2.81603551e-01,1.59847970e+00
152,3.05000000e+00,6,-2.81603551e-01,1.59897271e+00
153,3.07000000e+00,6,-2.81603551e-01,1.59946897e+00
154,3.09000000e+00,6,-2.81603551e-01,1.59996849e+00
155,3.11000000e+00,6,-2.81603551e-01,1.60047128e+00
156,3.13000000e+00,6,-2.81603551e-01,1.60097733e+00
157,3.15000000e+00,6,-2.81603551e-01,1.60148664e+00
158,3.17000000e+00,6,-2.81603551e-01,1.60199923e+00
159,3.19000000e+00,6,-2.81603551e-01,1.60251508e+00
160,3.21000000e+00,6,-2.81603551e-01,1.60303421e+00
161,3.23000000e+00,6,-2.81603551e-01,1.60355661e+00
162,3.25000000e+00,6,-2.81603551e-01,1.60408228e+00
163,3.27000000e+00,6,-2.81603551e-01,1.60461124e+00
164,3.29000000e+00,6,-2.81603551e-01,1.60514347e+00
165,3.31000000e+00,6,-2.81603551e-01,1.60567898e+00
166,3.33000000e+00,6,-2.81603551e-01,1.60621778e+00
167,3.35000000e+00,6,-2.81603551e-01,1.60675986e+00
168,3.37000000e+00,6,-2.81603551e-01,1.60730522e+00
169,3.39000000e+00,6,-2.81603551e-01,1.60785388e+00
170,3.41000000e+00,6,-2.81603551e-01,1.60840583e+00
171,3.43000000e+00,6,-2.81603551e-01,1.60896107e+00
172,3.45000000e+00,6,-2.81603551e-01,1.60951961e+00
173,3.47000000e+00,6,-2.81603551e-01,1.61008144e+00
174,3.49000000e+00,6,-2.81603551e-01,1.61064657e+00
175,3.51000000e+00,6,-2.81603551e-01,1.61121500e+00
176,3.53000000e+00,6,-2.81603551e-01,1.61178674e+00
177,3.55000000e+00,6,-2.81603551e-01,1.61236178e+00
178,3.57000000e+00,6,-2.81603551e-01,1.61294013e+00
179,3.59000000e+00,6,-2.81603551e-01,1.61352179e+00
180,3.61000000e+00,6,-2.81603551e-01,1.61410676e+00
181,3.63000000e+00,6,-2.81603551e-01,1.61469504e+00
182,3.65000000e+00,6,-2.81603551e-01,1.61528664e+00
183,3.67000000e+00,6,-2.81603551e-01,1.61588155e+00
184,3.69000000e+00,6,-2.81603551e-01,1.61647979e+00
185,3.71000000e+00,6,-2.81603551e-01,1.61708135e+00
186,3.73000000e+00,6,-2.81603551e-01,1.61768623e+00
187,3.75000000e+00,6,-2.81603551e-01,1.61829444e+00
188,3.77000000e+00,6,-2.81603551e-01,1.61890598e+00
189,3.79000000e+00,6,-2.81603551e-01,1.61952085e+00
190,3.81000000e+00,6,-2.81603551e-01,1.62013905e+00
191,3.83000000e+00,6,-2.81603551e-01,1.62076059e+00
192,3.85000000e+00,6,-2.81603551e-01,1.62138546e+00
193,3.87000000e+00,6,-2.81603551e-01,1.62201368e+00
194,3.89000000e+00,6,-2.81603551e-01,1.62264523e+00
195,3.91000000e+00,6,-2.81603551e-01,1.62328013e+00
196,3.93000000e+00,6,-2.81603551e-01,1.62391838e+00
197,3.95000000e+00,6,-2.81603551e-01,1.62455998e+00
198,3.97000000e+00,6,-2.81603551e-01,1.62520493e+00
199,3.99000000e+00,6,-2.81603551e-01,1.62585323e+00
200,4.01000000e+00,6,-2.81603551e-01,1.62650488e+00
201,4.03000000e+00,6,-2.81603551e-01,1.62715990e+00
202,4.05000000e+00,6,-2.81603551e-01,1.62781828e+00
203,4.07000000e+00,6,-2.81603551e-01,1.62848002e+00
204,4.09000000e+00,6,-2.81603551e-01,1.62914512e+00
205,4.11000000e+00,6,-2.81603551e-01,1.62981360e+00
206,4.13000000e+00,6,-2.81603551e-01,1.63048544e+00
207,4.15000000e+00,6,-2.81603551e-01,1.63116066e+00
208,4.17000000e+00,6,-2.81603551e-01,1.63183925e+00
209,4.19000000e+00,6,-2.81603551e-01,1.63252122e+00
210,4.21000000e+00,6,-2.81603551e-01,1.63320656e+00
211,4.23000000e+00,6,-2.81603551e-01,1.63389530e+00
212,4.25000000e+00,6,-2.81603551e-01,1.63458741e+00
213,4.27000000e+00,6,-2.81603551e-01,1.63528292e+00
214,4.29000000e+00,6,-2.81603551e-01,1.63598181e+00
215,4.31000000e+00,6,-2.81603551e-01,1.63668410e+00
216,4.33000000e+00,6,-2.81603551e-01,1.63738978e+00
217,4.35000000e+00,6,-2.81603551e-01,1.63809886e+00
218,4.37000000e+00,6,-2.81603551e-01,1.63881134e+00
219,4.39000000e+00,6,-2.81603551e-01,1.63952722e+00
220,4.41000000e+00,6,-2.81603551e-01,1.64024651e+00
221,4.43000000e+00,6,-2.81603551e-01,1.64096921e+00
222,4.45000000e+00,6,-2.81603551e-01,1.64169532e+00
223,4.47000000e+00,6,-2.81603551e-01,1.64242484e+00
224,4.49000000e+00,6,-2.81603551e-01,1.64315777e+00
225,4.51000000e+00,6,-2.81603551e-01,1.64389413e+00
226,4.53000000e+00,6,-2.81603551e-01,1.64463390e+00
227,4.55000000e+00,6,-2.81603551e-01,1.64537710e+00
228,4.57000000e+00,6,-2.81603551e-01,1.64612373e+00
229,4.59000000e+00,6,-2.81603551e-01,1.64687379e+00
230,4.61000000e+00,6,-2.81603551e-01,1.64762728e+00
231,4.63000000e+00,6,-2.81603551e-01,1.64838420e+00
232,4.65000000e+00,6,-2.81603551e-01,1.64914456e+00
233,4.67000000e+00,6,-2.81603551e-01,1.64990836e+00
234,4.69000000e+00,6,-2.81603551e-01,1.65067560e+00
235,4.71000000e+00,6,-2.81603551e-01,1.65144629e+00
236,4.73000000e+00,6,-2.81603551e-01,1.65222043e+00
237,4.75000000e+00,6,-2.81603551e-01,1.65299802e+00
238,4.77000000e+00,6,-2.81603551e-01,1.65377906e+00
239,4.79000000e+00,6,-2.81603551e-01,1.65456356e+00
240,4.81000000e+00,6,-2.81603551e-01,1.65535152e+00
241,4.83000000e+00,6,-2.81603551e-01,1.65614295e+00
242,4.85000000e+00,6,-2.81603551e-01,1.65693784e+00
243,4.87000000e+00,6,-2.81603551e-01,1.65773619e+00
244,4.89000000e+00,6,-2.81603551e-01,1.65853802e+00
245,4.91000000e+00,6,-2.81603551e-01,1.65934333e+00
246,4.93000000e+00,6,-2.81603551e-01,1.66015211e+00
247,4.95000000e+00,6,-2.81603551e-01,1.66096437e+00
248,4.97000000e+00,6,-2.81603551e-01,1.66178011e+00
249,4.99000000e+00,6,-2.81603551e-01,1.66259934e+00
250,5.01000000e+00,6,-2.81603551e-01,1.66342206e+00
251,5.03000000e+00,6,-2.81603551e-01,1.66424827e+00
252,5.05000000e+00,6,-2.81603551e-01,1.66507797e+00
253,5.07000000e+00,6,-2.81603551e-01,1.66591118e+00
254,5.09000000e+00,6,-2.81603551e-01,1.66674788e+00
255,5.11000000e+00,6,-2.81603551e-01,1.66758809e+00
256,5.13000000e+00,6,-2.81603551e-01,1.66843181e+00
257,5.15000000e+00,6,-2.81603551e-01,1.66927903e+00
258,5.17000000e+00,6,-2.81603551e-01,1.67012977e+00
259,5.19000000e+00,6,-2.81603551e-01,1.67098403e+00
260,5.21000000e+00,6,-2.81603551e-01,1.67184180e+00
261,5.23000000e+00,6,-2.81603551e-01,1.67270310e+00
262,5.25000000e+00,6,-2.81603551e-01,1.67356792e+00
263,5.27000000e+00,6,-2.81603551e-01,1.67443627e+00
264,5.29000000e+00,6,-2.81603551e-01,1.67530816e+00
265,5.31000000e+00,6,-2.81603551e-01,1.67618358e+00
266,5.33000000e+00,6,-2.81603551e-01,1.67706253e+00
267,5.35000000e+00,6,-2.81603551e-01,1.67794503e+00
268,5.37000000e+00,6,-2.81603551e-01,1.67883107e+00
269,5.39000000e+00,6,-2.81603551e-01,1.67972066e+00
270,5.41000000e+00,6,-2.81603551e-01,1.68061381e+00
271,5.43000000e+00,6,-2.81603551e-01,1.68151050e+00
272,5.45000000e+00,6,-2.81603551e-01,1.68241076e+00
273,5.47000000e+00,6,-2.81603551e-01,1.68331457e+00
274,5.49000000e+00,6,-2.81603551e-01,1.68422195e+00
275,5.51000000e+00,6,-2.81603551e-01,1.68513290e+00
276,5.53000000e+00,6,-2.81603551e-01,1.68604741e+00
277,5.55000000e+00,6,-2.81603551e-01,1.68696551e+00
278,5.57000000e+00,6,-2.81603551e-01,1.68788717e+00
279,5.59000000e+00,6,-2.81603551e-01,1.68881242e+00
280,5.61000000e+00,6,-2.81603551e-01,1.68974126e+00
281,5.63000000e+00,6,-2.81603551e-01,1.69067368e+00
282,5.65000000e+00,6,-2.81603551e-01,1.69160969e+00
283,5.67000000e+00,6,-2.81603551e-01,1.69254930e+00
284,5.69000000e+00,6,-2.81603551e-01,1.69349250e+00
285,5.71000000e+00,6,-2.81603551e-01,1.69443931e+00
286,5.73000000e+00,6,-2.81603551e-01,1.69538972e+00
287,5.75000000e+00,6,-2.81603551e-01,1.69634373e+00
288,5.77000000e+00,6,-2.81603551e-01,1.69730136e+00
289,5.79000000e+00,6,-2.81603551e-01,1.69826261e+00
290,5.81000000e+00,6,-2.81603551e-01,1.69922747e+00
291,5.83000000e+00,6,-2.81603551e-01,1.70019595e+00
292,5.85000000e+00,6,-2.81603551e-01,1.70116806e+00
293,5.87000000e+00,6,-2.81603551e-01,1.70214380e+00
294,5.89000000e+00,6,-2.81603551e-01,1.70312317e+00
295,5.91000000e+00,6,-2.81603551e-01,1.70410618e+00
296,5.93000000e+00,6,-2.81603551e-01,1.70509283e+00
297,5.95000000e+00,6,-2.81603551e-01,1.70608312e+00
298,5.97000000e+00,6,-2.81603551e-01,1.70707705e+00
299,5.99000000e+00,6,-2.81603551e-01,1.70807464e+00
300,6.01000000e+00,6,-2.81603551e-01,1.70907588e+00
301,6.03000000e+00,6,-2.81603551e-01,1.71008078e+00
302,6.05000000e+00,6,-2.81603551e-01,1.71108934e+00
303,6.07000000e+00,6,-2.81603551e-01,1.71210157e+00
304,6.09000000e+00,6,-2.81603551e-01,1.71311747e+00
305,6.11000000e+00,6,-2.81603551e-01,1.71413703e+00
306,6.13000000e+00,6,-2.81603551e-01,1.71516028e+00
307,6.15000000e+00,6,-2.81603551e-01,1.71618720e+00
308,6.17000000e+00,6,-2.81603551e-01,1.71721781e+00
309,6.19000000e+00,6,-2.81603551e-01,1.71825210e+00
310,6.21000000e+00,6,-2.81603551e-01,1.71929009e+00
311,6.23000000e+00,6,-2.81603551e-01,1.72033177e+00
312,6.25000000e+00,6,-2.81603551e-01,1.72137714e+00
313,6.27000000e+00,6,-2.81603551e-01,1.72242623e+00
314,6.29000000e+00,6,-2.81603551e-01,1.72347901e+00
315,6.31000000e+00,6,-2.81603551e-01,1.72453551e+00
316,6.33000000e+00,6,-2.81603551e-01,1.72559572e+00
317,6.35000000e+00,6,-2.81603551e-01,1.72665965e+00
318,6.37000000e+00,6,-2.81603551e-01,1.72772730e+00
319,6.39000000e+00,6,-2.81603551e-01,1.72879868e+00
320,6.41000000e+00,6,-2.81603551e-01,1.72987379e+00
321,6.43000000e+00,6,-2.81603551e-01,1.73095263e+00
322,6.45000000e+00,6,-2.81603551e-01,1.73203520e+00
323,6.47000000e+00,6,-2.81603551e-01,1.73312152e+00
324,6.49000000e+00,6,-2.81603551e-01,1.73421159e+00
325,6.51000000e+00,6,-2.81603551e-01,1.73530540e+00
326,6.53000000e+00,6,-2.81603551e-01,1.73640297e+00
327,6.55000000e+00,6,-2.81603551e-01,1.73750429e+00
328,6.57000000e+00,6,-2.81603551e-01,1.73860937e+00
329,6.59000000e+00,6,-2.81603551e-01,1.73971822e+00
330,6.61000000e+00,6,-2.81603551e-01,1.74083084e+00
331,6.63000000e+00,6,-2.81603551e-01,1.74194724e+00
332,6.65000000e+00,6,-2.81603551e-01,1.74306741e+00
333,6.67000000e+00,6,-2.81603551e-01,1.74419136e+00
334,6.69000000e+00,6,-2.81603551e-01,1.74531909e+00
335,6.71000000e+00,6,-2.81603551e-01,1.74645062e+00
336,6.73000000e+00,6,-2.81603551e-01,1.74758594e+00
337,6.75000000e+00,6,-2.81603551e-01,1.74872506e+00
338,6.77000000e+00,6,-2.81603551e-01,1.74986798e+00
339,6.79000000e+00,6,-2.81603551e-01,1.75101471e+00
340,6.81000000e+00,6,-2.81603551e-01,1.75216524e+00
341,6.83000000e+00,6,-2.81603551e-01,1.75331960e+00
342,6.85000000e+00,6,-2.81603551e-01,1.75447777e+00
343,6.87000000e+00,6,-2.81603551e-01,1.75563976e+00
344,6.89000000e+00,6,-2.81603551e-01,1.75680558e+00
345,6.91000000e+00,6,-2.81603551e-01,1.75797523e+00
346,6.93000000e+00,6,-2.81603551e-01,1.75914872e+00
347,6.95000000e+00,6,-2.81603551e-01,1.76032605e+00
348,6.97000000e+00,6,-2.81603551e-01,1.76150722e+00
349,6.99000000e+00,6,-2.81603551e-01,1.76269225e+00
350,7.01000000e+00,6,-2.81603551e-01,1.76388112e+00
351,7.03000000e+00,6,-2.81603551e-01,1.76507385e+00
352,7.05000000e+00,6,-2.81603551e-01,1.76627045e+00
353,7.07000000e+00,6,-2.81603551e-01,1.76747091e+00
354,7.09000000e+00,6,-2.81603551e-01,1.76867524e+00
355,7.11000000e+00,6,-2.81603551e-01,1.76988344e+00
356,7.13000000e+00,6,-2.81603551e-01,1.77109553e+00
357,7.15000000e+00,6,-2.81603551e-01,1.77231150e+00
358,7.17000000e+00,6,-2.81603551e-01,1.77353135e+00
359,7.19000000e+00,6,-2.81603551e-01,1.77475510e+00
360,7.21000000e+00,6,-2.81603551e-01,1.77598275e+00
361,7.23000000e+00,6,-2.81603551e-01,1.77721430e+00
362,7.25000000e+00,6,-2.81603551e-01,1.77844975e+00
363,7.27000000e+00,6,-2.81603551e-01,1.77968912e+00
364,7.29000000e+00,6,-2.81603551e-01,1.78093240e+00
365,7.31000000e+00,6,-2.81603551e-01,1.78217960e+00
366,7.33000000e+00,6,-2.81603551e-01,1.78343072e+00
367,7.35000000e+00,6,-2.81603551e-01,1.78468577e+00
368,7.37000000e+00,6,-2.81603551e-01,1.78594476e+00
369,7.39000000e+00,6,-2.81603551e-01,1.78720769e+00
370,7.41000000e+00,6,-2.81603551e-01,1.78847455e+00
371,7.43000000e+00,6,-2.81603551e-01,1.78974537e+00
372,7.45000000e+00,6,-2.81603551e-01,1.79102013e+00
373,7.47000000e+00,6,-2.81603551e-01,1.79229886e+00
374,7.49000000e+00,6,-2.81603551e-01,1.79358154e+00
375,7.51000000e+00,6,-2.81603551e-01,1.79486819e+00
376,7.53000000e+00,6,-2.81603551e-01,1.79615882e+00
377,7.55000000e+00,6,-2.81603551e-01,1.79745341e+00
378,7.57000000e+00,6,-2.81603551e-01,1.79875199e+00
379,7.59000000e+00,6,-2.81603551e-01,1.80005456e+00
380,7.61000000e+00,6,-2.81603551e-01,1.80136111e+00
381,7.63000000e+00,6,-2.81603551e-01,1.80267166e+00
382,7.65000000e+00,6,-2.81603551e-01,1.80398620e+00
383,7.67000000e+00,6,-2.81603551e-01,1.80530476e+00
384,7.69000000e+00,6,-2.81603551e-01,1.80662732e+00
385,7.71000000e+00,6,-2.81603551e-01,1.80795389e+00
386,7.73000000e+00,6,-2.81603551e-01,1.80928449e+00
387,7.75000000e+00,6,-2.81603551e-01,1.81061911e+00
388,7.77000000e+00,6,-2.81603551e-01,1.81195775e+00
389,7.79000000e+00,6,-2.81603551e-01,1.81330043e+00
390,7.81000000e+00,6,-2.81603551e-01,1.81464715e+00
391,7.83000000e+00,6,-2.81603551e-01,1.81599792e+00
392,7.85000000e+00,6,-2.81603551e-01,1.81735273e+00
393,7.87000000e+00,6,-2.81603551e-01,1.81871159e+00
394,7.89000000e+00,6,-2.81603551e-01,1.82007452e+00
395,7.91000000e+00,6,-2.81603551e-01,1.82144151e+00
396,7.93000000e+00,6,-2.81603551e-01,1.82281256e+00
397,7.95000000e+00,6,-2.81603551e-01,1.82418769e+00
398,7.97000000e+00,6,-2.81603551e-01,1.82556690e+00
399,7.99000000e+00,6,-2.81603551e-01,1.82695020e+00
400,8.01000000e+00,6,-2.81603551e-01,1.82833758e+00
401,8.03000000e+00,6,-2.81603551e-01,1.82972905e+00
402,8.05000000e+00,6,-2.81603551e-01,1.83112463e+00
403,8.07000000e+00,6,-2.81603551e-01,1.83252431e+00
404,8.09000000e+00,6,-2.81603551e-01,1.83392810e+00
405,8.11000000e+00,6,-2.81603551e-01,1.83533600e+00
406,8.13000000e+00,6,-2.81603551e-01,1.83674802e+00
407,8.15000000e+00,6,-2.81603551e-01,1.83816416e+00
408,8.17000000e+00,6,-2.81603551e-01,1.83958444e+00
409,8.19000000e+00,6,-2.81603551e-01,1.84100884e+00
410,8.21000000e+00,6,-2.81603551e-01,1.84243739e+00
411,8.23000000e+00,6,-2.81603551e-01,1.84387008e+00
412,8.25000000e+00,6,-2.81603551e-01,1.84530692e+00
413,8.27000000e+00,6,-2.81603551e-01,1.84674791e+00
414,8.29000000e+00,6,-2.81603551e-01,1.84819306e+00
415,8.31000000e+00,6,-2.81603551e-01,1.84964238e+00
416,8.33000000e+00,6,-2.81603551e-01,1.85109586e+00
417,8.35000000e+00,6,-2.81603551e-01,1.85255352e+00
418,8.37000000e+00,6,-2.81603551e-01,1.85401535e+00
419,8.39000000e+00,6,-2.81603551e-01,1.85548136e+00
420,8.41000000e+00,6,-2.81603551e-01,1.85695156e+00
421,8.43000000e+00,6,-2.81603551e-01,1.85842596e+00
422,8.45000000e+00,6,-2.81603551e-01,1.85990454e+00
423,8.47000000e+00,6,-2.81603551e-01,1.86138733e+00
424,8.49000000e+00,6,-2.81603551e-01,1.86287432e+00
425,8.51000000e+00,6,-2.81603551e-01,1.86436552e+00
426,8.53000000e+00,6,-2.81603551e-01,1.86586093e+00
427,8.55000000e+00,6,-2.81603551e-01,1.86736056e+00
428,8.57000000e+00,6,-2.81603551e-01,1.86886442e+00
429,8.59000000e+00,6,-2.81603551e-01,1.87037249e+00
430,8.61000000e+00,6,-2.81603551e-01,1.87188480e+00
431,8.63000000e+00,6,-2.81603551e-01,1.87340135e+00
432,8.65000000e+00,6,-2.81603551e-01,1.87492213e+00
433,8.67000000e+00,6,-2.81603551e-01,1.87644716e+00
434,8.69000000e+00,6,-2.81603551e-01,1.87797643e+00
435,8.71000000e+00,6,-2.81603551e-01,1.87950997e+00
436,8.73000000e+00,6,-2.81603551e-01,1.88104776e+00
437,8.75000000e+00,6,-2.81603551e-01,1.88258982e+00
438,8.77000000e+00,6,-2.81603551e-01,1.88413616e+00
439,8.79000000e+00,6,-2.81603551e-01,1.88568677e+00
440,8.81000000e+00,6,-2.81603551e-01,1.88724168e+00
441,8.83000000e+00,6,-2.81603551e-01,1.88880088e+00
442,8.85000000e+00,6,-2.81603551e-01,1.89036439e+00
443,8.87000000e+00,6,-2.81603551e-01,1.89193223e+00
444,8.89000000e+00,6,-2.81603551e-01,1.89350439e+00
445,8.91000000e+00,6,-2.81603551e-01,1.89508090e+00
446,8.93000000e+00,6,-2.81603551e-01,1.89666177e+00
447,8.95000000e+00,6,-2.81603551e-01,1.89824702e+00
448,8.97000000e+00,6,-2.81603551e-01,1.89983667e+00
449,8.99000000e+00,6,-2.81603551e-01,1.90143075e+00
450,9.01000000e+00,6,-2.81603551e-01,1.90302926e+00
451,9.03000000e+00,6,-2.81603551e-01,1.90463225e+00
452,9.05000000e+00,6,-2.81603551e-01,1.90623974e+00
453,9.07000000e+00,6,-2.81603551e-01,1.90785176e+00
454,9.09000000e+00,6,-2.81603551e-01,1.90946835e+00
455,9.11000000e+00,6,-2.81603551e-01,1.91108954e+00
456,9.13000000e+00,6,-2.81603551e-01,1.91271538e+00
457,9.15000000e+00,6,-2.81603551e-01,1.91434591e+00
458,9.17000000e+00,6,-2.81603551e-01,1.91598118e+00
459,9.19000000e+00,6,-2.81603551e-01,1.91762123e+00
460,9.21000000e+00,6,-2.81603551e-01,1.91926611e+00
461,9.23000000e+00,6,-2.81603551e-01,1.92091588e+00
462,9.25000000e+00,6,-2.81603551e-01,1.92257059e+00
463,9.27000000e+00,6,-2.81603551e-01,1.92423029e+00
464,9.29000000e+00,6,-2.81603551e-01,1.92589503e+00
465,9.31000000e+00,6,-2.81603551e-01,1.92756486e+00
466,9.33000000e+00,6,-2.81603551e-01,1.92923983e+00
467,9.35000000e+00,6,-2.81603551e-01,1.93091999e+00
468,9.37000000e+00,6,-2.81603551e-01,1.93260537e+00
469,9.39000000e+00,6,-2.81603551e-01,1.93429602e+00
470,9.41000000e+00,6,-2.81603551e-01,1.93599197e+00
471,9.43000000e+00,6,-2.81603551e-01,1.93769326e+00
472,9.45000000e+00,6,-2.81603551e-01,1.93939991e+00
473,9.47000000e+00,6,-2.81603551e-01,1.94111199e+00
474,9.49000000e+00,6,-2.81603551e-01,1.94282953e+00
475,9.51000000e+00,6,-2.81603551e-01,1.94455263e+00
476,9.53000000e+00,6,-2.81603551e-01,1.94628141e+00
477,9.55000000e+00,6,-2.81603551e-01,1.94801604e+00
478,9.57000000e+00,6,-2.81603551e-01,1.94975680e+00
479,9.59000000e+00,6,-2.81603551e-01,1.95150407e+00
480,9.61000000e+00,6,-2.81603551e-01,1.95325839e+00
481,9.63000000e+00,6,-2.81603551e-01,1.95502053e+00
482,9.65000000e+00,6,-2.81603551e-01,1.95679154e+00
483,9.67000000e+00,6,-2.81603551e-01,1.95857283e+00
484,9.69000000e+00,6,-2.81603551e-01,1.96036626e+00
485,9.71000000e+00,6,-2.81603551e-01,1.96217425e+00
486,9.73000000e+00,6,-2.81603551e-01,1.96399993e+00
487,9.75000000e+00,6,-2.81603551e-01,1.96584722e+00
488,9.77000000e+00,6,-2.81603551e-01,1.96772101e+00
489,9.79000000e+00,6,-2.81603551e-01,1.96962729e+00
490,9.81000000e+00,6,-2.81603551e-01,1.97157329e+00
491,9.83000000e+00,6,-2.81603551e-01,1.97356753e+00
492,9.85000000e+00,6,-2.81603551e-01,1.97561995e+00
493,9.87000000e+00,6,-2.81603551e-01,1.97774183e+00
494,9.89000000e+00,6,-2.81603551e-01,1.97994565e+00
495,9.91000000e+00,6,-2.81603551e-01,1.98224478e+00
496,9.93000000e+00,6,-2.81603551e-01,1.98465278e+00
497,9.95000000e+00,6,-2.81603551e-01,1.98718136e+00
498,9.97000000e+00,6,-2.81603551e-01,1.98983314e+00
499,9.99000000e+00,6,-2.81603551e-01,1.99257273e+00
0,1.00000000e-02,7,-9.50125098e-02,1.56065923e+00
1,3.00000000e-02,7,-9.50125098e-02,1.56066632e+00
2,5.00000000e-02,7,-9.50125098e-02,1.56067784e+00
3,7.00000000e-02,7,-9.50125098e-02,1.56069259e+00
4,9.00000000e-02,7,-9.50125098e-02,1.56071043e+00
5,1.10000000e-01,7,-9.50125098e-02,1.56073140e+00
6,1.30000000e-01,7,-9.50125098e-02,1.56075549e+00
7,1.50000000e-01,7,-9.50125098e-02,1.56078272e+00
8,1.70000000e-01,7,-9.50125098e-02,1.56081310e+00
9,1.90000000e-01,7,-9.50125098e-02,1.56084663e+00
10,2.10000000e-01,7,-9.50125098e-02,1.56088331e+00
11,2.30000000e-01,7,-9.50125098e-02,1.56092314e+00
12,2.50000000e-01,7,-9.50125098e-02,1.56096611e+00
13,2.70000000e-01,7,-9.50125098e-02,1.56101224e+00
14,2.90000000e-01,7,-9.50125098e-02,1.56106150e+00
15,3.10000000e-01,7,-9.50125098e-02,1.56111391e+00
16,3.30000000e-01,7,-9.50125098e-02,1.56116945e+00
17,3.50000000e-01,7,-9.50125098e-02,1.56122814e+00
18,3.70000000e-01,7,-9.50125098e-02,1.56128996e+00
19,3.90000000e-01,7,-9.50125098e-02,1.56135492e+00
20,4.10000000e-01,7,-9.50125098e-02,1.56142301e+00
21,4.30000000e-01,7,-9.50125098e-02,1.56149424e+00
22,4.50000000e-01,7,-9.50125098e-02,1.56156860e+00
23,4.70000000e-01,7,-9.50125098e-02,1.56164609e+00
24,4.90000000e-01,7,-9.50125098e-02,1.56172672e+00
25,5.10000000e-01,7,-9.50125098e-02,1.56181048e+00
26,5.30000000e-01,7,-9.50125098e-02,1.56189737e+00
27,5.50000000e-01,7,-9.50125098e-02,1.56198739e+00
28,5.70000000e-01,7,-9.50125098e-02,1.56208054e+00
29,5.90000000e-01,7,-9.50125098e-02,1.56217683e+00
30,6.10000000e-01,7,-9.50125098e-02,1.56227625e+00
31,6.30000000e-01,7,-9.50125098e-02,1.56237879e+00
32,6.50000000e-01,7,-9.50125098e-02,1.56248447e+00
33,6.70000000e-01,7,-9.50125098e-02,1.56259329e+00
34,6.90000000e-01,7,-9.50125098e-02,1.56270523e+00
35,7.10000000e-01,7,-9.50125098e-02,1.56282030e+00
36,7.30000000e-01,7,-9.50125098e-02,1.56293851e+00
37,7.50000000e-01,7,-9.50125098e-02,1.56305985e+00
38,7.70000000e-01,7,-9.50125098e-02,1.56318432e+00
39,7.90000000e-01,7,-9.50125098e-02,1.56331193e+00
40,8.10000000e-01,7,-9.50125098e-02,1.56344267e+00
41,8.30000000e-01,7,-9.50125098e-02,1.56357654e+00
42,8.50000000e-01,7,-9.50125098e-02,1.56371355e+00
43,8.70000000e-01,7,-9.50125098e-02,1.56385369e+00
44,8.90000000e-01,7,-9.50125098e-02,1.56399697e+00
45,9.10000000e-01,7,-9.50125098e-02,1.56414338e+00
46,9.30000000e-01,7,-9.50125098e-02,1.56429293e+00
47,9.50000000e-01,7,-9.50125098e-02,1.56444561e+00
48,9.70000000e-01,7,-9.50125098e-02,1.56460143e+00
49,9.90000000e-01,7,-9.50125098e-02,1.56476039e+00
50,1.01000000e+00,7,-9.50125098e-02,1.56492248e+00
51,1.03000000e+00,7,-9.50125098e-02,1.56508771e+00
52,1.05000000e+00,7,-9.50125098e-02,1.56525608e+00
53,1.07000000e+00,7,-9.50125098e-02,1.56542759e+00
54,1.09000000e+00,7,-9.50125098e-02,1.56560224e+00
55,1.11000000e+00,7,-9.50125098e-02,1.56578003e+00
56,1.13000000e+00,7,-9.50125098e-02,1.56596096e+00
57,1.15000000e+00,7,-9.50125098e-02,1.56614504e+00
58,1.17000000e+00,7,-9.50125098e-02,1.56633225e+00
59,1.19000000e+00,7,-9.50125098e-02,1.56652261e+00
60,1.21000000e+00,7,-9.50125098e-02,1.56671611e+00
61,1.23000000e+00,7,-9.50125098e-02,1.56691275e+00
62,1.25000000e+00,7,-9.50125098e-02,1.56711254e+00
63,1.27000000e+00,7,-9.50125098e-02,1.56731547e+00
64,1.29000000e+00,7,-9.50125098e-02,1.56752155e+00
65,1.31000000e+00,7,-9.50125098e-02,1.56773078e+00
66,1.33000000e+00,7,-9.50125098e-02,1.56794315e+00
67,1.35000000e+00,7,-9.50125098e-02,1.56815868e+00
68,1.37000000e+00,7,-9.50125098e-02,1.56837735e+00
69,1.39000000e+00,7,-9.50125098e-02,1.56859917e+00
70,1.41000000e+00,7,-9.50125098e-02,1.56882414e+00
71,1.43000000e+00,7,-9.50125098e-02,1.56905226e+00
72,1.45000000e+00,7,-9.50125098e-02,1.56928353e+00
73,1.47000000e+00,7,-9.50125098e-02,1.56951796e+00
74,1.49000000e+00,7,-9.50125098e-02,1.56975554e+00
75,1.51000000e+00,7,-9.50125098e-02,1.56999627e+00
76,1.53000000e+00,7,-9.50125098e-02,1.57024016e+00
77,1.55000000e+00,7,-9.50125098e-02,1.57048721e+00
78,1.57000000e+00,7,-9.50125098e-02,1.57073741e+00
79,1.59000000e+00,7,-9.50125098e-02,1.57099077e+00
80,1.61000000e+00,7,-9.50125098e-02,1.57124729e+00
81,1.63000000e+00,7,-9.50125098e-02,1.57150696e+00
82,1.65000000e+00,7,-9.50125098e-02,1.57176980e+00
83,1.67000000e+00,7,-9.50125098e-02,1.57203580e+00
84,1.69000000e+00,7,-9.50125098e-02,1.57230497e+00
85,1.71000000e+00,7,-9.50125098e-02,1.57257729e+00
86,1.73000000e+00,7,-9.50125098e-02,1.57285278e+00
87,1.75000000e+00,7,-9.50125098e-02,1.57313144e+00
88,1.77000000e+00,7,-9.50125098e-02,1.57341326e+00
89,1.79000000e+00,7,-9.50125098e-02,1.57369825e+00
90,1.81000000e+00,7,-9.50125098e-02,1.57398640e+00
91,1.83000000e+00,7,-9.50125098e-02,1.57427773e+00
92,1.85000000e+00,7,-9.50125098e-02,1.57457223e+00
93,1.87000000e+00,7,-9.50125098e-02,1.57486989e+00
94,1.89000000e+00,7,-9.50125098e-02,1.57517073e+00
95,1.91000000e+00,7,-9.50125098e-02,1.57547475e+00
96,1.93000000e+00,7,-9.50125098e-02,1.57578193e+00
97,1.95000000e+00,7,-9.50125098e-02,1.57609230e+00
98,1.97000000e+00,7,-9.50125098e-02,1.57640584e+00
99,1.99000000e+00,7,-9.50125098e-02,1.57672256e+00
100,2.01000000e+00,7,-9.50125098e-02,1.57704245e+00
101,2.03000000e+00,7,-9.50125098e-02,1.57736553e+00
102,2.05000000e+00,7,-9.50125098e-02,1.57769179e+00
103,2.07000000e+00,7,-9.50125098e-02,1.57802123e+00
104,2.09000000e+00,7,-9.50125098e-02,1.57835386e+00
105,2.11000000e+00,7,-9.50125098e-02,1.57868967e+00
106,2.13000000e+00,7,-9.50125098e-02,1.57902866e+00
107,2.15000000e+00,7,-9.50125098e-02,1.57937085e+00
108,2.17000000e+00,7,-9.50125098e-02,1.57971622e+00
109,2.19000000e+00,7,-9.50125098e-02,1.58006478e+00
110,2.21000000e+00,7,-9.50125098e-02,1.58041653e+00
111,2.23000000e+00,7,-9.50125098e-02,1.58077147e+00
112,2.25000000e+00,7,-9.50125098e-02,1.58112961e+00
113,2.27000000e+00,7,-9.50125098e-02,1.58149094e+00
114,2.29000000e+00,7,-9.50125098e-02,1.58185547e+00
115,2.31000000e+00,7,-9.50125098e-02,1.58222320e+00
116,2.33000000e+00,7,-9.50125098e-02,1.58259412e+00
117,2.35000000e+00,7,-9.50125098e-02,1.58296825e+00
118,2.37000000e+00,7,-9.50125098e-02,1.58334558e+00
119,2.39000000e+00,7,-9.50125098e-02,1.58372610e+00
120,2.41000000e+00,7,-9.50125098e-02,1.58410984e+00
121,2.43000000e+00,7,-9.50125098e-02,1.58449678e+00
122,2.45000000e+00,7,-9.50125098e-02,1.58488692e+00
123,2.47000000e+00,7,-9.50125098e-02,1.58528027e+00
124,2.49000000e+00,7,-9.50125098e-02,1.58567684e+00
125,2.51000000e+00,7,-9.50125098e-02,1.58607661e+00
126,2.53000000e+00,7,-9.50125098e-02,1.58647960e+00
127,2.55000000e+00,7,-9.50125098e-02,1.58688580e+00
128,2.57000000e+00,7,-9.50125098e-02,1.58729522e+00
129,2.59000000e+00,7,-9.50125098e-02,1.58770785e+00
130,2.61000000e+00,7,-9.50125098e-02,1.58812370e+00
131,2.63000000e+00,7,-9.50125098e-02,1.58854277e+00
132,2.65000000e+00,7,-9.50125098e-02,1.58896506e+00
133,2.67000000e+00,7,-9.50125098e-02,1.58939058e+00
134,2.69000000e+00,7,-9.50125098e-02,1.58981932e+00
135,2.71000000e+00,7,-9.50125098e-02,1.59025129e+00
136,2.73000000e+00,7,-9.50125098e-02,1.59068648e+00
137,2.75000000e+00,7,-9.50125098e-02,1.59112490e+00
138,2.77000000e+00,7,-9.50125098e-02,1.59156656e+00
139,2.79000000e+00,7,-9.50125098e-02,1.59201144e+00
140,2.81000000e+00,7,-9.50125098e-02,1.59245956e+00
141,2.83000000e+00,7,-9.50125098e-02,1.59291092e+00
142,2.85000000e+00,7,-9.50125098e-02,1.59336551e+00
143,2.87000000e+00,7,-9.50125098e-02,1.59382334e+00
144,2.89000000e+00,7,-9.50125098e-02,1.59428441e+00
145,2.91000000e+00,7,-9.50125098e-02,1.59474873e+00
146,2.93000000e+00,7,-9.50125098e-02,1.59521628e+00
147,2.95000000e+00,7,-9.50125098e-02,1.59568709e+00
148,2.97000000e+00,7,-9.50125098e-02,1.59616114e+00
149,2.99000000e+00,7,-9.50125098e-02,1.59663843e+00
150,3.01000000e+00,7,-9.50125098e-02,1.59711898e+00
151,3.03000000e+00,7,-9.50125098e-02,1.59760279e+00
152,3.05000000e+00,7,-9.50125098e-02,1.59808984e+00
153,3.07000000e+00,7,-9.50125098e-02,1.59858015e+00
154,3.09000000e+00,7,-9.50125098e-02,1.59907372e+00
155,3.11000000e+00,7,-9.50125098e-02,1.59957055e+00
156,3.13000000e+00,7,-9.50125098e-02,1.60007064e+00
157,3.15000000e+00,7,-9.50125098e-02,1.60057399e+00
158,3.17000000e+00,7,-9.50125098e-02,1.60108061e+00
159,3.19000000e+00,7,-9.50125098e-02,1.60159049e+00
160,3.21000000e+00,7,-9.50125098e-02,1.60210364e+00
161,3.23000000e+00,7,-9.50125098e-02,1.60262007e+00
162,3.25000000e+00,7,-9.50125098e-02,1.60313976e+00
163,3.27000000e+00,7,-9.50125098e-02,1.60366273e+00
164,3.29000000e+00,7,-9.50125098e-02,1.60418897e+00
165,3.31000000e+00,7,-9.50125098e-02,1.60471849e+00
166,3.33000000e+00,7,-9.50125098e-02,1.60525130e+00
167,3.35000000e+00,7,-9.50125098e-02,1.60578738e+00
168,3.37000000e+00,7,-9.50125098e-02,1.60632674e+00
169,3.39000000e+00,7,-9.50125098e-02,1.60686940e+00
170,3.41000000e+00,7,-9.50125098e-02,1.60741534e+00
171,3.43000000e+00,7,-9.50125098e-02,1.60796457e+00
172,3.45000000e+00,7,-9.50125098e-02,1.60851709e+00
173,3.47000000e+00,7,-9.50125098e-02,1.60907290e+00
174,3.49000000e+00,7,-9.50125098e-02,1.60963201e+00
175,3.51000000e+00,7,-9.50125098e-02,1.61019442e+00
176,3.53000000e+00,7,-9.50125098e-02,1.61076012e+00
177,3.55000000e+00,7,-9.50125098e-02,1.61132913e+00
178,3.57000000e+00,7,-9.50125098e-02,1.61190144e+00
179,3.59000000e+00,7,-9.50125098e-02,1.61247706e+00
180,3.61000000e+00,7,-9.50125098e-02,1.61305598e+00
181,3.63000000e+00,7,-9.50125098e-02,1.61363821e+00
182,3.65000000e+00,7,-9.50125098e-02,1.61422376e+00
183,3.67000000e+00,7,-9.50125098e-02,1.61481262e+00
184,3.69000000e+00,7,-9.50125098e-02,1.61540480e+00
185,3.71000000e+00,7,-9.50125098e-02,1.61600029e+00
186,3.73000000e+00,7,-9.50125098e-02,1.61659910e+00
187,3.75000000e+00,7,-9.50125098e-02,1.61720124e+00
188,3.77000000e+00,7,-9.50125098e-02,1.61780670e+00
189,3.79000000e+00,7,-9.50125098e-02,1.61841549e+00
190,3.81000000e+00,7,-9.50125098e-02,1.61902761e+00
191,3.83000000e+00,7,-9.50125098e-02,1.61964306e+00
192,3.85000000e+00,7,-9.50125098e-02,1.62026184e+00
193,3.87000000e+00,7,-9.50125098e-02,1.62088396e+00
194,3.89000000e+00,7,-9.50125098e-02,1.62150942e+00
195,3.91000000e+00,7,-9.50125098e-02,1.62213821e+00
196,3.93000000e+00,7,-9.50125098e-02,1.62277035e+00
197,3.95000000e+00,7,-9.50125098e-02,1.62340584e+00
198,3.97000000e+00,7,-9.50125098e-02,1.62404467e+00
199,3.99000000e+00,7,-9.50125098e-02,1.62468685e+00
200,4.01000000e+00,7,-9.50125098e-02,1.62533238e+00
201,4.03000000e+00,7,-9.50125098e-02,1.62598127e+00
202,4.05000000e+00,7,-9.50125098e-02,1.62663351e+00
203,4.07000000e+00,7,-9.50125098e-02,1.62728911e+00
204,4.09000000e+00,7,-9.50125098e-02,1.62794808e+00
205,4.11000000e+00,7,-9.50125098e-02,1.62861040e+00
206,4.13000000e+00,7,-9.50125098e-02,1.62927610e+00
207,4.15000000e+00,7,-9.50125098e-02,1.62994516e+00
208,4.17000000e+00,7,-9.50125098e-02,1.63061759e+00
209,4.19000000e+00,7,-9.50125098e-02,1.63129339e+00
210,4.21000000e+00,7,-9.50125098e-02,1.63197257e+00
211,4.23000000e+00,7,-9.50125098e-02,1.63265513e+00
212,4.25000000e+00,7,-9.50125098e-02,1.63334107e+00
213,4.27000000e+00,7,-9.50125098e-02,1.63403039e+00
214,4.29000000e+00,7,-9.50125098e-02,1.63472310e+00
215,4.31000000e+00,7,-9.50125098e-02,1.63541920e+00
216,4.33000000e+00,7,-9.50125098e-02,1.63611869e+00
217,4.35000000e+00,7,-9.50125098e-02,1.63682156e+00
218,4.37000000e+00,7,-9.50125098e-02,1.63752784e+00
219,4.39000000e+00,7,-9.50125098e-02,1.63823751e+00
220,4.41000000e+00,7,-9.50125098e-02,1.63895059e+00
221,4.43000000e+00,7,-9.50125098e-02,1.63966707e+00
222,4.45000000e+00,7,-9.50125098e-02,1.64038695e+00
223,4.47000000e+00,7,-9.50125098e-02,1.64111024e+00
224,4.49000000e+00,7,-9.50125098e-02,1.64183694e+00
225,4.51000000e+00,7,-9.50125098e-02,1.64256706e+00
226,4.53000000e+00,7,-9.50125098e-02,1.64330059e+00
227,4.55000000e+00,7,-9.50125098e-02,1.64403755e+00
228,4.57000000e+00,7,-9.50125098e-02,1.64477792e+00
229,4.59000000e+00,7,-9.50125098e-02,1.64552172e+00
230,4.61000000e+00,7,-9.50125098e-02,1.64626895e+00
231,4.63000000e+00,7,-9.50125098e-02,1.64701960e+00
232,4.65000000e+00,7,-9.50125098e-02,1.64777369e+00
233,4.67000000e+00,7,-9.50125098e-02,1.64853121e+00
234,4.69000000e+00,7,-9.50125098e-02,1.64929217e+00
235,4.71000000e+00,7,-9.50125098e-02,1.65005658e+00
236,4.73000000e+00,7,-9.50125098e-02,1.65082442e+00
237,4.75000000e+00,7,-9.50125098e-02,1.65159572e+00
238,4.77000000e+00,7,-9.50125098e-02,1.65237046e+00
239,4.79000000e+00,7,-9.50125098e-02,1.65314865e+00
240,4.81000000e+00,7,-9.50125098e-02,1.65393030e+00
241,4.83000000e+00,7,-9.50125098e-02,1.65471540e+00
242,4.85000000e+00,7,-9.50125098e-02,1.65550397e+00
243,4.87000000e+00,7,-9.50125098e-02,1.65629600e+00
244,4.89000000e+00,7,-9.50125098e-02,1.65709149e+00
245,4.91000000e+00,7,-9.50125098e-02,1.65789046e+00
246,4.93000000e+00,7,-9.50125098e-02,1.65869289e+00
247,4.95000000e+00,7,-9.50125098e-02,1.65949881e+00
248,4.97000000e+00,7,-9.50125098e-02,1.66030819e+00
249,4.99000000e+00,7,-9.50125098e-02,1.66112106e+00
250,5.01000000e+00,7,-9.50125098e-02,1.66193742e+00
251,5.03000000e+00,7,-9.50125098e-02,1.66275726e+00
252,5.05000000e+00,7,-9.50125098e-02,1.66358059e+00
253,5.07000000e+00,7,-9.50125098e-02,1.66440741e+00
254,5.09000000e+00,7,-9.50125098e-02,1.66523773e+00
255,5.11000000e+00,7,-9.50125098e-02,1.66607154e+00
256,5.13000000e+00,7,-9.50125098e-02,1.66690886e+00
257,5.15000000e+00,7,-9.50125098e-02,1.66774968e+00
258,5.17000000e+00,7,-9.50125098e-02,1.66859401e+00
259,5.19000000e+00,7,-9.50125098e-02,1.66944185e+00
260,5.21000000e+00,7,-9.50125098e-02,1.67029320e+00
261,5.23000000e+00,7,-9.50125098e-02,1.67114808e+00
262,5.25000000e+00,7,-9.50125098e-02,1.67200647e+00
263,5.27000000e+00,7,-9.50125098e-02,1.67286838e+00
264,5.29000000e+00,7,-9.50125098e-02,1.67373382e+00
265,5.31000000e+00,7,-9.50125098e-02,1.67460279e+00
266,5.33000000e+00,7,-9.50125098e-02,1.67547529e+00
267,5.35000000e+00,7,-9.50125098e-02,1.67635133e+00
268,5.37000000e+00,7,-9.50125098e-02,1.67723091e+00
269,5.39000000e+00,7,-9.50125098e-02,1.67811403e+00
270,5.41000000e+00,7,-9.50125098e-02,1.67900069e+00
271,5.43000000e+00,7,-9.50125098e-02,1.67989090e+00
272,5.45000000e+00,7,-9.50125098e-02,1.68078467e+00
273,5.47000000e+00,7,-9.50125098e-02,1.68168199e+00
274,5.49000000e+00,7,-9.50125098e-02,1.68258286e+00
275,5.51000000e+00,7,-9.50125098e-02,1.68348730e+00
276,5.53000000e+00,7,-9.50125098e-02,1.68439531e+00
277,5.55000000e+00,7,-9.50125098e-02,1.68530688e+00
278,5.57000000e+00,7,-9.50125098e-02,1.68622202e+00
279,5.59000000e+00,7,-9.50125098e-02,1.68714074e+00
280,5.61000000e+00,7,-9.50125098e-02,1.68806303e+00
281,5.63000000e+00,7,-9.50125098e-02,1.68898891e+00
282,5.65000000e+00,7,-9.50125098e-02,1.68991837e+00
283,5.67000000e+00,7,-9.50125098e-02,1.69085142e+00
284,5.69000000e+00,7,-9.50125098e-02,1.69178806e+00
285,5.71000000e+00,7,-9.50125098e-02,1.69272830e+00
286,5.73000000e+00,7,-9.50125098e-02,1.69367213e+00
287,5.75000000e+00,7,-9.50125098e-02,1.69461957e+00
288,5.77000000e+00,7,-9.50125098e-02,1.69557061e+00
289,5.79000000e+00,7,-9.50125098e-02,1.69652526e+00
290,5.81000000e+00,7,-9.50125098e-02,1.69748352e+00
291,5.83000000e+00,7,-9.50125098e-02,1.69844540e+00
292,5.85000000e+00,7,-9.50125098e-02,1.69941090e+00
293,5.87000000e+00,7,-9.50125098e-02,1.70038001e+00
294,5.89000000e+00,7,-9.50125098e-02,1.70135276e+00
295,5.91000000e+00,7,-9.50125098e-02,1.70232913e+00
296,5.93000000e+00,7,-9.50125098e-02,1.70330914e+00
297,5.95000000e+00,7,-9.50125098e-02,1.70429279e+00
298,5.97000000e+00,7,-9.50125098e-02,1.70528007e+00
299,5.99000000e+00,7,-9.50125098e-02,1.70627100e+00
300,6.01000000e+00,7,-9.50125098e-02,1.70726558e+00
301,6.03000000e+00,7,-9.50125098e-02,1.70826381e+00
302,6.05000000e+00,7,-9.50125098e-02,1.70926569e+00
303,6.07000000e+00,7,-9.50125098e-02,1.71027123e+00
304,6.09000000e+00,7,-9.50125098e-02,1.71128043e+00
305,6.11000000e+00,7,-9.50125098e-02,1.71229330e+00
306,6.13000000e+00,7,-9.50125098e-02,1.71330984e+00
307,6.15000000e+00,7,-9.50125098e-02,1.71433005e+00
308,6.17000000e+00,7,-9.50125098e-02,1.71535394e+00
309,6.19000000e+00,7,-9.50125098e-02,1.71638150e+00
310,6.21000000e+00,7,-9.50125098e-02,1.71741276e+00
311,6.23000000e+00,7,-9.50125098e-02,1.71844770e+00
312,6.25000000e+00,7,-9.50125098e-02,1.71948633e+00
313,6.27000000e+00,7,-9.50125098e-02,1.72052866e+00
314,6.29000000e+00,7,-9.50125098e-02,1.72157468e+00
315,6.31000000e+00,7,-9.50125098e-02,1.72262441e+00
316,6.33000000e+00,7,-9.50125098e-02,1.72367785e+00
317,6.35000000e+00,7,-9.50125098e-02,1.72473500e+00
318,6.37000000e+00,7,-9.50125098e-02,1.72579586e+00
319,6.39000000e+00,7,-9.50125098e-02,1.72686044e+00
320,6.41000000e+00,7,-9.50125098e-02,1.72792875e+00
321,6.43000000e+00,7,-9.50125098e-02,1.72900078e+00
322,6.45000000e+00,7,-9.50125098e-02,1.73007654e+00
323,6.47000000e+00,7,-9.50125098e-02,1.73115603e+00
324,6.49000000e+00,7,-9.50125098e-02,1.73223926e+00
325,6.51000000e+00,7,-9.50125098e-02,1.73332624e+00
326,6.53000000e+00,7,-9.50125098e-02,1.73441696e+00
327,6.55000000e+00,7,-9.50125098e-02,1.73551143e+00
328,6.57000000e+00,7,-9.50125098e-02,1.73660965e+00
329,6.59000000e+00,7,-9.50125098e-02,1.73771163e+00
330,6.61000000e+00,7,-9.50125098e-02,1.73881738e+00
331,6.63000000e+00,7,-9.50125098e-02,1.73992689e+00
332,6.65000000e+00,7,-9.50125098e-02,1.74104017e+00
333,6.67000000e+00,7,-9.50125098e-02,1.74215722e+00
334,6.69000000e+00,7,-9.50125098e-02,1.74327805e+00
335,6.71000000e+00,7,-9.50125098e-02,1.74440267e+00
336,6.73000000e+00,7,-9.50125098e-02,1.74553107e+00
337,6.75000000e+00,7,-9.50125098e-02,1.74666326e+00
338,6.77000000e+00,7,-9.50125098e-02,1.74779924e+00
339,6.79000000e+00,7,-9.50125098e-02,1.74893903e+00
340,6.81000000e+00,7,-9.50125098e-02,1.75008261e+00
341,6.83000000e+00,7,-9.50125098e-02,1.75123001e+00
342,6.85000000e+00,7,-9.50125098e-02,1.75238121e+00
343,6.87000000e+00,7,-9.50125098e-02,1.75353623e+00
344,6.89000000e+00,7,-9.50125098e-02,1.75469507e+00
345,6.91000000e+00,7,-9.50125098e-02,1.75585774e+00
346,6.93000000e+00,7,-9.50125098e-02,1.75702423e+00
347,6.95000000e+00,7,-9.50125098e-02,1.75819455e+00
348,6.97000000e+00,7,-9.50125098e-02,1.75936871e+00
349,6.99000000e+00,7,-9.50125098e-02,1.76054671e+00
350,7.01000000e+00,7,-9.50125098e-02,1.76172856e+00
351,7.03000000e+00,7,-9.50125098e-02,1.76291426e+00
352,7.05000000e+00,7,-9.50125098e-02,1.76410381e+00
353,7.07000000e+00,7,-9.50125098e-02,1.76529722e+00
354,7.09000000e+00,7,-9.50125098e-02,1.76649449e+00
355,7.11000000e+00,7,-9.50125098e-02,1.76769562e+00
356,7.13000000e+00,7,-9.50125098e-02,1.76890063e+00
357,7.15000000e+00,7,-9.50125098e-02,1.77010952e+00
358,7.17000000e+00,7,-9.50125098e-02,1.77132228e+00
359,7.19000000e+00,7,-9.50125098e-02,1.77253893e+00
360,7.21000000e+00,7,-9.50125098e-02,1.77375947e+00
361,7.23000000e+00,7,-9.50125098e-02,1.77498390e+00
362,7.25000000e+00,7,-9.50125098e-02,1.77621223e+00
363,7.27000000e+00,7,-9.50125098e-02,1.77744446e+00
364,7.29000000e+00,7,-9.50125098e-02,1.77868060e+00
365,7.31000000e+00,7,-9.50125098e-02,1.77992065e+00
366,7.33000000e+00,7,-9.50125098e-02,1.78116461e+00
367,7.35000000e+00,7,-9.50125098e-02,1.78241250e+00
368,7.37000000e+00,7,-9.50125098e-02,1.78366431e+00
369,7.39000000e+00,7,-9.50125098e-02,1.78492005e+00
370,7.41000000e+00,7,-9.50125098e-02,1.78617973e+00
371,7.43000000e+00,7,-9.50125098e-02,1.78744334e+00
372,7.45000000e+00,7,-9.50125098e-02,1.78871090e+00
373,7.47000000e+00,7,-9.50125098e-02,1.78998241e+00
374,7.49000000e+00,7,-9.50125098e-02,1.79125787e+00
375,7.51000000e+00,7,-9.50125098e-02,1.79253728e+00
376,7.53000000e+00,7,-9.50125098e-02,1.79382066e+00
377,7.55000000e+00,7,-9.50125098e-02,1.79510801e+00
378,7.57000000e+00,7,-9.50125098e-02,1.79639932e+00
379,7.59000000e+00,7,-9.50125098e-02,1.79769462e+00
380,7.61000000e+00,7,-9.50125098e-02,1.79899389e+00
381,7.63000000e+00,7,-9.50125098e-02,1.80029715e+00
382,7.65000000e+00,7,-9.50125098e-02,1.80160441e+00
383,7.67000000e+00,7,-9.50125098e-02,1.80291565e+00
384,7.69000000e+00,7,-9.50125098e-02,1.80423090e+00
385,7.71000000e+00,7,-9.50125098e-02,1.80555015e+00
386,7.73000000e+00,7,-9.50125098e-02,1.80687342e+00
387,7.75000000e+00,7,-9.50125098e-02,1.80820069e+00
388,7.77000000e+00,7,-9.50125098e-02,1.80953199e+00
389,7.79000000e+00,7,-9.50125098e-02,1.81086731e+00
390,7.81000000e+00,7,-9.50125098e-02,1.81220667e+00
391,7.83000000e+00,7,-9.50125098e-02,1.81355005e+00
392,7.85000000e+00,7,-9.50125098e-02,1.81489748e+00
393,7.87000000e+00,7,-9.50125098e-02,1.81624895e+00
394,7.89000000e+00,7,-9.50125098e-02,1.81760447e+00
395,7.91000000e+00,7,-9.50125098e-02,1.81896405e+00
396,7.93000000e+00,7,-9.50125098e-02,1.82032768e+00
397,7.95000000e+00,7,-9.50125098e-02,1.82169538e+00
398,7.97000000e+00,7,-9.50125098e-02,1.82306715e+00
399,7.99000000e+00,7,-9.50125098e-02,1.82444299e+00
400,8.01000000e+00,7,-9.50125098e-02,1.82582292e+00
401,8.03000000e+00,7,-9.50125098e-02,1.82720693e+00
402,8.05000000e+00,7,-9.50125098e-02,1.82859502e+00
403,8.07000000e+00,7,-9.50125098e-02,1.82998722e+00
404,8.09000000e+00,7,-9.50125098e-02,1.83138351e+00
405,8.11000000e+00,7,-9.50125098e-02,1.83278391e+00
406,8.13000000e+00,7,-9.50125098e-02,1.83418842e+00
407,8.15000000e+00,7,-9.50125098e-02,1.83559704e+00
408,8.17000000e+00,7,-9.50125098e-02,1.83700978e+00
409,8.19000000e+00,7,-9.50125098e-02,1.83842665e+00
410,8.21000000e+00,7,-9.50125098e-02,1.83984765e+00
411,8.23000000e+00,7,-9.50125098e-02,1.84127278e+00
412,8.25000000e+00,7,-9.50125098e-02,1.84270206e+00
413,8.27000000e+00,7,-9.50125098e-02,1.84413547e+00
414,8.29000000e+00,7,-9.50125098e-02,1.84557304e+00
415,8.31000000e+00,7,-9.50125098e-02,1.84701477e+00
416,8.33000000e+00,7,-9.50125098e-02,1.84846065e+00
417,8.35000000e+00,7,-9.50125098e-02,1.84991070e+00
418,8.37000000e+00,7,-9.50125098e-02,1.85136491e+00
419,8.39000000e+00,7,-9.50125098e-02,1.85282330e+00
420,8.41000000e+00,7,-9.50125098e-02,1.85428587e+00
421,8.43000000e+00,7,-9.50125098e-02,1.85575262e+00
422,8.45000000e+00,7,-9.50125098e-02,1.85722356e+00
423,8.47000000e+00,7,-9.50125098e-02,1.85869869e+00
424,8.49000000e+00,7,-9.50125098e-02,1.86017802e+00
425,8.51000000e+00,7,-9.50125098e-02,1.86166155e+00
426,8.53000000e+00,7,-9.50125098e-02,1.86314928e+00
427,8.55000000e+00,7,-9.50125098e-02,1.86464122e+00
428,8.57000000e+00,7,-9.50125098e-02,1.86613738e+00
429,8.59000000e+00,7,-9.50125098e-02,1.86763775e+00
430,8.61000000e+00,7,-9.50125098e-02,1.86914234e+00
431,8.63000000e+00,7,-9.50125098e-02,1.87065116e+00
432,8.65000000e+00,7,-9.50125098e-02,1.87216421e+00
433,8.67000000e+00,7,-9.50125098e-02,1.87368149e+00
434,8.69000000e+00,7,-9.50125098e-02,1.87520301e+00
435,8.71000000e+00,7,-9.50125098e-02,1.87672878e+00
436,8.73000000e+00,7,-9.50125098e-02,1.87825879e+00
437,8.75000000e+00,7,-9.50125098e-02,1.87979305e+00
438,8.77000000e+00,7,-9.50125098e-02,1.88133157e+00
439,8.79000000e+00,7,-9.50125098e-02,1.88287436e+00
440,8.81000000e+00,7,-9.50125098e-02,1.88442141e+00
441,8.83000000e+00,7,-9.50125098e-02,1.88597274e+00
442,8.85000000e+00,7,-9.50125098e-02,1.88752835e+00
443,8.87000000e+00,7,-9.50125098e-02,1.88908825e+00
444,8.89000000e+00,7,-9.50125098e-02,1.89065245e+00
445,8.91000000e+00,7,-9.50125098e-02,1.89222096e+00
446,8.93000000e+00,7,-9.50125098e-02,1.89379380e+00
447,8.95000000e+00,7,-9.50125098e-02,1.89537097e+00
448,8.97000000e+00,7,-9.50125098e-02,1.89695250e+00
449,8.99000000e+00,7,-9.50125098e-02,1.89853839e+00
450,9.01000000e+00,7,-9.50125098e-02,1.90012867e+00
451,9.03000000e+00,7,-9.50125098e-02,1.90172336e+00
452,9.05000000e+00,7,-9.50125098e-02,1.90332248e+00
453,9.07000000e+00,7,-9.50125098e-02,1.90492607e+00
454,9.09000000e+00,7,-9.50125098e-02,1.90653414e+00
455,9.11000000e+00,7,-9.50125098e-02,1.90814674e+00
456,9.13000000e+00,7,-9.50125098e-02,1.90976390e+00
457,9.15000000e+00,7,-9.50125098e-02,1.91138567e+00
458,9.17000000e+00,7,-9.50125098e-02,1.91301207e+00
459,9.19000000e+00,7,-9.50125098e-02,1.91464317e+00
460,9.21000000e+00,7,-9.50125098e-02,1.91627901e+00
461,9.23000000e+00,7,-9.50125098e-02,1.91791964e+00
462,9.25000000e+00,7,-9.50125098e-02,1.91956511e+00
463,9.27000000e+00,7,-9.50125098e-02,1.92121548e+00
464,9.29000000e+00,7,-9.50125098e-02,1.92287081e+00
465,9.31000000e+00,7,-9.50125098e-02,1.92453113e+00
466,9.33000000e+00,7,-9.50125098e-02,1.92619649e+00
467,9.35000000e+00,7,-9.50125098e-02,1.92786695e+00
468,9.37000000e+00,7,-9.50125098e-02,1.92954252e+00
469,9.39000000e+00,7,-9.50125098e-02,1.93122323e+00
470,9.41000000e+00,7,-9.50125098e-02,1.93290909e+00
471,9.43000000e+00,7,-9.50125098e-02,1.93460008e+00
472,9.45000000e+00,7,-9.50125098e-02,1.93629617e+00
473,9.47000000e+00,7,-9.50125098e-02,1.93799731e+00
474,9.49000000e+00,7,-9.50125098e-02,1.93970342e+00
475,9.51000000e+00,7,-9.50125098e-02,1.94141438e+00
476,9.53000000e+00,7,-9.50125098e-02,1.94313009e+00
477,9.55000000e+00,7,-9.50125098e-02,1.94485039e+00
478,9.57000000e+00,7,-9.50125098e-02,1.94657515e+00
479,9.59000000e+00,7,-9.50125098e-02,1.94830424e+00
480,9.61000000e+00,7,-9.50125098e-02,1.95003759e+00
481,9.63000000e+00,7,-9.50125098e-02,1.95177522e+00
482,9.65000000e+00,7,-9.50125098e-02,1.95351729e+00
483,9.67000000e+00,7,-9.50125098e-02,1.95526424e+00
484,9.69000000e+00,7,-9.50125098e-02,1.95701688e+00
485,9.71000000e+00,7,-9.50125098e-02,1.95877653e+00
486,9.73000000e+00,7,-9.50125098e-02,1.96054534e+00
487,9.75000000e+00,7,-9.50125098e-02,1.96232653e+00
488,9.77000000e+00,7,-9.50125098e-02,1.96412485e+00
489,9.79000000e+00,7,-9.50125098e-02,1.96594716e+00
490,9.81000000e+00,7,-9.50125098e-02,1.96780322e+00
491,9.83000000e+00,7,-9.50125098e-02,1.96970686e+00
492,9.85000000e+00,7,-9.50125098e-02,1.97167746e+00
493,9.87000000e+00,7,-9.50125098e-02,1.97374226e+00
494,9.89000000e+00,7,-9.50125098e-02,1.97593957e+00
495,9.91000000e+00,7,-9.50125098e-02,1.97832344e+00
496,9.93000000e+00,7,-9.50125098e-02,1.98097028e+00
497,9.95000000e+00,7,-9.50125098e-02,1.98398696e+00
498,9.97000000e+00,7,-9.50125098e-02,1.98751381e+00
499,9.99000000e+00,7,-9.50125098e-02,1.99169028e+00
0,1.00000000e-02,8,9.50125098e-02,1.56065524e+00
1,3.00000000e-02,8,9.50125098e-02,1.56065707e+00
2,5.00000000e-02,8,9.50125098e-02,1.56066277e+00
3,7.00000000e-02,8,9.50125098e-02,1.56067162e+00
4,9.00000000e-02,8,9.50125098e-02,1.56068355e+00
5,1.10000000e-01,8,9.50125098e-02,1.56069859e+00
6,1.30000000e-01,8,9.50125098e-02,1.56071676e+00
7,1.50000000e-01,8,9.50125098e-02,1.56073807e+00
8,1.70000000e-01,8,9.50125098e-02,1.56076253e+00
9,1.90000000e-01,8,9.50125098e-02,1.56079014e+00
10,2.10000000e-01,8,9.50125098e-02,1.56082091e+00
11,2.30000000e-01,8,9.50125098e-02,1.56085482e+00
12,2.50000000e-01,8,9.50125098e-02,1.56089188e+00
13,2.70000000e-01,8,9.50125098e-02,1.56093208e+00
14,2.90000000e-01,8,9.50125098e-02,1.56097543e+00
15,3.10000000e-01,8,9.50125098e-02,1.56102191e+00
16,3.30000000e-01,8,9.50125098e-02,1.56107154e+00
17,3.50000000e-01,8,9.50125098e-02,1.56112431e+00
18,3.70000000e-01,8,9.50125098e-02,1.56118021e+00
19,3.90000000e-01,8,9.50125098e-02,1.56123925e+00
20,4.10000000e-01,8,9.50125098e-02,1.56130142e+00
21,4.30000000e-01,8,9.50125098e-02,1.56136673e+00
22,4.50000000e-01,8,9.50125098e-02,1.56143517e+00
23,4.70000000e-01,8,9.50125098e-02,1.56150674e+00
24,4.90000000e-01,8,9.50125098e-02,1.56158144e+00
25,5.10000000e-01,8,9.50125098e-02,1.56165928e+00
26,5.30000000e-01,8,9.50125098e-02,1.56174025e+00
27,5.50000000e-01,8,9.50125098e-02,1.56182435e+00
28,5.70000000e-01,8,9.50125098e-02,1.56191157e+00
29,5.90000000e-01,8,9.50125098e-02,1.56200194e+00
30,6.10000000e-01,8,9.50125098e-02,1.56209543e+00
31,6.30000000e-01,8,9.50125098e-02,1.56219205e+00
32,6.50000000e-01,8,9.50125098e-02,1.56229180e+00
33,6.70000000e-01,8,9.50125098e-02,1.56239469e+00
34,6.90000000e-01,8,9.50125098e-02,1.56250071e+00
35,7.10000000e-01,8,9.50125098e-02,1.56260985e+00
36,7.30000000e-01,8,9.50125098e-02,1.56272213e+00
37,7.50000000e-01,8,9.50125098e-02,1.56283754e+00
38,7.70000000e-01,8,9.50125098e-02,1.56295609e+00
39,7.90000000e-01,8,9.50125098e-02,1.56307776e+00
40,8.10000000e-01,8,9.50125098e-02,1.56320257e+00
41,8.30000000e-01,8,9.50125098e-02,1.56333051e+00
42,8.50000000e-01,8,9.50125098e-02,1.56346159e+00
43,8.70000000e-01,8,9.50125098e-02,1.56359580e+00
44,8.90000000e-01,8,9.50125098e-02,1.56373314e+00
45,9.10000000e-01,8,9.50125098e-02,1.56387361e+00
46,9.30000000e-01,8,9.50125098e-02,1.56401723e+00
47,9.50000000e-01,8,9.50125098e-02,1.56416397e+00
48,9.70000000e-01,8,9.50125098e-02,1.56431385e+00
49,9.90000000e-01,8,9.50125098e-02,1.56446687e+00
50,1.01000000e+00,8,9.50125098e-02,1.56462302e+00
51,1.03000000e+00,8,9.50125098e-02,1.56478232e+00
52,1.05000000e+00,8,9.50125098e-02,1.56494474e+00
53,1.07000000e+00,8,9.50125098e-02,1.56511031e+00
54,1.09000000e+00,8,9.50125098e-02,1.56527902e+00
55,1.11000000e+00,8,9.50125098e-02,1.56545086e+00
56,1.13000000e+00,8,9.50125098e-02,1.56562584e+00
57,1.15000000e+00,8,9.50125098e-02,1.56580397e+00
58,1.17000000e+00,8,9.50125098e-02,1.56598523e+00
59,1.19000000e+00,8,9.50125098e-02,1.56616964e+00
60,1.21000000e+00,8,9.50125098e-02,1.56635719e+00
61,1.23000000e+00,8,9.50125098e-02,1.56654788e+00
62,1.25000000e+00,8,9.50125098e-02,1.56674171e+00
63,1.27000000e+00,8,9.50125098e-02,1.56693869e+00
64,1.29000000e+00,8,9.50125098e-02,1.56713881e+00
65,1.31000000e+00,8,9.50125098e-02,1.56734208e+00
66,1.33000000e+00,8,9.50125098e-02,1.56754849e+00
67,1.35000000e+00,8,9.50125098e-02,1.56775805e+00
68,1.37000000e+00,8,9.50125098e-02,1.56797076e+00
69,1.39000000e+00,8,9.50125098e-02,1.56818661e+00
70,1.41000000e+00,8,9.50125098e-02,1.56840561e+00
71,1.43000000e+00,8,9.50125098e-02,1.56862777e+00
72,1.45000000e+00,8,9.50125098e-02,1.56885307e+00
73,1.47000000e+00,8,9.50125098e-02,1.56908153e+00
74,1.49000000e+00,8,9.50125098e-02,1.56931313e+00
75,1.51000000e+00,8,9.50125098e-02,1.56954789e+00
76,1.53000000e+00,8,9.50125098e-02,1.56978581e+00
77,1.55000000e+00,8,9.50125098e-02,1.57002687e+00
78,1.57000000e+00,8,9.50125098e-02,1.57027110e+00
79,1.59000000e+00,8,9.50125098e-02,1.57051847e+00
80,1.61000000e+00,8,9.50125098e-02,1.57076901e+00
81,1.63000000e+00,8,9.50125098e-02,1.57102270e+00
82,1.65000000e+00,8,9.50125098e-02,1.57127955e+00
83,1.67000000e+00,8,9.50125098e-02,1.57153957e+00
84,1.69000000e+00,8,9.50125098e-02,1.57180274e+00
85,1.71000000e+00,8,9.50125098e-02,1.57206907e+00
86,1.73000000e+00,8,9.50125098e-02,1.57233857e+00
87,1.75000000e+00,8,9.50125098e-02,1.57261123e+00
88,1.77000000e+00,8,9.50125098e-02,1.57288705e+00
89,1.79000000e+00,8,9.50125098e-02,1.57316604e+00
90,1.81000000e+00,8,9.50125098e-02,1.57344820e+00
91,1.83000000e+00,8,9.50125098e-02,1.57373352e+00
92,1.85000000e+00,8,9.50125098e-02,1.57402201e+00
93,1.87000000e+00,8,9.50125098e-02,1.57431367e+00
94,1.89000000e+00,8,9.50125098e-02,1.57460850e+00
95,1.91000000e+00,8,9.50125098e-02,1.57490650e+00
96,1.93000000e+00,8,9.50125098e-02,1.57520768e+00
97,1.95000000e+00,8,9.50125098e-02,1.57551202e+00
98,1.97000000e+00,8,9.50125098e-02,1.57581955e+00
99,1.99000000e+00,8,9.50125098e-02,1.57613025e+00
100,2.01000000e+00,8,9.50125098e-02,1.57644412e+00
101,2.03000000e+00,8,9.50125098e-02,1.57676117e+00
102,2.05000000e+00,8,9.50125098e-02,1.57708141e+00
103,2.07000000e+00,8,9.50125098e-02,1.57740482e+00
104,2.09000000e+00,8,9.50125098e-02,1.57773141e+00
105,2.11000000e+00,8,9.50125098e-02,1.57806119e+00
106,2.13000000e+00,8,9.50125098e-02,1.57839415e+00
107,2.15000000e+00,8,9.50125098e-02,1.57873029e+00
108,2.17000000e+00,8,9.50125098e-02,1.57906963e+00
109,2.19000000e+00,8,9.50125098e-02,1.57941214e+00
110,2.21000000e+00,8,9.50125098e-02,1.57975785e+00
111,2.23000000e+00,8,9.50125098e-02,1.58010675e+00
112,2.25000000e+00,8,9.50125098e-02,1.58045884e+00
113,2.27000000e+00,8,9.50125098e-02,1.58081412e+00
114,2.29000000e+00,8,9.50125098e-02,1.58117259e+00
115,2.31000000e+00,8,9.50125098e-02,1.58153426e+00
116,2.33000000e+00,8,9.50125098e-02,1.58189912e+00
117,2.35000000e+00,8,9.50125098e-02,1.58226719e+00
118,2.37000000e+00,8,9.50125098e-02,1.58263845e+00
119,2.39000000e+00,8,9.50125098e-02,1.58301291e+00
120,2.41000000e+00,8,9.50125098e-02,1.58339057e+00
121,2.43000000e+00,8,9.50125098e-02,1.58377144e+00
122,2.45000000e+00,8,9.50125098e-02,1.58415551e+00
123,2.47000000e+00,8,9.50125098e-02,1.58454278e+00
124,2.49000000e+00,8,9.50125098e-02,1.58493327e+00
125,2.51000000e+00,8,9.50125098e-02,1.58532696e+00
126,2.53000000e+00,8,9.50125098e-02,1.58572386e+00
127,2.55000000e+00,8,9.50125098e-02,1.58612397e+00
128,2.57000000e+00,8,9.50125098e-02,1.58652729e+00
129,2.59000000e+00,8,9.50125098e-02,1.58693383e+00
130,2.61000000e+00,8,9.50125098e-02,1.58734359e+00
131,2.63000000e+00,8,9.50125098e-02,1.58775656e+00
132,2.65000000e+00,8,9.50125098e-02,1.58817275e+00
133,2.67000000e+00,8,9.50125098e-02,1.58859216e+00
134,2.69000000e+00,8,9.50125098e-02,1.58901479e+00
135,2.71000000e+00,8,9.50125098e-02,1.58944064e+00
136,2.73000000e+00,8,9.50125098e-02,1.58986972e+00
137,2.75000000e+00,8,9.50125098e-02,1.59030203e+00
138,2.77000000e+00,8,9.50125098e-02,1.59073756e+00
139,2.79000000e+00,8,9.50125098e-02,1.59117632e+00
140,2.81000000e+00,8,9.50125098e-02,1.59161831e+00
141,2.83000000e+00,8,9.50125098e-02,1.59206354e+00
142,2.85000000e+00,8,9.50125098e-02,1.59251200e+00
143,2.87000000e+00,8,9.50125098e-02,1.59296369e+00
144,2.89000000e+00,8,9.50125098e-02,1.59341863e+00
145,2.91000000e+00,8,9.50125098e-02,1.59387680e+00
146,2.93000000e+00,8,9.50125098e-02,1.59433821e+00
147,2.95000000e+00,8,9.50125098e-02,1.59480286e+00
148,2.97000000e+00,8,9.50125098e-02,1.59527076e+00
149,2.99000000e+00,8,9.50125098e-02,1.59574190e+00
150,3.01000000e+00,8,9.50125098e-02,1.59621629e+00
151,3.03000000e+00,8,9.50125098e-02,1.59669393e+00
152,3.05000000e+00,8,9.50125098e-02,1.59717482e+00
153,3.07000000e+00,8,9.50125098e-02,1.59765896e+00
154,3.09000000e+00,8,9.50125098e-02,1.59814636e+00
155,3.11000000e+00,8,9.50125098e-02,1.59863701e+00
156,3.13000000e+00,8,9.50125098e-02,1.59913092e+00
157,3.15000000e+00,8,9.50125098e-02,1.59962809e+00
158,3.17000000e+00,8,9.50125098e-02,1.60012852e+00
159,3.19000000e+00,8,9.50125098e-02,1.60063222e+00
160,3.21000000e+00,8,9.50125098e-02,1.60113918e+00
161,3.23000000e+00,8,9.50125098e-02,1.60164940e+00
162,3.25000000e+00,8,9.50125098e-02,1.60216290e+00
163,3.27000000e+00,8,9.50125098e-02,1.60267966e+00
164,3.29000000e+00,8,9.50125098e-02,1.60319970e+00
165,3.31000000e+00,8,9.50125098e-02,1.60372301e+00
166,3.33000000e+00,8,9.50125098e-02,1.60424959e+00
167,3.35000000e+00,8,9.50125098e-02,1.60477946e+00
168,3.37000000e+00,8,9.50125098e-02,1.60531260e+00
169,3.39000000e+00,8,9.50125098e-02,1.60584903e+00
170,3.41000000e+00,8,9.50125098e-02,1.60638874e+00
171,3.43000000e+00,8,9.50125098e-02,1.60693173e+00
172,3.45000000e+00,8,9.50125098e-02,1.60747802e+00
173,3.47000000e+00,8,9.50125098e-02,1.60802759e+00
174,3.49000000e+00,8,9.50125098e-02,1.60858045e+00
175,3.51000000e+00,8,9.50125098e-02,1.60913661e+00
176,3.53000000e+00,8,9.50125098e-02,1.60969606e+00
177,3.55000000e+00,8,9.50125098e-02,1.61025882e+00
178,3.57000000e+00,8,9.50125098e-02,1.61082487e+00
179,3.59000000e+00,8,9.50125098e-02,1.61139422e+00
180,3.61000000e+00,8,9.50125098e-02,1.61196687e+00
181,3.63000000e+00,8,9.50125098e-02,1.61254284e+00
182,3.65000000e+00,8,9.50125098e-02,1.61312210e+00
183,3.67000000e+00,8,9.50125098e-02,1.61370468e+00
184,3.69000000e+00,8,9.50125098e-02,1.61429057e+00
185,3.71000000e+00,8,9.50125098e-02,1.61487978e+00
186,3.73000000e+00,8,9.50125098e-02,1.61547230e+00
187,3.75000000e+00,8,9.50125098e-02,1.61606814e+00
188,3.77000000e+00,8,9.50125098e-02,1.61666730e+00
189,3.79000000e+00,8,9.50125098e-02,1.61726979e+00
190,3.81000000e+00,8,9.50125098e-02,1.61787559e+00
191,3.83000000e+00,8,9.50125098e-02,1.61848473e+00
192,3.85000000e+00,8,9.50125098e-02,1.61909719e+00
193,3.87000000e+00,8,9.50125098e-02,1.61971299e+00
194,3.89000000e+00,8,9.50125098e-02,1.62033212e+00
195,3.91000000e+00,8,9.50125098e-02,1.62095458e+00
196,3.93000000e+00,8,9.50125098e-02,1.62158039e+00
197,3.95000000e+00,8,9.50125098e-02,1.62220953e+00
198,3.97000000e+00,8,9.50125098e-02,1.62284202e+00
199,3.99000000e+00,8,9.50125098e-02,1.62347785e+00
200,4.01000000e+00,8,9.50125098e-02,1.62411703e+00
201,4.03000000e+00,8,9.50125098e-02,1.62475956e+00
202,4.05000000e+00,8,9.50125098e-02,1.62540544e+00
203,4.07000000e+00,8,9.50125098e-02,1.62605468e+00
204,4.09000000e+00,8,9.50125098e-02,1.62670727e+00
205,4.11000000e+00,8,9.50125098e-02,1.62736322e+00
206,4.13000000e+00,8,9.50125098e-02,1.62802253e+00
207,4.15000000e+00,8,9.50125098e-02,1.62868521e+00
208,4.17000000e+00,8,9.50125098e-02,1.62935125e+00
209,4.19000000e+00,8,9.50125098e-02,1.63002066e+00
210,4.21000000e+00,8,9.50125098e-02,1.63069344e+00
211,4.23000000e+00,8,9.50125098e-02,1.63136960e+00
212,4.25000000e+00,8,9.50125098e-02,1.63204913e+00
213,4.27000000e+00,8,9.50125098e-02,1.63273204e+00
214,4.29000000e+00,8,9.50125098e-02,1.63341833e+00
215,4.31000000e+00,8,9.50125098e-02,1.63410800e+00
216,4.33000000e+00,8,9.50125098e-02,1.63480106e+00
217,4.35000000e+00,8,9.50125098e-02,1.63549750e+00
218,4.37000000e+00,8,9.50125098e-02,1.63619734e+00
219,4.39000000e+00,8,9.50125098e-02,1.63690057e+00
220,4.41000000e+00,8,9.50125098e-02,1.63760720e+00
221,4.43000000e+00,8,9.50125098e-02,1.63831723e+00
222,4.45000000e+00,8,9.50125098e-02,1.63903065e+00
223,4.47000000e+00,8,9.50125098e-02,1.63974748e+00
224,4.49000000e+00,8,9.50125098e-02,1.64046772e+00
225,4.51000000e+00,8,9.50125098e-02,1.64119136e+00
226,4.53000000e+00,8,9.50125098e-02,1.64191842e+00
227,4.55000000e+00,8,9.50125098e-02,1.64264889e+00
228,4.57000000e+00,8,9.50125098e-02,1.64338278e+00
229,4.59000000e+00,8,9.50125098e-02,1.64412008e+00
230,4.61000000e+00,8,9.50125098e-02,1.64486081e+00
231,4.63000000e+00,8,9.50125098e-02,1.64560496e+00
232,4.65000000e+00,8,9.50125098e-02,1.64635254e+00
233,4.67000000e+00,8,9.50125098e-02,1.64710355e+00
234,4.69000000e+00,8,9.50125098e-02,1.64785800e+00
235,4.71000000e+00,8,9.50125098e-02,1.64861588e+00
236,4.73000000e+00,8,9.50125098e-02,1.64937719e+00
237,4.75000000e+00,8,9.50125098e-02,1.65014195e+00
238,4.77000000e+00,8,9.50125098e-02,1.65091015e+00
239,4.79000000e+00,8,9.50125098e-02,1.65168180e+00
240,4.81000000e+00,8,9.50125098e-02,1.65245690e+00
241,4.83000000e+00,8,9.50125098e-02,1.65323545e+00
242,4.85000000e+00,8,9.50125098e-02,1.65401745e+00
243,4.87000000e+00,8,9.50125098e-02,1.65480291e+00
244,4.89000000e+00,8,9.50125098e-02,1.65559184e+00
245,4.91000000e+00,8,9.50125098e-02,1.65638422e+00
246,4.93000000e+00,8,9.50125098e-02,1.65718008e+00
247,4.95000000e+00,8,9.50125098e-02,1.65797940e+00
248,4.97000000e+00,8,9.50125098e-02,1.65878219e+00
249,4.99000000e+00,8,9.50125098e-02,1.65958846e+00
250,5.01000000e+00,8,9.50125098e-02,1.66039821e+00
251,5.03000000e+00,8,9.50125098e-02,1.66121144e+00
252,5.05000000e+00,8,9.50125098e-02,1.66202815e+00
253,5.07000000e+00,8,9.50125098e-02,1.66284835e+00
254,5.09000000e+00,8,9.50125098e-02,1.66367204e+00
255,5.11000000e+00,8,9.50125098e-02,1.66449922e+00
256,5.13000000e+00,8,9.50125098e-02,1.66532990e+00
257,5.15000000e+00,8,9.50125098e-02,1.66616407e+00
258,5.17000000e+00,8,9.50125098e-02,1.66700175e+00
259,5.19000000e+00,8,9.50125098e-02,1.66784293e+00
260,5.21000000e+00,8,9.50125098e-02,1.66868762e+00
261,5.23000000e+00,8,9.50125098e-02,1.66953582e+00
262,5.25000000e+00,8,9.50125098e-02,1.67038754e+00
263,5.27000000e+00,8,9.50125098e-02,1.67124277e+00
264,5.29000000e+00,8,9.50125098e-02,1.67210153e+00
265,5.31000000e+00,8,9.50125098e-02,1.67296380e+00
266,5.33000000e+00,8,9.50125098e-02,1.67382961e+00
267,5.35000000e+00,8,9.50125098e-02,1.67469894e+00
268,5.37000000e+00,8,9.50125098e-02,1.67557180e+00
269,5.39000000e+00,8,9.50125098e-02,1.67644820e+00
270,5.41000000e+00,8,9.50125098e-02,1.67732814e+00
271,5.43000000e+00,8,9.50125098e-02,1.67821163e+00
272,5.45000000e+00,8,9.50125098e-02,1.67909866e+00
273,5.47000000e+00,8,9.50125098e-02,1.67998923e+00
274,5.49000000e+00,8,9.50125098e-02,1.68088336e+00
275,5.51000000e+00,8,9.50125098e-02,1.68178105e+00
276,5.53000000e+00,8,9.50125098e-02,1.68268229e+00
277,5.55000000e+00,8,9.50125098e-02,1.68358709e+00
278,5.57000000e+00,8,9.50125098e-02,1.68449546e+00
279,5.59000000e+00,8,9.50125098e-02,1.68540740e+00
280,5.61000000e+00,8,9.50125098e-02,1.68632291e+00
281,5.63000000e+00,8,9.50125098e-02,1.68724199e+00
282,5.65000000e+00,8,9.50125098e-02,1.68816466e+00
283,5.67000000e+00,8,9.50125098e-02,1.68909090e+00
284,5.69000000e+00,8,9.50125098e-02,1.69002073e+00
285,5.71000000e+00,8,9.50125098e-02,1.69095415e+00
286,5.73000000e+00,8,9.50125098e-02,1.69189116e+00
287,5.75000000e+00,8,9.50125098e-02,1.69283176e+00
288,5.77000000e+00,8,9.50125098e-02,1.69377596e+00
289,5.79000000e+00,8,9.50125098e-02,1.69472377e+00
290,5.81000000e+00,8,9.50125098e-02,1.69567518e+00
291,5.83000000e+00,8,9.50125098e-02,1.69663020e+00
292,5.85000000e+00,8,9.50125098e-02,1.69758883e+00
293,5.87000000e+00,8,9.50125098e-02,1.69855108e+00
294,5.89000000e+00,8,9.50125098e-02,1.69951695e+00
295,5.91000000e+00,8,9.50125098e-02,1.70048644e+00
296,5.93000000e+00,8,9.50125098e-02,1.70145955e+00
297,5.95000000e+00,8,9.50125098e-02,1.70243630e+00
298,5.97000000e+00,8,9.50125098e-02,1.70341668e+00
299,5.99000000e+00,8,9.50125098e-02,1.70440070e+00
300,6.01000000e+00,8,9.50125098e-02,1.70538835e+00
301,6.03000000e+00,8,9.50125098e-02,1.70637966e+00
302,6.05000000e+00,8,9.50125098e-02,1.70737461e+00
303,6.07000000e+00,8,9.50125098e-02,1.70837321e+00
304,6.09000000e+00,8,9.50125098e-02,1.70937546e+00
305,6.11000000e+00,8,9.50125098e-02,1.71038138e+00
306,6.13000000e+00,8,9.50125098e-02,1.71139095e+00
307,6.15000000e+00,8,9.50125098e-02,1.71240420e+00
308,6.17000000e+00,8,9.50125098e-02,1.71342111e+00
309,6.19000000e+00,8,9.50125098e-02,1.71444170e+00
310,6.21000000e+00,8,9.50125098e-02,1.71546596e+00
311,6.23000000e+00,8,9.50125098e-02,1.71649391e+00
312,6.25000000e+00,8,9.50125098e-02,1.71752553e+00
313,6.27000000e+00,8,9.50125098e-02,1.71856085e+00
314,6.29000000e+00,8,9.50125098e-02,1.71959986e+00
315,6.31000000e+00,8,9.50125098e-02,1.72064257e+00
316,6.33000000e+00,8,9.50125098e-02,1.72168897e+00
317,6.35000000e+00,8,9.50125098e-02,1.72273908e+00
318,6.37000000e+00,8,9.50125098e-02,1.72379290e+00
319,6.39000000e+00,8,9.50125098e-02,1.72485042e+00
320,6.41000000e+00,8,9.50125098e-02,1.72591167e+00
321,6.43000000e+00,8,9.50125098e-02,1.72697663e+00
322,6.45000000e+00,8,9.50125098e-02,1.72804531e+00
323,6.47000000e+00,8,9.50125098e-02,1.72911772e+00
324,6.49000000e+00,8,9.50125098e-02,1.73019386e+00
325,6.51000000e+00,8,9.50125098e-02,1.73127374e+00
326,6.53000000e+00,8,9.50125098e-02,1.73235735e+00
327,6.55000000e+00,8,9.50125098e-02,1.73344471e+00
328,6.57000000e+00,8,9.50125098e-02,1.73453581e+00
329,6.59000000e+00,8,9.50125098e-02,1.73563066e+00
330,6.61000000e+00,8,9.50125098e-02,1.73672927e+00
331,6.63000000e+00,8,9.50125098e-02,1.73783164e+00
332,6.65000000e+00,8,9.50125098e-02,1.73893776e+00
333,6.67000000e+00,8,9.50125098e-02,1.74004766e+00
334,6.69000000e+00,8,9.50125098e-02,1.74116132e+00
335,6.71000000e+00,8,9.50125098e-02,1.74227876e+00
336,6.73000000e+00,8,9.50125098e-02,1.74339998e+00
337,6.75000000e+00,8,9.50125098e-02,1.74452498e+00
338,6.77000000e+00,8,9.50125098e-02,1.74565376e+00
339,6.79000000e+00,8,9.50125098e-02,1.74678634e+00
340,6.81000000e+00,8,9.50125098e-02,1.74792271e+00
341,6.83000000e+00,8,9.50125098e-02,1.74906288e+00
342,6.85000000e+00,8,9.50125098e-02,1.75020686e+00
343,6.87000000e+00,8,9.50125098e-02,1.75135464e+00
344,6.89000000e+00,8,9.50125098e-02,1.75250623e+00
345,6.91000000e+00,8,9.50125098e-02,1.75366164e+00
346,6.93000000e+00,8,9.50125098e-02,1.75482087e+00
347,6.95000000e+00,8,9.50125098e-02,1.75598392e+00
348,6.97000000e+00,8,9.50125098e-02,1.75715081e+00
349,6.99000000e+00,8,9.50125098e-02,1.75832152e+00
350,7.01000000e+00,8,9.50125098e-02,1.75949607e+00
351,7.03000000e+00,8,9.50125098e-02,1.76067446e+00
352,7.05000000e+00,8,9.50125098e-02,1.76185670e+00
353,7.07000000e+00,8,9.50125098e-02,1.76304279e+00
354,7.09000000e+00,8,9.50125098e-02,1.76423273e+00
355,7.11000000e+00,8,9.50125098e-02,1.76542653e+00
356,7.13000000e+00,8,9.50125098e-02,1.76662420e+00
357,7.15000000e+00,8,9.50125098e-02,1.76782573e+00
358,7.17000000e+00,8,9.50125098e-02,1.76903113e+00
359,7.19000000e+00,8,9.50125098e-02,1.77024041e+00
360,7.21000000e+00,8,9.50125098e-02,1.77145357e+00
361,7.23000000e+00,8,9.50125098e-02,1.77267061e+00
362,7.25000000e+00,8,9.50125098e-02,1.77389155e+00
363,7.27000000e+00,8,9.50125098e-02,1.77511638e+00
364,7.29000000e+00,8,9.50125098e-02,1.77634510e+00
365,7.31000000e+00,8,9.50125098e-02,1.77757773e+00
366,7.33000000e+00,8,9.50125098e-02,1.77881427e+00
367,7.35000000e+00,8,9.50125098e-02,1.78005471e+00
368,7.37000000e+00,8,9.50125098e-02,1.78129908e+00
369,7.39000000e+00,8,9.50125098e-02,1.78254736e+00
370,7.41000000e+00,8,9.50125098e-02,1.78379957e+00
371,7.43000000e+00,8,9.50125098e-02,1.78505571e+00
372,7.45000000e+00,8,9.50125098e-02,1.78631579e+00
373,7.47000000e+00,8,9.50125098e-02,1.78757981e+00
374,7.49000000e+00,8,9.50125098e-02,1.78884776e+00
375,7.51000000e+00,8,9.50125098e-02,1.79011967e+00
376,7.53000000e+00,8,9.50125098e-02,1.79139553e+00
377,7.55000000e+00,8,9.50125098e-02,1.79267535e+00
378,7.57000000e+00,8,9.50125098e-02,1.79395913e+00
379,7.59000000e+00,8,9.50125098e-02,1.79524688e+00
380,7.61000000e+00,8,9.50125098e-02,1.79653860e+00
381,7.63000000e+00,8,9.50125098e-02,1.79783430e+00
382,7.65000000e+00,8,9.50125098e-02,1.79913398e+00
383,7.67000000e+00,8,9.50125098e-02,1.80043765e+00
384,7.69000000e+00,8,9.50125098e-02,1.80174530e+00
385,7.71000000e+00,8,9.50125098e-02,1.80305696e+00
386,7.73000000e+00,8,9.50125098e-02,1.80437261e+00
387,7.75000000e+00,8,9.50125098e-02,1.80569227e+00
388,7.77000000e+00,8,9.50125098e-02,1.80701594e+00
389,7.79000000e+00,8,9.50125098e-02,1.80834362e+00
390,7.81000000e+00,8,9.50125098e-02,1.80967533e+00
391,7.83000000e+00,8,9.50125098e-02,1.81101106e+00
392,7.85000000e+00,8,9.50125098e-02,1.81235082e+00
393,7.87000000e+00,8,9.50125098e-02,1.81369462e+00
394,7.89000000e+00,8,9.50125098e-02,1.81504246e+00
395,7.91000000e+00,8,9.50125098e-02,1.81639434e+00
396,7.93000000e+00,8,9.50125098e-02,1.81775027e+00
397,7.95000000e+00,8,9.50125098e-02,1.81911026e+00
398,7.97000000e+00,8,9.50125098e-02,1.82047431e+00
399,7.99000000e+00,8,9.50125098e-02,1.82184242e+00
400,8.01000000e+00,8,9.50125098e-02,1.82321460e+00
401,8.03000000e+00,8,9.50125098e-02,1.82459086e+00
402,8.05000000e+00,8,9.50125098e-02,1.82597120e+00
403,8.07000000e+00,8,9.50125098e-02,1.82735562e+00
404,8.09000000e+00,8,9.50125098e-02,1.82874413e+00
405,8.11000000e+00,8,9.50125098e-02,1.83013674e+00
406,8.13000000e+00,8,9.50125098e-02,1.83153345e+00
407,8.15000000e+00,8,9.50125098e-02,1.83293426e+00
408,8.17000000e+00,8,9.50125098e-02,1.83433919e+00
409,8.19000000e+00,8,9.50125098e-02,1.83574823e+00
410,8.21000000e+00,8,9.50125098e-02,1.83716139e+00
411,8.23000000e+00,8,9.50125098e-02,1.83857868e+00
412,8.25000000e+00,8,9.50125098e-02,1.84000010e+00
413,8.27000000e+00,8,9.50125098e-02,1.84142565e+00
414,8.29000000e+00,8,9.50125098e-02,1.84285535e+00
415,8.31000000e+00,8,9.50125098e-02,1.84428919e+00
416,8.33000000e+00,8,9.50125098e-02,1.84572718e+00
417,8.35000000e+00,8,9.50125098e-02,1.84716932e+00
418,8.37000000e+00,8,9.50125098e-02,1.84861563e+00
419,8.39000000e+00,8,9.50125098e-02,1.85006610e+00
420,8.41000000e+00,8,9.50125098e-02,1.85152074e+00
421,8.43000000e+00,8,9.50125098e-02,1.85297956e+00
422,8.45000000e+00,8,9.50125098e-02,1.85444255e+00
423,8.47000000e+00,8,9.50125098e-02,1.85590973e+00
424,8.49000000e+00,8,9.50125098e-02,1.85738110e+00
425,8.51000000e+00,8,9.50125098e-02,1.85885666e+00
426,8.53000000e+00,8,9.50125098e-02,1.86033641e+00
427,8.55000000e+00,8,9.50125098e-02,1.86182037e+00
428,8.57000000e+00,8,9.50125098e-02,1.86330853e+00
429,8.59000000e+00,8,9.50125098e-02,1.86480090e+00
430,8.61000000e+00,8,9.50125098e-02,1.86629749e+00
431,8.63000000e+00,8,9.50125098e-02,1.86779829e+00
432,8.65000000e+00,8,9.50125098e-02,1.86930332e+00
433,8.67000000e+00,8,9.50125098e-02,1.87081257e+00
434,8.69000000e+00,8,9.50125098e-02,1.87232605e+00
435,8.71000000e+00,8,9.50125098e-02,1.87384377e+00
436,8.73000000e+00,8,9.50125098e-02,1.87536572e+00
437,8.75000000e+00,8,9.50125098e-02,1.87689192e+00
438,8.77000000e+00,8,9.50125098e-02,1.87842236e+00
439,8.79000000e+00,8,9.50125098e-02,1.87995706e+00
440,8.81000000e+00,8,9.50125098e-02,1.88149601e+00
441,8.83000000e+00,8,9.50125098e-02,1.88303922e+00
442,8.85000000e+00,8,9.50125098e-02,1.88458670e+00
443,8.87000000e+00,8,9.50125098e-02,1.88613846e+00
444,8.89000000e+00,8,9.50125098e-02,1.88769450e+00
445,8.91000000e+00,8,9.50125098e-02,1.88925482e+00
446,8.93000000e+00,8,9.50125098e-02,1.89081945e+00
447,8.95000000e+00,8,9.50125098e-02,1.89238838e+00
448,8.97000000e+00,8,9.50125098e-02,1.89396163e+00
449,8.99000000e+00,8,9.50125098e-02,1.89553921e+00
450,9.01000000e+00,8,9.50125098e-02,1.89712115e+00
451,9.03000000e+00,8,9.50125098e-02,1.89870744e+00
452,9.05000000e+00,8,9.50125098e-02,1.90029812e+00
453,9.07000000e+00,8,9.50125098e-02,1.90189320e+00
454,9.09000000e+00,8,9.50125098e-02,1.90349271e+00
455,9.11000000e+00,8,9.50125098e-02,1.90509667e+00
456,9.13000000e+00,8,9.50125098e-02,1.90670513e+00
457,9.15000000e+00,8,9.50125098e-02,1.90831810e+00
458,9.17000000e+00,8,9.50125098e-02,1.90993562e+00
459,9.19000000e+00,8,9.50125098e-02,1.91155775e+00
460,9.21000000e+00,8,9.50125098e-02,1.91318452e+00
461,9.23000000e+00,8,9.50125098e-02,1.91481598e+00
462,9.25000000e+00,8,9.50125098e-02,1.91645219e+00
463,9.27000000e+00,8,9.50125098e-02,1.91809320e+00
464,9.29000000e+00,8,9.50125098e-02,1.91973906e+00
465,9.31000000e+00,8,9.50125098e-02,1.92138985e+00
466,9.33000000e+00,8,9.50125098e-02,1.92304561e+00
467,9.35000000e+00,8,9.50125098e-02,1.92470642e+00
468,9.37000000e+00,8,9.50125098e-02,1.92637233e+00
469,9.39000000e+00,8,9.50125098e-02,1.92804339e+00
470,9.41000000e+00,8,9.50125098e-02,1.92971966e+00
471,9.43000000e+00,8,9.50125098e-02,1.93140117e+00
472,9.45000000e+00,8,9.50125098e-02,1.93308795e+00
473,9.47000000e+00,8,9.50125098e-02,1.93478001e+00
474,9.49000000e+00,8,9.50125098e-02,1.93647733e+00
475,9.51000000e+00,8,9.50125098e-02,1.93817987e+00
476,9.53000000e+00,8,9.50125098e-02,1.93988756e+00
477,9.55000000e+00,8,9.50125098e-02,1.94160030e+00
478,9.57000000e+00,8,9.50125098e-02,1.94331794e+00
479,9.59000000e+00,8,9.50125098e-02,1.94504028e+00
480,9.61000000e+00,8,9.50125098e-02,1.94676710e+00
481,9.63000000e+00,8,9.50125098e-02,1.94849812e+00
482,9.65000000e+00,8,9.50125098e-02,1.95023301e+00
483,9.67000000e+00,8,9.50125098e-02,1.95197144e+00
484,9.69000000e+00,8,9.50125098e-02,1.95371303e+00
485,9.71000000e+00,8,9.50125098e-02,1.95545744e+00
486,9.73000000e+00,8,9.50125098e-02,1.95720432e+00
487,9.75000000e+00,8,9.50125098e-02,1.95895340e+00
488,9.77000000e+00,8,9.50125098e-02,1.96070448e+00
489,9.79000000e+00,8,9.50125098e-02,1.96245741e+00
490,9.81000000e+00,8,9.50125098e-02,1.96421210e+00
491,9.83000000e+00,8,9.50125098e-02,1.96596837e+00
492,9.85000000e+00,8,9.50125098e-02,1.96772577e+00
493,9.87000000e+00,8,9.50125098e-02,1.96948350e+00
494,9.89000000e+00,8,9.50125098e-02,1.97124126e+00
495,9.91000000e+00,8,9.50125098e-02,1.97300562e+00
496,9.93000000e+00,8,9.50125098e-02,1.97482048e+00
497,9.95000000e+00,8,9.50125098e-02,1.97689639e+00
498,9.97000000e+00,8,9.50125098e-02,1.98012594e+00
499,9.99000000e+00,8,9.50125098e-02,1.98808263e+00
0,1.00000000e-02,9,2.81603551e-01,1.56065116e+00
1,3.00000000e-02,9,2.81603551e-01,1.56064808e+00
2,5.00000000e-02,9,2.81603551e-01,1.56064738e+00
3,7.00000000e-02,9,2.81603551e-01,1.56065113e+00
4,9.00000000e-02,9,2.81603551e-01,1.56065629e+00
5,1.10000000e-01,9,2.81603551e-01,1.56066636e+00
6,1.30000000e-01,9,2.81603551e-01,1.56067773e+00
7,1.50000000e-01,9,2.81603551e-01,1.56069397e+00
8,1.70000000e-01,9,2.81603551e-01,1.56071180e+00
9,1.90000000e-01,9,2.81603551e-01,1.56073412e+00
10,2.10000000e-01,9,2.81603551e-01,1.56075848e+00
11,2.30000000e-01,9,2.81603551e-01,1.56078686e+00
12,2.50000000e-01,9,2.81603551e-01,1.56081773e+00
13,2.70000000e-01,9,2.81603551e-01,1.56085222e+00
14,2.90000000e-01,9,2.81603551e-01,1.56088952e+00
15,3.10000000e-01,9,2.81603551e-01,1.56093019e+00
16,3.30000000e-01,9,2.81603551e-01,1.56097384e+00
17,3.50000000e-01,9,2.81603551e-01,1.56102073e+00
18,3.70000000e-01,9,2.81603551e-01,1.56107070e+00
19,3.90000000e-01,9,2.81603551e-01,1.56112383e+00
20,4.10000000e-01,9,2.81603551e-01,1.56118009e+00
21,4.30000000e-01,9,2.81603551e-01,1.56123948e+00
22,4.50000000e-01,9,2.81603551e-01,1.56130200e+00
23,4.70000000e-01,9,2.81603551e-01,1.56136766e+00
24,4.90000000e-01,9,2.81603551e-01,1.56143645e+00
25,5.10000000e-01,9,2.81603551e-01,1.56150837e+00
26,5.30000000e-01,9,2.81603551e-01,1.56158342e+00
27,5.50000000e-01,9,2.81603551e-01,1.56166160e+00
28,5.70000000e-01,9,2.81603551e-01,1.56174291e+00
29,5.90000000e-01,9,2.81603551e-01,1.56182735e+00
30,6.10000000e-01,9,2.81603551e-01,1.56191493e+00
31,6.30000000e-01,9,2.81603551e-01,1.56200563e+00
32,6.50000000e-01,9,2.81603551e-01,1.56209946e+00
33,6.70000000e-01,9,2.81603551e-01,1.56219643e+00
34,6.90000000e-01,9,2.81603551e-01,1.56229652e+00
35,7.10000000e-01,9,2.81603551e-01,1.56239975e+00
36,7.30000000e-01,9,2.81603551e-01,1.56250610e+00
37,7.50000000e-01,9,2.81603551e-01,1.56261559e+00
38,7.70000000e-01,9,2.81603551e-01,1.56272821e+00
39,7.90000000e-01,9,2.81603551e-01,1.56284396e+00
40,8.10000000e-01,9,2.81603551e-01,1.56296284e+00
41,8.30000000e-01,9,2.81603551e-01,1.56308486e+00
42,8.50000000e-01,9,2.81603551e-01,1.56321000e+00
43,8.70000000e-01,9,2.81603551e-01,1.56333828e+00
44,8.90000000e-01,9,2.81603551e-01,1.56346969e+00
45,9.10000000e-01,9,2.81603551e-01,1.56360424e+00
46,9.30000000e-01,9,2.81603551e-01,1.56374192e+00
47,9.50000000e-01,9,2.81603551e-01,1.56388273e+00
48,9.70000000e-01,9,2.81603551e-01,1.56402668e+00
49,9.90000000e-01,9,2.81603551e-01,1.56417376e+00
50,1.01000000e+00,9,2.81603551e-01,1.56432398e+00
51,1.03000000e+00,9,2.81603551e-01,1.56447733e+00
52,1.05000000e+00,9,2.81603551e-01,1.56463382e+00
53,1.07000000e+00,9,2.81603551e-01,1.56479345e+00
54,1.09000000e+00,9,2.81603551e-01,1.56495622e+00
55,1.11000000e+00,9,2.81603551e-01,1.56512212e+00
56,1.13000000e+00,9,2.81603551e-01,1.56529116e+00
57,1.15000000e+00,9,2.81603551e-01,1.56546334e+00
58,1.17000000e+00,9,2.81603551e-01,1.56563866e+00
59,1.19000000e+00,9,2.81603551e-01,1.56581712e+00
60,1.21000000e+00,9,2.81603551e-01,1.56599872e+00
61,1.23000000e+00,9,2.81603551e-01,1.56618346e+00
62,1.25000000e+00,9,2.81603551e-01,1.56637134e+00
63,1.27000000e+00,9,2.81603551e-01,1.56656237e+00
64,1.29000000e+00,9,2.81603551e-01,1.56675654e+00
65,1.31000000e+00,9,2.81603551e-01,1.56695385e+00
66,1.33000000e+00,9,2.81603551e-01,1.56715431e+00
67,1.35000000e+00,9,2.81603551e-01,1.56735791e+00
68,1.37000000e+00,9,2.81603551e-01,1.56756466e+00
69,1.39000000e+00,9,2.81603551e-01,1.56777455e+00
70,1.41000000e+00,9,2.81603551e-01,1.56798759e+00
71,1.43000000e+00,9,2.81603551e-01,1.56820378e+00
72,1.45000000e+00,9,2.81603551e-01,1.56842312e+00
73,1.47000000e+00,9,2.81603551e-01,1.56864561e+00
74,1.49000000e+00,9,2.81603551e-01,1.56887125e+00
75,1.51000000e+00,9,2.81603551e-01,1.56910004e+00
76,1.53000000e+00,9,2.81603551e-01,1.56933198e+00
77,1.55000000e+00,9,2.81603551e-01,1.56956708e+00
78,1.57000000e+00,9,2.81603551e-01,1.56980532e+00
79,1.59000000e+00,9,2.81603551e-01,1.57004673e+00
80,1.61000000e+00,9,2.81603551e-01,1.57029128e+00
81,1.63000000e+00,9,2.81603551e-01,1.57053900e+00
82,1.65000000e+00,9,2.81603551e-01,1.57078987e+00
83,1.67000000e+00,9,2.81603551e-01,1.57104390e+00
84,1.69000000e+00,9,2.81603551e-01,1.57130108e+00
85,1.71000000e+00,9,2.81603551e-01,1.57156143e+00
86,1.73000000e+00,9,2.81603551e-01,1.57182494e+00
87,1.75000000e+00,9,2.81603551e-01,1.57209161e+00
88,1.77000000e+00,9,2.81603551e-01,1.57236144e+00
89,1.79000000e+00,9,2.81603551e-01,1.57263443e+00
90,1.81000000e+00,9,2.81603551e-01,1.57291059e+00
91,1.83000000e+00,9,2.81603551e-01,1.57318992e+00
92,1.85000000e+00,9,2.81603551e-01,1.57347241e+00
93,1.87000000e+00,9,2.81603551e-01,1.57375807e+00
94,1.89000000e+00,9,2.81603551e-01,1.57404689e+00
95,1.91000000e+00,9,2.81603551e-01,1.57433889e+00
96,1.93000000e+00,9,2.81603551e-01,1.57463406e+00
97,1.95000000e+00,9,2.81603551e-01,1.57493239e+00
98,1.97000000e+00,9,2.81603551e-01,1.57523391e+00
99,1.99000000e+00,9,2.81603551e-01,1.57553859e+00
100,2.01000000e+00,9,2.81603551e-01,1.57584645e+00
101,2.03000000e+00,9,2.81603551e-01,1.57615748e+00
102,2.05000000e+00,9,2.81603551e-01,1.57647170e+00
103,2.07000000e+00,9,2.81603551e-01,1.57678909e+00
104,2.09000000e+00,9,2.81603551e-01,1.57710965e+00
105,2.11000000e+00,9,2.81603551e-01,1.57743340e+00
106,2.13000000e+00,9,2.81603551e-01,1.57776033e+00
107,2.15000000e+00,9,2.81603551e-01,1.57809045e+00
108,2.17000000e+00,9,2.81603551e-01,1.57842375e+00
109,2.19000000e+00,9,2.81603551e-01,1.57876023e+00
110,2.21000000e+00,9,2.81603551e-01,1.57909990e+00
111,2.23000000e+00,9,2.81603551e-01,1.57944275e+00
112,2.25000000e+00,9,2.81603551e-01,1.57978880e+00
113,2.27000000e+00,9,2.81603551e-01,1.58013803e+00
114,2.29000000e+00,9,2.81603551e-01,1.58049046e+00
115,2.31000000e+00,9,2.81603551e-01,1.58084608e+00
116,2.33000000e+00,9,2.81603551e-01,1.58120489e+00
117,2.35000000e+00,9,2.81603551e-01,1.58156689e+00
118,2.37000000e+00,9,2.81603551e-01,1.58193210e+00
119,2.39000000e+00,9,2.81603551e-01,1.58230050e+00
120,2.41000000e+00,9,2.81603551e-01,1.58267210e+00
121,2.43000000e+00,9,2.81603551e-01,1.58304690e+00
122,2.45000000e+00,9,2.81603551e-01,1.58342490e+00
123,2.47000000e+00,9,2.81603551e-01,1.58380610e+00
124,2.49000000e+00,9,2.81603551e-01,1.58419051e+00
125,2.51000000e+00,9,2.81603551e-01,1.58457813e+00
126,2.53000000e+00,9,2.81603551e-01,1.58496895e+00
127,2.55000000e+00,9,2.81603551e-01,1.58536298e+00
128,2.57000000e+00,9,2.81603551e-01,1.58576022e+00
129,2.59000000e+00,9,2.81603551e-01,1.58616067e+00
130,2.61000000e+00,9,2.81603551e-01,1.58656434e+00
131,2.63000000e+00,9,2.81603551e-01,1.58697121e+00
132,2.65000000e+00,9,2.81603551e-01,1.58738131e+00
133,2.67000000e+00,9,2.81603551e-01,1.58779462e+00
134,2.69000000e+00,9,2.81603551e-01,1.58821115e+00
135,2.71000000e+00,9,2.81603551e-01,1.58863090e+00
136,2.73000000e+00,9,2.81603551e-01,1.58905387e+00
137,2.75000000e+00,9,2.81603551e-01,1.58948007e+00
138,2.77000000e+00,9,2.81603551e-01,1.58990949e+00
139,2.79000000e+00,9,2.81603551e-01,1.59034213e+00
140,2.81000000e+00,9,2.81603551e-01,1.59077801e+00
141,2.83000000e+00,9,2.81603551e-01,1.59121711e+00
142,2.85000000e+00,9,2.81603551e-01,1.59165945e+00
143,2.87000000e+00,9,2.81603551e-01,1.59210501e+00
144,2.89000000e+00,9,2.81603551e-01,1.59255381e+00
145,2.91000000e+00,9,2.81603551e-01,1.59300585e+00
146,2.93000000e+00,9,2.81603551e-01,1.59346113e+00
147,2.95000000e+00,9,2.81603551e-01,1.59391964e+00
148,2.97000000e+00,9,2.81603551e-01,1.59438139e+00
149,2.99000000e+00,9,2.81603551e-01,1.59484639e+00
150,3.01000000e+00,9,2.81603551e-01,1.59531463e+00
151,3.03000000e+00,9,2.81603551e-01,1.59578612e+00
152,3.05000000e+00,9,2.81603551e-01,1.59626085e+00
153,3.07000000e+00,9,2.81603551e-01,1.59673883e+00
154,3.09000000e+00,9,2.81603551e-01,1.59722007e+00
155,3.11000000e+00,9,2.81603551e-01,1.59770455e+00
156,3.13000000e+00,9,2.81603551e-01,1.59819229e+00
157,3.15000000e+00,9,2.81603551e-01,1.59868329e+00
158,3.17000000e+00,9,2.81603551e-01,1.59917754e+00
159,3.19000000e+00,9,2.81603551e-01,1.59967506e+00
160,3.21000000e+00,9,2.81603551e-01,1.60017583e+00
161,3.23000000e+00,9,2.81603551e-01,1.60067987e+00
162,3.25000000e+00,9,2.81603551e-01,1.60118718e+00
163,3.27000000e+00,9,2.81603551e-01,1.60169775e+00
164,3.29000000e+00,9,2.81603551e-01,1.60221159e+00
165,3.31000000e+00,9,2.81603551e-01,1.60272870e+00
166,3.33000000e+00,9,2.81603551e-01,1.60324908e+00
167,3.35000000e+00,9,2.81603551e-01,1.60377274e+00
168,3.37000000e+00,9,2.81603551e-01,1.60429967e+00
169,3.39000000e+00,9,2.81603551e-01,1.60482988e+00
170,3.41000000e+00,9,2.81603551e-01,1.60536337e+00
171,3.43000000e+00,9,2.81603551e-01,1.60590015e+00
172,3.45000000e+00,9,2.81603551e-01,1.60644020e+00
173,3.47000000e+00,9,2.81603551e-01,1.60698355e+00
174,3.49000000e+00,9,2.81603551e-01,1.60753018e+00
175,3.51000000e+00,9,2.81603551e-01,1.60808010e+00
176,3.53000000e+00,9,2.81603551e-01,1.60863331e+00
177,3.55000000e+00,9,2.81603551e-01,1.60918982e+00
178,3.57000000e+00,9,2.81603551e-01,1.60974962e+00
179,3.59000000e+00,9,2.81603551e-01,1.61031272e+00
180,3.61000000e+00,9,2.81603551e-01,1.61087912e+00
181,3.63000000e+00,9,2.81603551e-01,1.61144882e+00
182,3.65000000e+00,9,2.81603551e-01,1.61202183e+00
183,3.67000000e+00,9,2.81603551e-01,1.61259814e+00
184,3.69000000e+00,9,2.81603551e-01,1.61317776e+00
185,3.71000000e+00,9,2.81603551e-01,1.61376069e+00
186,3.73000000e+00,9,2.81603551e-01,1.61434693e+00
187,3.75000000e+00,9,2.81603551e-01,1.61493649e+00
188,3.77000000e+00,9,2.81603551e-01,1.61552936e+00
189,3.79000000e+00,9,2.81603551e-01,1.61612555e+00
190,3.81000000e+00,9,2.81603551e-01,1.61672506e+00
191,3.83000000e+00,9,2.81603551e-01,1.61732790e+00
192,3.85000000e+00,9,2.81603551e-01,1.61793406e+00
193,3.87000000e+00,9,2.81603551e-01,1.61854355e+00
194,3.89000000e+00,9,2.81603551e-01,1.61915636e+00
195,3.91000000e+00,9,2.81603551e-01,1.61977251e+00
196,3.93000000e+00,9,2.81603551e-01,1.62039199e+00
197,3.95000000e+00,9,2.81603551e-01,1.62101481e+00
198,3.97000000e+00,9,2.81603551e-01,1.62164097e+00
199,3.99000000e+00,9,2.81603551e-01,1.62227047e+00
200,4.01000000e+00,9,2.81603551e-01,1.62290331e+00
201,4.03000000e+00,9,2.81603551e-01,1.62353950e+00
202,4.05000000e+00,9,2.81603551e-01,1.62417903e+00
203,4.07000000e+00,9,2.81603551e-01,1.62482192e+00
204,4.09000000e+00,9,2.81603551e-01,1.62546815e+00
205,4.11000000e+00,9,2.81603551e-01,1.62611774e+00
206,4.13000000e+00,9,2.81603551e-01,1.62677069e+00
207,4.15000000e+00,9,2.81603551e-01,1.62742700e+00
208,4.17000000e+00,9,2.81603551e-01,1.62808667e+00
209,4.19000000e+00,9,2.81603551e-01,1.62874970e+00
210,4.21000000e+00,9,2.81603551e-01,1.62941610e+00
211,4.23000000e+00,9,2.81603551e-01,1.63008587e+00
212,4.25000000e+00,9,2.81603551e-01,1.63075901e+00
213,4.27000000e+00,9,2.81603551e-01,1.63143552e+00
214,4.29000000e+00,9,2.81603551e-01,1.63211541e+00
215,4.31000000e+00,9,2.81603551e-01,1.63279868e+00
216,4.33000000e+00,9,2.81603551e-01,1.63348533e+00
217,4.35000000e+00,9,2.81603551e-01,1.63417536e+00
218,4.37000000e+00,9,2.81603551e-01,1.63486878e+00
219,4.39000000e+00,9,2.81603551e-01,1.63556558e+00
220,4.41000000e+00,9,2.81603551e-01,1.63626578e+00
221,4.43000000e+00,9,2.81603551e-01,1.63696937e+00
222,4.45000000e+00,9,2.81603551e-01,1.63767636e+00
223,4.47000000e+00,9,2.81603551e-01,1.63838675e+00
224,4.49000000e+00,9,2.81603551e-01,1.63910054e+00
225,4.51000000e+00,9,2.81603551e-01,1.63981773e+00
226,4.53000000e+00,9,2.81603551e-01,1.64053833e+00
227,4.55000000e+00,9,2.81603551e-01,1.64126233e+00
228,4.57000000e+00,9,2.81603551e-01,1.64198975e+00
229,4.59000000e+00,9,2.81603551e-01,1.64272058e+00
230,4.61000000e+00,9,2.81603551e-01,1.64345483e+00
231,4.63000000e+00,9,2.81603551e-01,1.64419250e+00
232,4.65000000e+00,9,2.81603551e-01,1.64493360e+00
233,4.67000000e+00,9,2.81603551e-01,1.64567811e+00
234,4.69000000e+00,9,2.81603551e-01,1.64642606e+00
235,4.71000000e+00,9,2.81603551e-01,1.64717743e+00
236,4.73000000e+00,9,2.81603551e-01,1.64793224e+00
237,4.75000000e+00,9,2.81603551e-01,1.64869049e+00
238,4.77000000e+00,9,2.81603551e-01,1.64945217e+00
239,4.79000000e+00,9,2.81603551e-01,1.65021729e+00
240,4.81000000e+00,9,2.81603551e-01,1.65098586e+00
241,4.83000000e+00,9,2.81603551e-01,1.65175787e+00
242,4.85000000e+00,9,2.81603551e-01,1.65253334e+00
243,4.87000000e+00,9,2.81603551e-01,1.65331226e+00
244,4.89000000e+00,9,2.81603551e-01,1.65409463e+00
245,4.91000000e+00,9,2.81603551e-01,1.65488046e+00
246,4.93000000e+00,9,2.81603551e-01,1.65566975e+00
247,4.95000000e+00,9,2.81603551e-01,1.65646251e+00
248,4.97000000e+00,9,2.81603551e-01,1.65725873e+00
249,4.99000000e+00,9,2.81603551e-01,1.65805842e+00
250,5.01000000e+00,9,2.81603551e-01,1.65886158e+00
251,5.03000000e+00,9,2.81603551e-01,1.65966822e+00
252,5.05000000e+00,9,2.81603551e-01,1.66047834e+00
253,5.07000000e+00,9,2.81603551e-01,1.66129194e+00
254,5.09000000e+00,9,2.81603551e-01,1.66210902e+00
255,5.11000000e+00,9,2.81603551e-01,1.66292959e+00
256,5.13000000e+00,9,2.81603551e-01,1.66375366e+00
257,5.15000000e+00,9,2.81603551e-01,1.66458121e+00
258,5.17000000e+00,9,2.81603551e-01,1.66541226e+00
259,5.19000000e+00,9,2.81603551e-01,1.66624681e+00
260,5.21000000e+00,9,2.81603551e-01,1.66708486e+00
261,5.23000000e+00,9,2.81603551e-01,1.66792642e+00
262,5.25000000e+00,9,2.81603551e-01,1.66877148e+00
263,5.27000000e+00,9,2.81603551e-01,1.66962006e+00
264,5.29000000e+00,9,2.81603551e-01,1.67047215e+00
265,5.31000000e+00,9,2.81603551e-01,1.67132776e+00
266,5.33000000e+00,9,2.81603551e-01,1.67218689e+00
267,5.35000000e+00,9,2.81603551e-01,1.67304954e+00
268,5.37000000e+00,9,2.81603551e-01,1.67391572e+00
269,5.39000000e+00,9,2.81603551e-01,1.67478543e+00
270,5.41000000e+00,9,2.81603551e-01,1.67565867e+00
271,5.43000000e+00,9,2.81603551e-01,1.67653545e+00
272,5.45000000e+00,9,2.81603551e-01,1.67741577e+00
273,5.47000000e+00,9,2.81603551e-01,1.67829963e+00
274,5.49000000e+00,9,2.81603551e-01,1.67918703e+00
275,5.51000000e+00,9,2.81603551e-01,1.68007799e+00
276,5.53000000e+00,9,2.81603551e-01,1.68097250e+00
277,5.55000000e+00,9,2.81603551e-01,1.68187056e+00
278,5.57000000e+00,9,2.81603551e-01,1.68277219e+00
279,5.59000000e+00,9,2.81603551e-01,1.68367737e+00
280,5.61000000e+00,9,2.81603551e-01,1.68458612e+00
281,5.63000000e+00,9,2.81603551e-01,1.68549844e+00
282,5.65000000e+00,9,2.81603551e-01,1.68641433e+00
283,5.67000000e+00,9,2.81603551e-01,1.68733380e+00
284,5.69000000e+00,9,2.81603551e-01,1.68825684e+00
285,5.71000000e+00,9,2.81603551e-01,1.68918347e+00
286,5.73000000e+00,9,2.81603551e-01,1.69011368e+00
287,5.75000000e+00,9,2.81603551e-01,1.69104748e+00
288,5.77000000e+00,9,2.81603551e-01,1.69198488e+00
289,5.79000000e+00,9,2.81603551e-01,1.69292587e+00
290,5.81000000e+00,9,2.81603551e-01,1.69387046e+00
291,5.83000000e+00,9,2.81603551e-01,1.69481865e+00
292,5.85000000e+00,9,2.81603551e-01,1.69577044e+00
293,5.87000000e+00,9,2.81603551e-01,1.69672585e+00
294,5.89000000e+00,9,2.81603551e-01,1.69768487e+00
295,5.91000000e+00,9,2.81603551e-01,1.69864750e+00
296,5.93000000e+00,9,2.81603551e-01,1.69961376e+00
297,5.95000000e+00,9,2.81603551e-01,1.70058363e+00
298,5.97000000e+00,9,2.81603551e-01,1.70155714e+00
299,5.99000000e+00,9,2.81603551e-01,1.70253427e+00
300,6.01000000e+00,9,2.81603551e-01,1.70351504e+00
301,6.03000000e+00,9,2.81603551e-01,1.70449945e+00
302,6.05000000e+00,9,2.81603551e-01,1.70548750e+00
303,6.07000000e+00,9,2.81603551e-01,1.70647919e+00
304,6.09000000e+00,9,2.81603551e-01,1.70747453e+00
305,6.11000000e+00,9,2.81603551e-01,1.70847352e+00
306,6.13000000e+00,9,2.81603551e-01,1.70947617e+00
307,6.15000000e+00,9,2.81603551e-01,1.71048248e+00
308,6.17000000e+00,9,2.81603551e-01,1.71149245e+00
309,6.19000000e+00,9,2.81603551e-01,1.71250608e+00
310,6.21000000e+00,9,2.81603551e-01,1.71352339e+00
311,6.23000000e+00,9,2.81603551e-01,1.71454437e+00
312,6.25000000e+00,9,2.81603551e-01,1.71556903e+00
313,6.27000000e+00,9,2.81603551e-01,1.71659737e+00
314,6.29000000e+00,9,2.81603551e-01,1.71762939e+00
315,6.31000000e+00,9,2.81603551e-01,1.71866511e+00
316,6.33000000e+00,9,2.81603551e-01,1.71970451e+00
317,6.35000000e+00,9,2.81603551e-01,1.72074761e+00
318,6.37000000e+00,9,2.81603551e-01,1.72179442e+00
319,6.39000000e+00,9,2.81603551e-01,1.72284492e+00
320,6.41000000e+00,9,2.81603551e-01,1.72389914e+00
321,6.43000000e+00,9,2.81603551e-01,1.72495706e+00
322,6.45000000e+00,9,2.81603551e-01,1.72601870e+00
323,6.47000000e+00,9,2.81603551e-01,1.72708406e+00
324,6.49000000e+00,9,2.81603551e-01,1.72815315e+00
325,6.51000000e+00,9,2.81603551e-01,1.72922596e+00
326,6.53000000e+00,9,2.81603551e-01,1.73030250e+00
327,6.55000000e+00,9,2.81603551e-01,1.73138277e+00
328,6.57000000e+00,9,2.81603551e-01,1.73246679e+00
329,6.59000000e+00,9,2.81603551e-01,1.73355455e+00
330,6.61000000e+00,9,2.81603551e-01,1.73464605e+00
331,6.63000000e+00,9,2.81603551e-01,1.73574131e+00
332,6.65000000e+00,9,2.81603551e-01,1.73684032e+00
333,6.67000000e+00,9,2.81603551e-01,1.73794309e+00
334,6.69000000e+00,9,2.81603551e-01,1.73904962e+00
335,6.71000000e+00,9,2.81603551e-01,1.74015992e+00
336,6.73000000e+00,9,2.81603551e-01,1.74127399e+00
337,6.75000000e+00,9,2.81603551e-01,1.74239183e+00
338,6.77000000e+00,9,2.81603551e-01,1.74351346e+00
339,6.79000000e+00,9,2.81603551e-01,1.74463886e+00
340,6.81000000e+00,9,2.81603551e-01,1.74576806e+00
341,6.83000000e+00,9,2.81603551e-01,1.74690104e+00
342,6.85000000e+00,9,2.81603551e-01,1.74803782e+00
343,6.87000000e+00,9,2.81603551e-01,1.74917840e+00
344,6.89000000e+00,9,2.81603551e-01,1.75032278e+00
345,6.91000000e+00,9,2.81603551e-01,1.75147097e+00
346,6.93000000e+00,9,2.81603551e-01,1.75262298e+00
347,6.95000000e+00,9,2.81603551e-01,1.75377880e+00
348,6.97000000e+00,9,2.81603551e-01,1.75493844e+00
349,6.99000000e+00,9,2.81603551e-01,1.75610190e+00
350,7.01000000e+00,9,2.81603551e-01,1.75726920e+00
351,7.03000000e+00,9,2.81603551e-01,1.75844032e+00
352,7.05000000e+00,9,2.81603551e-01,1.75961529e+00
353,7.07000000e+00,9,2.81603551e-01,1.76079409e+00
354,7.09000000e+00,9,2.81603551e-01,1.76197675e+00
355,7.11000000e+00,9,2.81603551e-01,1.76316325e+00
356,7.13000000e+00,9,2.81603551e-01,1.76435361e+00
357,7.15000000e+00,9,2.81603551e-01,1.76554782e+00
358,7.17000000e+00,9,2.81603551e-01,1.76674590e+00
359,7.19000000e+00,9,2.81603551e-01,1.76794785e+00
360,7.21000000e+00,9,2.81603551e-01,1.76915367e+00
361,7.23000000e+00,9,2.81603551e-01,1.77036337e+00
362,7.25000000e+00,9,2.81603551e-01,1.77157694e+00
363,7.27000000e+00,9,2.81603551e-01,1.77279441e+00
364,7.29000000e+00,9,2.81603551e-01,1.77401576e+00
365,7.31000000e+00,9,2.81603551e-01,1.77524100e+00
366,7.33000000e+00,9,2.81603551e-01,1.77647015e+00
367,7.35000000e+00,9,2.81603551e-01,1.77770320e+00
368,7.37000000e+00,9,2.81603551e-01,1.77894016e+00
369,7.39000000e+00,9,2.81603551e-01,1.78018103e+00
370,7.41000000e+00,9,2.81603551e-01,1.78142581e+00
371,7.43000000e+00,9,2.81603551e-01,1.78267452e+00
372,7.45000000e+00,9,2.81603551e-01,1.78392715e+00
373,7.47000000e+00,9,2.81603551e-01,1.78518372e+00
374,7.49000000e+00,9,2.81603551e-01,1.78644422e+00
375,7.51000000e+00,9,2.81603551e-01,1.78770866e+00
376,7.53000000e+00,9,2.81603551e-01,1.78897704e+00
377,7.55000000e+00,9,2.81603551e-01,1.79024938e+00
378,7.57000000e+00,9,2.81603551e-01,1.79152566e+00
379,7.59000000e+00,9,2.81603551e-01,1.79280591e+00
380,7.61000000e+00,9,2.81603551e-01,1.79409012e+00
381,7.63000000e+00,9,2.81603551e-01,1.79537829e+00
382,7.65000000e+00,9,2.81603551e-01,1.79667044e+00
383,7.67000000e+00,9,2.81603551e-01,1.79796657e+00
384,7.69000000e+00,9,2.81603551e-01,1.79926668e+00
385,7.71000000e+00,9,2.81603551e-01,1.80057077e+00
386,7.73000000e+00,9,2.81603551e-01,1.80187886e+00
387,7.75000000e+00,9,2.81603551e-01,1.80319095e+00
388,7.77000000e+00,9,2.81603551e-01,1.80450703e+00
389,7.79000000e+00,9,2.81603551e-01,1.80582712e+00
390,7.81000000e+00,9,2.81603551e-01,1.80715123e+00
391,7.83000000e+00,9,2.81603551e-01,1.80847935e+00
392,7.85000000e+00,9,2.81603551e-01,1.80981149e+00
393,7.87000000e+00,9,2.81603551e-01,1.81114765e+00
394,7.89000000e+00,9,2.81603551e-01,1.81248785e+00
395,7.91000000e+00,9,2.81603551e-01,1.81383208e+00
396,7.93000000e+00,9,2.81603551e-01,1.81518035e+00
397,7.95000000e+00,9,2.81603551e-01,1.81653267e+00
398,7.97000000e+00,9,2.81603551e-01,1.81788904e+00
399,7.99000000e+00,9,2.81603551e-01,1.81924947e+00
400,8.01000000e+00,9,2.81603551e-01,1.82061395e+00
401,8.03000000e+00,9,2.81603551e-01,1.82198250e+00
402,8.05000000e+00,9,2.81603551e-01,1.82335513e+00
403,8.07000000e+00,9,2.81603551e-01,1.82473182e+00
404,8.09000000e+00,9,2.81603551e-01,1.82611260e+00
405,8.11000000e+00,9,2.81603551e-01,1.82749747e+00
406,8.13000000e+00,9,2.81603551e-01,1.82888642e+00
407,8.15000000e+00,9,2.81603551e-01,1.83027947e+00
408,8.17000000e+00,9,2.81603551e-01,1.83167663e+00
409,8.19000000e+00,9,2.81603551e-01,1.83307788e+00
410,8.21000000e+00,9,2.81603551e-01,1.83448325e+00
411,8.23000000e+00,9,2.81603551e-01,1.83589274e+00
412,8.25000000e+00,9,2.81603551e-01,1.83730634e+00
413,8.27000000e+00,9,2.81603551e-01,1.83872408e+00
414,8.29000000e+00,9,2.81603551e-01,1.84014594e+00
415,8.31000000e+00,9,2.81603551e-01,1.84157194e+00
416,8.33000000e+00,9,2.81603551e-01,1.84300208e+00
417,8.35000000e+00,9,2.81603551e-01,1.84443637e+00
418,8.37000000e+00,9,2.81603551e-01,1.84587481e+00
419,8.39000000e+00,9,2.81603551e-01,1.84731741e+00
420,8.41000000e+00,9,2.81603551e-01,1.84876416e+00
421,8.43000000e+00,9,2.81603551e-01,1.85021508e+00
422,8.45000000e+00,9,2.81603551e-01,1.85167017e+00
423,8.47000000e+00,9,2.81603551e-01,1.85312944e+00
424,8.49000000e+00,9,2.81603551e-01,1.85459289e+00
425,8.51000000e+00,9,2.81603551e-01,1.85606051e+00
426,8.53000000e+00,9,2.81603551e-01,1.85753233e+00
427,8.55000000e+00,9,2.81603551e-01,1.85900834e+00
428,8.57000000e+00,9,2.81603551e-01,1.86048855e+00
429,8.59000000e+00,9,2.81603551e-01,1.86197296e+00
430,8.61000000e+00,9,2.81603551e-01,1.86346158e+00
431,8.63000000e+00,9,2.81603551e-01,1.86495440e+00
432,8.65000000e+00,9,2.81603551e-01,1.86645144e+00
433,8.67000000e+00,9,2.81603551e-01,1.86795270e+00
434,8.69000000e+00,9,2.81603551e-01,1.86945818e+00
435,8.71000000e+00,9,2.81603551e-01,1.87096789e+00
436,8.73000000e+00,9,2.81603551e-01,1.87248183e+00
437,8.75000000e+00,9,2.81603551e-01,1.87400000e+00
438,8.77000000e+00,9,2.81603551e-01,1.87552241e+00
439,8.79000000e+00,9,2.81603551e-01,1.87704907e+00
440,8.81000000e+00,9,2.81603551e-01,1.87857997e+00
441,8.83000000e+00,9,2.81603551e-01,1.88011513e+00
442,8.85000000e+00,9,2.81603551e-01,1.88165454e+00
443,8.87000000e+00,9,2.81603551e-01,1.88319822e+00
444,8.89000000e+00,9,2.81603551e-01,1.88474617e+00
445,8.91000000e+00,9,2.81603551e-01,1.88629839e+00
446,8.93000000e+00,9,2.81603551e-01,1.88785489e+00
447,8.95000000e+00,9,2.81603551e-01,1.88941569e+00
448,8.97000000e+00,9,2.81603551e-01,1.89098079e+00
449,8.99000000e+00,9,2.81603551e-01,1.89255020e+00
450,9.01000000e+00,9,2.81603551e-01,1.89412393e+00
451,9.03000000e+00,9,2.81603551e-01,1.89570200e+00
452,9.05000000e+00,9,2.81603551e-01,1.89728442e+00
453,9.07000000e+00,9,2.81603551e-01,1.89887121e+00
454,9.09000000e+00,9,2.81603551e-01,1.90046239e+00
455,9.11000000e+00,9,2.81603551e-01,1.90205798e+00
456,9.13000000e+00,9,2.81603551e-01,1.90365800e+00
457,9.15000000e+00,9,2.81603551e-01,1.90526249e+00
458,9.17000000e+00,9,2.81603551e-01,1.90687146e+00
459,9.19000000e+00,9,2.81603551e-01,1.90848497e+00
460,9.21000000e+00,9,2.81603551e-01,1.91010303e+00
461,9.23000000e+00,9,2.81603551e-01,1.91172570e+00
462,9.25000000e+00,9,2.81603551e-01,1.91335302e+00
463,9.27000000e+00,9,2.81603551e-01,1.91498503e+00
464,9.29000000e+00,9,2.81603551e-01,1.91662179e+00
465,9.31000000e+00,9,2.81603551e-01,1.91826334e+00
466,9.33000000e+00,9,2.81603551e-01,1.91990975e+00
467,9.35000000e+00,9,2.81603551e-01,1.92156106e+00
468,9.37000000e+00,9,2.81603551e-01,1.92321733e+00
469,9.39000000e+00,9,2.81603551e-01,1.92487861e+00
470,9.41000000e+00,9,2.81603551e-01,1.92654496e+00
471,9.43000000e+00,9,2.81603551e-01,1.92821641e+00
472,9.45000000e+00,9,2.81603551e-01,1.92989301e+00
473,9.47000000e+00,9,2.81603551e-01,1.93157477e+00
474,9.49000000e+00,9,2.81603551e-01,1.93326172e+00
475,9.51000000e+00,9,2.81603551e-01,1.93495383e+00
476,9.53000000e+00,9,2.81603551e-01,1.93665110e+00
477,9.55000000e+00,9,2.81603551e-01,1.93835348e+00
478,9.57000000e+00,9,2.81603551e-01,1.94006090e+00
479,9.59000000e+00,9,2.81603551e-01,1.94177327e+00
480,9.61000000e+00,9,2.81603551e-01,1.94349049e+00
481,9.63000000e+00,9,2.81603551e-01,1.94521245e+00
482,9.65000000e+00,9,2.81603551e-01,1.94693904e+00
483,9.67000000e+00,9,2.81603551e-01,1.94867018e+00
484,9.69000000e+00,9,2.81603551e-01,1.95040587e+00
485,9.71000000e+00,9,2.81603551e-01,1.95214619e+00
486,9.73000000e+00,9,2.81603551e-01,1.95389146e+00
487,9.75000000e+00,9,2.81603551e-01,1.95564229e+00
488,9.77000000e+00,9,2.81603551e-01,1.95739975e+00
489,9.79000000e+00,9,2.81603551e-01,1.95916561e+00
490,9.81000000e+00,9,2.81603551e-01,1.96094265e+00
491,9.83000000e+00,9,2.81603551e-01,1.96273508e+00
492,9.85000000e+00,9,2.81603551e-01,1.96454912e+00
493,9.87000000e+00,9,2.81603551e-01,1.96639353e+00
494,9.89000000e+00,9,2.81603551e-01,1.96827947e+00
495,9.91000000e+00,9,2.81603551e-01,1.97021590e+00
496,9.93000000e+00,9,2.81603551e-01,1.97218590e+00
497,9.95000000e+00,9,2.81603551e-01,1.97404559e+00
498,9.97000000e+00,9,2.81603551e-01,1.97512416e+00
499,9.99000000e+00,9,2.81603551e-01,1.97268112e+00
0,1.00000000e-02,10,4.58016778e-01,1.56064724e+00
1,3.00000000e-02,10,4.58016778e-01,1.56063960e+00
2,5.00000000e-02,10,4.58016778e-01,1.56063269e+00
3,7.00000000e-02,10,4.58016778e-01,1.56063109e+00
4,9.00000000e-02,10,4.58016778e-01,1.56063093e+00
5,1.10000000e-01,10,4.58016778e-01,1.56063434e+00
6,1.30000000e-01,10,4.58016778e-01,1.56064157e+00
7,1.50000000e-01,10,4.58016778e-01,1.56065035e+00
8,1.70000000e-01,10,4.58016778e-01,1.56066430e+00
9,1.90000000e-01,10,4.58016778e-01,1.56067931e+00
10,2.10000000e-01,10,4.58016778e-01,1.56069935e+00
11,2.30000000e-01,10,4.58016778e-01,1.56072098e+00
12,2.50000000e-01,10,4.58016778e-01,1.56074696e+00
13,2.70000000e-01,10,4.58016778e-01,1.56077520e+00
14,2.90000000e-01,10,4.58016778e-01,1.56080719e+00
15,3.10000000e-01,10,4.58016778e-01,1.56084191e+00
16,3.30000000e-01,10,4.58016778e-01,1.56088004e+00
17,3.50000000e-01,10,4.58016778e-01,1.56092114e+00
18,3.70000000e-01,10,4.58016778e-01,1.56096547e+00
19,3.90000000e-01,10,4.58016778e-01,1.56101288e+00
20,4.10000000e-01,10,4.58016778e-01,1.56106345e+00
21,4.30000000e-01,10,4.58016778e-01,1.56111714e+00
22,4.50000000e-01,10,4.58016778e-01,1.56117398e+00
23,4.70000000e-01,10,4.58016778e-01,1.56123393e+00
24,4.90000000e-01,10,4.58016778e-01,1.56129703e+00
25,5.10000000e-01,10,4.58016778e-01,1.56136325e+00
26,5.30000000e-01,10,4.58016778e-01,1.56143260e+00
27,5.50000000e-01,10,4.58016778e-01,1.56150508e+00
28,5.70000000e-01,10,4.58016778e-01,1.56158070e+00
29,5.90000000e-01,10,4.58016778e-01,1.56165944e+00
30,6.10000000e-01,10,4.58016778e-01,1.56174131e+00
31,6.30000000e-01,10,4.58016778e-01,1.56182631e+00
32,6.50000000e-01,10,4.58016778e-01,1.56191444e+00
33,6.70000000e-01,10,4.58016778e-01,1.56200571e+00
34,6.90000000e-01,10,4.58016778e-01,1.56210010e+00
35,7.10000000e-01,10,4.58016778e-01,1.56219762e+00
36,7.30000000e-01,10,4.58016778e-01,1.56229827e+00
37,7.50000000e-01,10,4.58016778e-01,1.56240205e+00
38,7.70000000e-01,10,4.58016778e-01,1.56250897e+00
39,7.90000000e-01,10,4.58016778e-01,1.56261901e+00
40,8.10000000e-01,10,4.58016778e-01,1.56273218e+00
41,8.30000000e-01,10,4.58016778e-01,1.56284849e+00
42,8.50000000e-01,10,4.58016778e-01,1.56296792e+00
43,8.70000000e-01,10,4.58016778e-01,1.56309049e+00
44,8.90000000e-01,10,4.58016778e-01,1.56321619e+00
45,9.10000000e-01,10,4.58016778e-01,1.56334503e+00
46,9.30000000e-01,10,4.58016778e-01,1.56347699e+00
47,9.50000000e-01,10,4.58016778e-01,1.56361209e+00
48,9.70000000e-01,10,4.58016778e-01,1.56375032e+00
49,9.90000000e-01,10,4.58016778e-01,1.56389169e+00
50,1.01000000e+00,10,4.58016778e-01,1.56403619e+00
51,1.03000000e+00,10,4.58016778e-01,1.56418382e+00
52,1.05000000e+00,10,4.58016778e-01,1.56433459e+00
53,1.07000000e+00,10,4.58016778e-01,1.56448850e+00
54,1.09000000e+00,10,4.58016778e-01,1.56464554e+00
55,1.11000000e+00,10,4.58016778e-01,1.56480572e+00
56,1.13000000e+00,10,4.58016778e-01,1.56496904e+00
57,1.15000000e+00,10,4.58016778e-01,1.56513549e+00
58,1.17000000e+00,10,4.58016778e-01,1.56530509e+00
59,1.19000000e+00,10,4.58016778e-01,1.56547782e+00
60,1.21000000e+00,10,4.58016778e-01,1.56565369e+00
61,1.23000000e+00,10,4.58016778e-01,1.56583270e+00
62,1.25000000e+00,10,4.58016778e-01,1.56601485e+00
63,1.27000000e+00,10,4.58016778e-01,1.56620014e+00
64,1.29000000e+00,10,4.58016778e-01,1.56638858e+00
65,1.31000000e+00,10,4.58016778e-01,1.56658016e+00
66,1.33000000e+00,10,4.58016778e-01,1.56677488e+00
67,1.35000000e+00,10,4.58016778e-01,1.56697274e+00
68,1.37000000e+00,10,4.58016778e-01,1.56717375e+00
69,1.39000000e+00,10,4.58016778e-01,1.56737790e+00
70,1.41000000e+00,10,4.58016778e-01,1.56758520e+00
71,1.43000000e+00,10,4.58016778e-01,1.56779565e+00
72,1.45000000e+00,10,4.58016778e-01,1.56800924e+00
73,1.47000000e+00,10,4.58016778e-01,1.56822598e+00
74,1.49000000e+00,10,4.58016778e-01,1.56844588e+00
75,1.51000000e+00,10,4.58016778e-01,1.56866892e+00
76,1.53000000e+00,10,4.58016778e-01,1.56889511e+00
77,1.55000000e+00,10,4.58016778e-01,1.56912445e+00
78,1.57000000e+00,10,4.58016778e-01,1.56935694e+00
79,1.59000000e+00,10,4.58016778e-01,1.56959259e+00
80,1.61000000e+00,10,4.58016778e-01,1.56983139e+00
81,1.63000000e+00,10,4.58016778e-01,1.57007334e+00
82,1.65000000e+00,10,4.58016778e-01,1.57031845e+00
83,1.67000000e+00,10,4.58016778e-01,1.57056672e+00
84,1.69000000e+00,10,4.58016778e-01,1.57081814e+00
85,1.71000000e+00,10,4.58016778e-01,1.57107273e+00
86,1.73000000e+00,10,4.58016778e-01,1.57133047e+00
87,1.75000000e+00,10,4.58016778e-01,1.57159137e+00
88,1.77000000e+00,10,4.58016778e-01,1.57185543e+00
89,1.79000000e+00,10,4.58016778e-01,1.57212265e+00
90,1.81000000e+00,10,4.58016778e-01,1.57239303e+00
91,1.83000000e+00,10,4.58016778e-01,1.57266658e+00
92,1.85000000e+00,10,4.58016778e-01,1.57294330e+00
93,1.87000000e+00,10,4.58016778e-01,1.57322317e+00
94,1.89000000e+00,10,4.58016778e-01,1.57350622e+00
95,1.91000000e+00,10,4.58016778e-01,1.57379243e+00
96,1.93000000e+00,10,4.58016778e-01,1.57408181e+00
97,1.95000000e+00,10,4.58016778e-01,1.57437436e+00
98,1.97000000e+00,10,4.58016778e-01,1.57467009e+00
99,1.99000000e+00,10,4.58016778e-01,1.57496898e+00
100,2.01000000e+00,10,4.58016778e-01,1.57527104e+00
101,2.03000000e+00,10,4.58016778e-01,1.57557628e+00
102,2.05000000e+00,10,4.58016778e-01,1.57588470e+00
103,2.07000000e+00,10,4.58016778e-01,1.57619629e+00
104,2.09000000e+00,10,4.58016778e-01,1.57651105e+00
105,2.11000000e+00,10,4.58016778e-01,1.57682900e+00
106,2.13000000e+00,10,4.58016778e-01,1.57715013e+00
107,2.15000000e+00,10,4.58016778e-01,1.57747443e+00
108,2.17000000e+00,10,4.58016778e-01,1.57780192e+00
109,2.19000000e+00,10,4.58016778e-01,1.57813259e+00
110,2.21000000e+00,10,4.58016778e-01,1.57846644e+00
111,2.23000000e+00,10,4.58016778e-01,1.57880348e+00
112,2.25000000e+00,10,4.58016778e-01,1.57914371e+00
113,2.27000000e+00,10,4.58016778e-01,1.57948712e+00
114,2.29000000e+00,10,4.58016778e-01,1.57983372e+00
115,2.31000000e+00,10,4.58016778e-01,1.58018352e+00
116,2.33000000e+00,10,4.58016778e-01,1.58053650e+00
117,2.35000000e+00,10,4.58016778e-01,1.58089268e+00
118,2.37000000e+00,10,4.58016778e-01,1.58125205e+00
119,2.39000000e+00,10,4.58016778e-01,1.58161461e+00
120,2.41000000e+00,10,4.58016778e-01,1.58198037e+00
121,2.43000000e+00,10,4.58016778e-01,1.58234933e+00
122,2.45000000e+00,10,4.58016778e-01,1.58272149e+00
123,2.47000000e+00,10,4.58016778e-01,1.58309685e+00
124,2.49000000e+00,10,4.58016778e-01,1.58347541e+00
125,2.51000000e+00,10,4.58016778e-01,1.58385718e+00
126,2.53000000e+00,10,4.58016778e-01,1.58424215e+00
127,2.55000000e+00,10,4.58016778e-01,1.58463032e+00
128,2.57000000e+00,10,4.58016778e-01,1.58502170e+00
129,2.59000000e+00,10,4.58016778e-01,1.58541630e+00
130,2.61000000e+00,10,4.58016778e-01,1.58581410e+00
131,2.63000000e+00,10,4.58016778e-01,1.58621511e+00
132,2.65000000e+00,10,4.58016778e-01,1.58661934e+00
133,2.67000000e+00,10,4.58016778e-01,1.58702678e+00
134,2.69000000e+00,10,4.58016778e-01,1.58743743e+00
135,2.71000000e+00,10,4.58016778e-01,1.58785131e+00
136,2.73000000e+00,10,4.58016778e-01,1.58826840e+00
137,2.75000000e+00,10,4.58016778e-01,1.58868871e+00
138,2.77000000e+00,10,4.58016778e-01,1.58911225e+00
139,2.79000000e+00,10,4.58016778e-01,1.58953901e+00
140,2.81000000e+00,10,4.58016778e-01,1.58996899e+00
141,2.83000000e+00,10,4.58016778e-01,1.59040220e+00
142,2.85000000e+00,10,4.58016778e-01,1.59083864e+00
143,2.87000000e+00,10,4.58016778e-01,1.59127831e+00
144,2.89000000e+00,10,4.58016778e-01,1.59172121e+00
145,2.91000000e+00,10,4.58016778e-01,1.59216734e+00
146,2.93000000e+00,10,4.58016778e-01,1.59261671e+00
147,2.95000000e+00,10,4.58016778e-01,1.59306931e+00
148,2.97000000e+00,10,4.58016778e-01,1.59352515e+00
149,2.99000000e+00,10,4.58016778e-01,1.59398423e+00
150,3.01000000e+00,10,4.58016778e-01,1.59444655e+00
151,3.03000000e+00,10,4.58016778e-01,1.59491211e+00
152,3.05000000e+00,10,4.58016778e-01,1.59538092e+00
153,3.07000000e+00,10,4.58016778e-01,1.59585297e+00
154,3.09000000e+00,10,4.58016778e-01,1.59632828e+00
155,3.11000000e+00,10,4.58016778e-01,1.59680683e+00
156,3.13000000e+00,10,4.58016778e-01,1.59728863e+00
157,3.15000000e+00,10,4.58016778e-01,1.59777368e+00
158,3.17000000e+00,10,4.58016778e-01,1.59826199e+00
159,3.19000000e+00,10,4.58016778e-01,1.59875356e+00
160,3.21000000e+00,10,4.58016778e-01,1.59924839e+00
161,3.23000000e+00,10,4.58016778e-01,1.59974647e+00
162,3.25000000e+00,10,4.58016778e-01,1.60024782e+00
163,3.27000000e+00,10,4.58016778e-01,1.60075243e+00
164,3.29000000e+00,10,4.58016778e-01,1.60126030e+00
165,3.31000000e+00,10,4.58016778e-01,1.60177144e+00
166,3.33000000e+00,10,4.58016778e-01,1.60228585e+00
167,3.35000000e+00,10,4.58016778e-01,1.60280354e+00
168,3.37000000e+00,10,4.58016778e-01,1.60332449e+00
169,3.39000000e+00,10,4.58016778e-01,1.60384872e+00
170,3.41000000e+00,10,4.58016778e-01,1.60437623e+00
171,3.43000000e+00,10,4.58016778e-01,1.60490701e+00
172,3.45000000e+00,10,4.58016778e-01,1.60544108e+00
173,3.47000000e+00,10,4.58016778e-01,1.60597843e+00
174,3.49000000e+00,10,4.58016778e-01,1.60651906e+00
175,3.51000000e+00,10,4.58016778e-01,1.60706297e+00
176,3.53000000e+00,10,4.58016778e-01,1.60761018e+00
177,3.55000000e+00,10,4.58016778e-01,1.60816068e+00
178,3.57000000e+00,10,4.58016778e-01,1.60871447e+00
179,3.59000000e+00,10,4.58016778e-01,1.60927155e+00
180,3.61000000e+00,10,4.58016778e-01,1.60983193e+00
181,3.63000000e+00,10,4.58016778e-01,1.61039560e+00
182,3.65000000e+00,10,4.58016778e-01,1.61096258e+00
183,3.67000000e+00,10,4.58016778e-01,1.61153286e+00
184,3.69000000e+00,10,4.58016778e-01,1.61210644e+00
185,3.71000000e+00,10,4.58016778e-01,1.61268333e+00
186,3.73000000e+00,10,4.58016778e-01,1.61326353e+00
187,3.75000000e+00,10,4.58016778e-01,1.61384704e+00
188,3.77000000e+00,10,4.58016778e-01,1.61443386e+00
189,3.79000000e+00,10,4.58016778e-01,1.61502400e+00
190,3.81000000e+00,10,4.58016778e-01,1.61561745e+00
191,3.83000000e+00,10,4.58016778e-01,1.61621422e+00
192,3.85000000e+00,10,4.58016778e-01,1.61681431e+00
193,3.87000000e+00,10,4.58016778e-01,1.61741773e+00
194,3.89000000e+00,10,4.58016778e-01,1.61802447e+00
195,3.91000000e+00,10,4.58016778e-01,1.61863454e+00
196,3.93000000e+00,10,4.58016778e-01,1.61924794e+00
197,3.95000000e+00,10,4.58016778e-01,1.61986467e+00
198,3.97000000e+00,10,4.58016778e-01,1.62048474e+00
199,3.99000000e+00,10,4.58016778e-01,1.62110814e+00
200,4.01000000e+00,10,4.58016778e-01,1.62173489e+00
201,4.03000000e+00,10,4.58016778e-01,1.62236497e+00
202,4.05000000e+00,10,4.58016778e-01,1.62299839e+00
203,4.07000000e+00,10,4.58016778e-01,1.62363517e+00
204,4.09000000e+00,10,4.58016778e-01,1.62427529e+00
205,4.11000000e+00,10,4.58016778e-01,1.62491876e+00
206,4.13000000e+00,10,4.58016778e-01,1.62556558e+00
207,4.15000000e+00,10,4.58016778e-01,1.62621576e+00
208,4.17000000e+00,10,4.58016778e-01,1.62686929e+00
209,4.19000000e+00,10,4.58016778e-01,1.62752619e+00
210,4.21000000e+00,10,4.58016778e-01,1.62818644e+00
211,4.23000000e+00,10,4.58016778e-01,1.62885007e+00
212,4.25000000e+00,10,4.58016778e-01,1.62951705e+00
213,4.27000000e+00,10,4.58016778e-01,1.63018741e+00
214,4.29000000e+00,10,4.58016778e-01,1.63086114e+00
215,4.31000000e+00,10,4.58016778e-01,1.63153824e+00
216,4.33000000e+00,10,4.58016778e-01,1.63221872e+00
217,4.35000000e+00,10,4.58016778e-01,1.63290258e+00
218,4.37000000e+00,10,4.58016778e-01,1.63358982e+00
219,4.39000000e+00,10,4.58016778e-01,1.63428045e+00
220,4.41000000e+00,10,4.58016778e-01,1.63497446e+00
221,4.43000000e+00,10,4.58016778e-01,1.63567186e+00
222,4.45000000e+00,10,4.58016778e-01,1.63637265e+00
223,4.47000000e+00,10,4.58016778e-01,1.63707684e+00
224,4.49000000e+00,10,4.58016778e-01,1.63778442e+00
225,4.51000000e+00,10,4.58016778e-01,1.63849540e+00
226,4.53000000e+00,10,4.58016778e-01,1.63920978e+00
227,4.55000000e+00,10,4.58016778e-01,1.63992757e+00
228,4.57000000e+00,10,4.58016778e-01,1.64064876e+00
229,4.59000000e+00,10,4.58016778e-01,1.64137337e+00
230,4.61000000e+00,10,4.58016778e-01,1.64210138e+00
231,4.63000000e+00,10,4.58016778e-01,1.64283281e+00
232,4.65000000e+00,10,4.58016778e-01,1.64356766e+00
233,4.67000000e+00,10,4.58016778e-01,1.64430593e+00
234,4.69000000e+00,10,4.58016778e-01,1.64504762e+00
235,4.71000000e+00,10,4.58016778e-01,1.64579274e+00
236,4.73000000e+00,10,4.58016778e-01,1.64654128e+00
237,4.75000000e+00,10,4.58016778e-01,1.64729326e+00
238,4.77000000e+00,10,4.58016778e-01,1.64804866e+00
239,4.79000000e+00,10,4.58016778e-01,1.64880751e+00
240,4.81000000e+00,10,4.58016778e-01,1.64956979e+00
241,4.83000000e+00,10,4.58016778e-01,1.65033552e+00
242,4.85000000e+00,10,4.58016778e-01,1.65110469e+00
243,4.87000000e+00,10,4.58016778e-01,1.65187731e+00
244,4.89000000e+00,10,4.58016778e-01,1.65265338e+00
245,4.91000000e+00,10,4.58016778e-01,1.65343290e+00
246,4.93000000e+00,10,4.58016778e-01,1.65421587e+00
247,4.95000000e+00,10,4.58016778e-01,1.65500231e+00
248,4.97000000e+00,10,4.58016778e-01,1.65579221e+00
249,4.99000000e+00,10,4.58016778e-01,1.65658557e+00
250,5.01000000e+00,10,4.58016778e-01,1.65738240e+00
251,5.03000000e+00,10,4.58016778e-01,1.65818270e+00
252,5.05000000e+00,10,4.58016778e-01,1.65898647e+00
253,5.07000000e+00,10,4.58016778e-01,1.65979371e+00
254,5.09000000e+00,10,4.58016778e-01,1.66060444e+00
255,5.11000000e+00,10,4.58016778e-01,1.66141865e+00
256,5.13000000e+00,10,4.58016778e-01,1.66223634e+00
257,5.15000000e+00,10,4.58016778e-01,1.66305752e+00
258,5.17000000e+00,10,4.58016778e-01,1.66388219e+00
259,5.19000000e+00,10,4.58016778e-01,1.66471036e+00
260,5.21000000e+00,10,4.58016778e-01,1.66554202e+00
261,5.23000000e+00,10,4.58016778e-01,1.66637718e+00
262,5.25000000e+00,10,4.58016778e-01,1.66721585e+00
263,5.27000000e+00,10,4.58016778e-01,1.66805802e+00
264,5.29000000e+00,10,4.58016778e-01,1.66890370e+00
265,5.31000000e+00,10,4.58016778e-01,1.66975289e+00
266,5.33000000e+00,10,4.58016778e-01,1.67060559e+00
267,5.35000000e+00,10,4.58016778e-01,1.67146181e+00
268,5.37000000e+00,10,4.58016778e-01,1.67232156e+00
269,5.39000000e+00,10,4.58016778e-01,1.67318483e+00
270,5.41000000e+00,10,4.58016778e-01,1.67405162e+00
271,5.43000000e+00,10,4.58016778e-01,1.67492195e+00
272,5.45000000e+00,10,4.58016778e-01,1.67579581e+00
273,5.47000000e+00,10,4.58016778e-01,1.67667321e+00
274,5.49000000e+00,10,4.58016778e-01,1.67755415e+00
275,5.51000000e+00,10,4.58016778e-01,1.67843863e+00
276,5.53000000e+00,10,4.58016778e-01,1.67932666e+00
277,5.55000000e+00,10,4.58016778e-01,1.68021823e+00
278,5.57000000e+00,10,4.58016778e-01,1.68111336e+00
279,5.59000000e+00,10,4.58016778e-01,1.68201205e+00
280,5.61000000e+00,10,4.58016778e-01,1.68291429e+00
281,5.63000000e+00,10,4.58016778e-01,1.68382010e+00
282,5.65000000e+00,10,4.58016778e-01,1.68472948e+00
283,5.67000000e+00,10,4.58016778e-01,1.68564242e+00
284,5.69000000e+00,10,4.58016778e-01,1.68655893e+00
285,5.71000000e+00,10,4.58016778e-01,1.68747903e+00
286,5.73000000e+00,10,4.58016778e-01,1.68840270e+00
287,5.75000000e+00,10,4.58016778e-01,1.68932995e+00
288,5.77000000e+00,10,4.58016778e-01,1.69026079e+00
289,5.79000000e+00,10,4.58016778e-01,1.69119522e+00
290,5.81000000e+00,10,4.58016778e-01,1.69213324e+00
291,5.83000000e+00,10,4.58016778e-01,1.69307486e+00
292,5.85000000e+00,10,4.58016778e-01,1.69402008e+00
293,5.87000000e+00,10,4.58016778e-01,1.69496890e+00
294,5.89000000e+00,10,4.58016778e-01,1.69592133e+00
295,5.91000000e+00,10,4.58016778e-01,1.69687736e+00
296,5.93000000e+00,10,4.58016778e-01,1.69783701e+00
297,5.95000000e+00,10,4.58016778e-01,1.69880028e+00
298,5.97000000e+00,10,4.58016778e-01,1.69976717e+00
299,5.99000000e+00,10,4.58016778e-01,1.70073768e+00
300,6.01000000e+00,10,4.58016778e-01,1.70171182e+00
301,6.03000000e+00,10,4.58016778e-01,1.70268959e+00
302,6.05000000e+00,10,4.58016778e-01,1.70367099e+00
303,6.07000000e+00,10,4.58016778e-01,1.70465604e+00
304,6.09000000e+00,10,4.58016778e-01,1.70564472e+00
305,6.11000000e+00,10,4.58016778e-01,1.70663705e+00
306,6.13000000e+00,10,4.58016778e-01,1.70763303e+00
307,6.15000000e+00,10,4.58016778e-01,1.70863266e+00
308,6.17000000e+00,10,4.58016778e-01,1.70963595e+00
309,6.19000000e+00,10,4.58016778e-01,1.71064290e+00
310,6.21000000e+00,10,4.58016778e-01,1.71165351e+00
311,6.23000000e+00,10,4.58016778e-01,1.71266778e+00
312,6.25000000e+00,10,4.58016778e-01,1.71368573e+00
313,6.27000000e+00,10,4.58016778e-01,1.71470735e+00
314,6.29000000e+00,10,4.58016778e-01,1.71573266e+00
315,6.31000000e+00,10,4.58016778e-01,1.71676164e+00
316,6.33000000e+00,10,4.58016778e-01,1.71779431e+00
317,6.35000000e+00,10,4.58016778e-01,1.71883067e+00
318,6.37000000e+00,10,4.58016778e-01,1.71987072e+00
319,6.39000000e+00,10,4.58016778e-01,1.72091447e+00
320,6.41000000e+00,10,4.58016778e-01,1.72196191e+00
321,6.43000000e+00,10,4.58016778e-01,1.72301307e+00
322,6.45000000e+00,10,4.58016778e-01,1.72406793e+00
323,6.47000000e+00,10,4.58016778e-01,1.72512651e+00
324,6.49000000e+00,10,4.58016778e-01,1.72618880e+00
325,6.51000000e+00,10,4.58016778e-01,1.72725481e+00
326,6.53000000e+00,10,4.58016778e-01,1.72832454e+00
327,6.55000000e+00,10,4.58016778e-01,1.72939800e+00
328,6.57000000e+00,10,4.58016778e-01,1.73047520e+00
329,6.59000000e+00,10,4.58016778e-01,1.73155613e+00
330,6.61000000e+00,10,4.58016778e-01,1.73264080e+00
331,6.63000000e+00,10,4.58016778e-01,1.73372921e+00
332,6.65000000e+00,10,4.58016778e-01,1.73482137e+00
333,6.67000000e+00,10,4.58016778e-01,1.73591728e+00
334,6.69000000e+00,10,4.58016778e-01,1.73701695e+00
335,6.71000000e+00,10,4.58016778e-01,1.73812037e+00
336,6.73000000e+00,10,4.58016778e-01,1.73922756e+00
337,6.75000000e+00,10,4.58016778e-01,1.74033852e+00
338,6.77000000e+00,10,4.58016778e-01,1.74145325e+00
339,6.79000000e+00,10,4.58016778e-01,1.74257175e+00
340,6.81000000e+00,10,4.58016778e-01,1.74369404e+00
341,6.83000000e+00,10,4.58016778e-01,1.74482011e+00
342,6.85000000e+00,10,4.58016778e-01,1.74594996e+00
343,6.87000000e+00,10,4.58016778e-01,1.74708361e+00
344,6.89000000e+00,10,4.58016778e-01,1.74822105e+00
345,6.91000000e+00,10,4.58016778e-01,1.74936230e+00
346,6.93000000e+00,10,4.58016778e-01,1.75050735e+00
347,6.95000000e+00,10,4.58016778e-01,1.75165620e+00
348,6.97000000e+00,10,4.58016778e-01,1.75280887e+00
349,6.99000000e+00,10,4.58016778e-01,1.75396536e+00
350,7.01000000e+00,10,4.58016778e-01,1.75512567e+00
351,7.03000000e+00,10,4.58016778e-01,1.75628980e+00
352,7.05000000e+00,10,4.58016778e-01,1.75745776e+00
353,7.07000000e+00,10,4.58016778e-01,1.75862956e+00
354,7.09000000e+00,10,4.58016778e-01,1.75980520e+00
355,7.11000000e+00,10,4.58016778e-01,1.76098467e+00
356,7.13000000e+00,10,4.58016778e-01,1.76216800e+00
357,7.15000000e+00,10,4.58016778e-01,1.76335517e+00
358,7.17000000e+00,10,4.58016778e-01,1.76454621e+00
359,7.19000000e+00,10,4.58016778e-01,1.76574110e+00
360,7.21000000e+00,10,4.58016778e-01,1.76693985e+00
361,7.23000000e+00,10,4.58016778e-01,1.76814248e+00
362,7.25000000e+00,10,4.58016778e-01,1.76934897e+00
363,7.27000000e+00,10,4.58016778e-01,1.77055935e+00
364,7.29000000e+00,10,4.58016778e-01,1.77177360e+00
365,7.31000000e+00,10,4.58016778e-01,1.77299174e+00
366,7.33000000e+00,10,4.58016778e-01,1.77421378e+00
367,7.35000000e+00,10,4.58016778e-01,1.77543971e+00
368,7.37000000e+00,10,4.58016778e-01,1.77666953e+00
369,7.39000000e+00,10,4.58016778e-01,1.77790326e+00
370,7.41000000e+00,10,4.58016778e-01,1.77914091e+00
371,7.43000000e+00,10,4.58016778e-01,1.78038246e+00
372,7.45000000e+00,10,4.58016778e-01,1.78162793e+00
373,7.47000000e+00,10,4.58016778e-01,1.78287732e+00
374,7.49000000e+00,10,4.58016778e-01,1.78413064e+00
375,7.51000000e+00,10,4.58016778e-01,1.78538790e+00
376,7.53000000e+00,10,4.58016778e-01,1.78664908e+00
377,7.55000000e+00,10,4.58016778e-01,1.78791421e+00
378,7.57000000e+00,10,4.58016778e-01,1.78918329e+00
379,7.59000000e+00,10,4.58016778e-01,1.79045631e+00
380,7.61000000e+00,10,4.58016778e-01,1.79173329e+00
381,7.63000000e+00,10,4.58016778e-01,1.79301423e+00
382,7.65000000e+00,10,4.58016778e-01,1.79429913e+00
383,7.67000000e+00,10,4.58016778e-01,1.79558800e+00
384,7.69000000e+00,10,4.58016778e-01,1.79688084e+00
385,7.71000000e+00,10,4.58016778e-01,1.79817766e+00
386,7.73000000e+00,10,4.58016778e-01,1.79947847e+00
387,7.75000000e+00,10,4.58016778e-01,1.80078326e+00
388,7.77000000e+00,10,4.58016778e-01,1.80209205e+00
389,7.79000000e+00,10,4.58016778e-01,1.80340483e+00
390,7.81000000e+00,10,4.58016778e-01,1.80472162e+00
391,7.83000000e+00,10,4.58016778e-01,1.80604241e+00
392,7.85000000e+00,10,4.58016778e-01,1.80736721e+00
393,7.87000000e+00,10,4.58016778e-01,1.80869604e+00
394,7.89000000e+00,10,4.58016778e-01,1.81002888e+00
395,7.91000000e+00,10,4.58016778e-01,1.81136575e+00
396,7.93000000e+00,10,4.58016778e-01,1.81270665e+00
397,7.95000000e+00,10,4.58016778e-01,1.81405159e+00
398,7.97000000e+00,10,4.58016778e-01,1.81540057e+00
399,7.99000000e+00,10,4.58016778e-01,1.81675359e+00
400,8.01000000e+00,10,4.58016778e-01,1.81811067e+00
401,8.03000000e+00,10,4.58016778e-01,1.81947181e+00
402,8.05000000e+00,10,4.58016778e-01,1.82083700e+00
403,8.07000000e+00,10,4.58016778e-01,1.82220626e+00
404,8.09000000e+00,10,4.58016778e-01,1.82357960e+00
405,8.11000000e+00,10,4.58016778e-01,1.82495701e+00
406,8.13000000e+00,10,4.58016778e-01,1.82633850e+00
407,8.15000000e+00,10,4.58016778e-01,1.82772408e+00
408,8.17000000e+00,10,4.58016778e-01,1.82911375e+00
409,8.19000000e+00,10,4.58016778e-01,1.83050752e+00
410,8.21000000e+00,10,4.58016778e-01,1.83190539e+00
411,8.23000000e+00,10,4.58016778e-01,1.83330736e+00
412,8.25000000e+00,10,4.58016778e-01,1.83471345e+00
413,8.27000000e+00,10,4.58016778e-01,1.83612365e+00
414,8.29000000e+00,10,4.58016778e-01,1.83753798e+00
415,8.31000000e+00,10,4.58016778e-01,1.83895643e+00
416,8.33000000e+00,10,4.58016778e-01,1.84037902e+00
417,8.35000000e+00,10,4.58016778e-01,1.84180574e+00
418,8.37000000e+00,10,4.58016778e-01,1.84323661e+00
419,8.39000000e+00,10,4.58016778e-01,1.84467162e+00
420,8.41000000e+00,10,4.58016778e-01,1.84611078e+00
421,8.43000000e+00,10,4.58016778e-01,1.84755410e+00
422,8.45000000e+00,10,4.58016778e-01,1.84900158e+00
423,8.47000000e+00,10,4.58016778e-01,1.85045323e+00
424,8.49000000e+00,10,4.58016778e-01,1.85190905e+00
425,8.51000000e+00,10,4.58016778e-01,1.85336904e+00
426,8.53000000e+00,10,4.58016778e-01,1.85483321e+00
427,8.55000000e+00,10,4.58016778e-01,1.85630157e+00
428,8.57000000e+00,10,4.58016778e-01,1.85777412e+00
429,8.59000000e+00,10,4.58016778e-01,1.85925086e+00
430,8.61000000e+00,10,4.58016778e-01,1.86073180e+00
431,8.63000000e+00,10,4.58016778e-01,1.86221694e+00
432,8.65000000e+00,10,4.58016778e-01,1.86370628e+00
433,8.67000000e+00,10,4.58016778e-01,1.86519984e+00
434,8.69000000e+00,10,4.58016778e-01,1.86669761e+00
435,8.71000000e+00,10,4.58016778e-01,1.86819960e+00
436,8.73000000e+00,10,4.58016778e-01,1.86970581e+00
437,8.75000000e+00,10,4.58016778e-01,1.87121625e+00
438,8.77000000e+00,10,4.58016778e-01,1.87273093e+00
439,8.79000000e+00,10,4.58016778e-01,1.87424983e+00
440,8.81000000e+00,10,4.58016778e-01,1.87577298e+00
441,8.83000000e+00,10,4.58016778e-01,1.87730037e+00
442,8.85000000e+00,10,4.58016778e-01,1.87883201e+00
443,8.87000000e+00,10,4.58016778e-01,1.88036791e+00
444,8.89000000e+00,10,4.58016778e-01,1.88190807e+00
445,8.91000000e+00,10,4.58016778e-01,1.88345249e+00
446,8.93000000e+00,10,4.58016778e-01,1.88500118e+00
447,8.95000000e+00,10,4.58016778e-01,1.88655416e+00
448,8.97000000e+00,10,4.58016778e-01,1.88811142e+00
449,8.99000000e+00,10,4.58016778e-01,1.88967298e+00
450,9.01000000e+00,10,4.58016778e-01,1.89123884e+00
451,9.03000000e+00,10,4.58016778e-01,1.89280903e+00
452,9.05000000e+00,10,4.58016778e-01,1.89438354e+00
453,9.07000000e+00,10,4.58016778e-01,1.89596240e+00
454,9.09000000e+00,10,4.58016778e-01,1.89754562e+00
455,9.11000000e+00,10,4.58016778e-01,1.89913323e+00
456,9.13000000e+00,10,4.58016778e-01,1.90072523e+00
457,9.15000000e+00,10,4.58016778e-01,1.90232166e+00
458,9.17000000e+00,10,4.58016778e-01,1.90392254e+00
459,9.19000000e+00,10,4.58016778e-01,1.90552790e+00
460,9.21000000e+00,10,4.58016778e-01,1.90713778e+00
461,9.23000000e+00,10,4.58016778e-01,1.90875220e+00
462,9.25000000e+00,10,4.58016778e-01,1.91037121e+00
463,9.27000000e+00,10,4.58016778e-01,1.91199485e+00
464,9.29000000e+00,10,4.58016778e-01,1.91362317e+00
465,9.31000000e+00,10,4.58016778e-01,1.91525622e+00
466,9.33000000e+00,10,4.58016778e-01,1.91689404e+00
467,9.35000000e+00,10,4.58016778e-01,1.91853669e+00
468,9.37000000e+00,10,4.58016778e-01,1.92018422e+00
469,9.39000000e+00,10,4.58016778e-01,1.92183670e+00
470,9.41000000e+00,10,4.58016778e-01,1.92349417e+00
471,9.43000000e+00,10,4.58016778e-01,1.92515668e+00
472,9.45000000e+00,10,4.58016778e-01,1.92682428e+00
473,9.47000000e+00,10,4.58016778e-01,1.92849702e+00
474,9.49000000e+00,10,4.58016778e-01,1.93017491e+00
475,9.51000000e+00,10,4.58016778e-01,1.93185797e+00
476,9.53000000e+00,10,4.58016778e-01,1.93354619e+00
477,9.55000000e+00,10,4.58016778e-01,1.93523956e+00
478,9.57000000e+00,10,4.58016778e-01,1.93693802e+00
479,9.59000000e+00,10,4.58016778e-01,1.93864148e+00
480,9.61000000e+00,10,4.58016778e-01,1.94034984e+00
481,9.63000000e+00,10,4.58016778e-01,1.94206293e+00
482,9.65000000e+00,10,4.58016778e-01,1.94378056e+00
483,9.67000000e+00,10,4.58016778e-01,1.94550250e+00
484,9.69000000e+00,10,4.58016778e-01,1.94722847e+00
485,9.71000000e+00,10,4.58016778e-01,1.94895814e+00
486,9.73000000e+00,10,4.58016778e-01,1.95069116e+00
487,9.75000000e+00,10,4.58016778e-01,1.95242714e+00
488,9.77000000e+00,10,4.58016778e-01,1.95416563e+00
489,9.79000000e+00,10,4.58016778e-01,1.95590615e+00
490,9.81000000e+00,10,4.58016778e-01,1.95764809e+00
491,9.83000000e+00,10,4.58016778e-01,1.95939068e+00
492,9.85000000e+00,10,4.58016778e-01,1.96113285e+00
493,9.87000000e+00,10,4.58016778e-01,1.96287320e+00
494,9.89000000e+00,10,4.58016778e-01,1.96461080e+00
495,9.91000000e+00,10,4.58016778e-01,1.96635001e+00
496,9.93000000e+00,10,4.58016778e-01,1.96812296e+00
497,9.95000000e+00,10,4.58016778e-01,1.97008311e+00
498,9.97000000e+00,10,4.58016778e-01,1.97287446e+00
499,9.99000000e+00,10,4.58016778e-01,1.97905732e+00
0,1.00000000e-02,11,6.17876244e-01,1.56064388e+00
1,3.00000000e-02,11,6.17876244e-01,1.56063159e+00
2,5.00000000e-02,11,6.17876244e-01,1.56061989e+00
3,7.00000000e-02,11,6.17876244e-01,1.56061178e+00
4,9.00000000e-02,11,6.17876244e-01,1.56060808e+00
5,1.10000000e-01,11,6.17876244e-01,1.56060519e+00
6,1.30000000e-01,11,6.17876244e-01,1.56060709e+00
7,1.50000000e-01,11,6.17876244e-01,1.56061191e+00
8,1.70000000e-01,11,6.17876244e-01,1.56061864e+00
9,1.90000000e-01,11,6.17876244e-01,1.56063057e+00
10,2.10000000e-01,11,6.17876244e-01,1.56064339e+00
11,2.30000000e-01,11,6.17876244e-01,1.56066137e+00
12,2.50000000e-01,11,6.17876244e-01,1.56068087e+00
13,2.70000000e-01,11,6.17876244e-01,1.56070472e+00
14,2.90000000e-01,11,6.17876244e-01,1.56073086e+00
15,3.10000000e-01,11,6.17876244e-01,1.56076071e+00
16,3.30000000e-01,11,6.17876244e-01,1.56079332e+00
17,3.50000000e-01,11,6.17876244e-01,1.56082931e+00
18,3.70000000e-01,11,6.17876244e-01,1.56086828e+00
19,3.90000000e-01,11,6.17876244e-01,1.56091047e+00
20,4.10000000e-01,11,6.17876244e-01,1.56095575e+00
21,4.30000000e-01,11,6.17876244e-01,1.56100419e+00
22,4.50000000e-01,11,6.17876244e-01,1.56105574e+00
23,4.70000000e-01,11,6.17876244e-01,1.56111043e+00
24,4.90000000e-01,11,6.17876244e-01,1.56116825e+00
25,5.10000000e-01,11,6.17876244e-01,1.56122920e+00
26,5.30000000e-01,11,6.17876244e-01,1.56129328e+00
27,5.50000000e-01,11,6.17876244e-01,1.56136048e+00
28,5.70000000e-01,11,6.17876244e-01,1.56143082e+00
29,5.90000000e-01,11,6.17876244e-01,1.56150429e+00
30,6.10000000e-01,11,6.17876244e-01,1.56158088e+00
31,6.30000000e-01,11,6.17876244e-01,1.56166061e+00
32,6.50000000e-01,11,6.17876244e-01,1.56174346e+00
33,6.70000000e-01,11,6.17876244e-01,1.56182944e+00
34,6.90000000e-01,11,6.17876244e-01,1.56191855e+00
35,7.10000000e-01,11,6.17876244e-01,1.56201079e+00
36,7.30000000e-01,11,6.17876244e-01,1.56210616e+00
37,7.50000000e-01,11,6.17876244e-01,1.56220466e+00
38,7.70000000e-01,11,6.17876244e-01,1.56230629e+00
39,7.90000000e-01,11,6.17876244e-01,1.56241105e+00
40,8.10000000e-01,11,6.17876244e-01,1.56251894e+00
41,8.30000000e-01,11,6.17876244e-01,1.56262996e+00
42,8.50000000e-01,11,6.17876244e-01,1.56274411e+00
43,8.70000000e-01,11,6.17876244e-01,1.56286139e+00
44,8.90000000e-01,11,6.17876244e-01,1.56298180e+00
45,9.10000000e-01,11,6.17876244e-01,1.56310535e+00
46,9.30000000e-01,11,6.17876244e-01,1.56323202e+00
47,9.50000000e-01,11,6.17876244e-01,1.56336183e+00
48,9.70000000e-01,11,6.17876244e-01,1.56349477e+00
49,9.90000000e-01,11,6.17876244e-01,1.56363084e+00
50,1.01000000e+00,11,6.17876244e-01,1.56377005e+00
51,1.03000000e+00,11,6.17876244e-01,1.56391239e+00
52,1.05000000e+00,11,6.17876244e-01,1.56405786e+00
53,1.07000000e+00,11,6.17876244e-01,1.56420647e+00
54,1.09000000e+00,11,6.17876244e-01,1.56435822e+00
55,1.11000000e+00,11,6.17876244e-01,1.56451310e+00
56,1.13000000e+00,11,6.17876244e-01,1.56467111e+00
57,1.15000000e+00,11,6.17876244e-01,1.56483227e+00
58,1.17000000e+00,11,6.17876244e-01,1.56499656e+00
59,1.19000000e+00,11,6.17876244e-01,1.56516399e+00
60,1.21000000e+00,11,6.17876244e-01,1.56533455e+00
61,1.23000000e+00,11,6.17876244e-01,1.56550826e+00
62,1.25000000e+00,11,6.17876244e-01,1.56568510e+00
63,1.27000000e+00,11,6.17876244e-01,1.56586509e+00
64,1.29000000e+00,11,6.17876244e-01,1.56604821e+00
65,1.31000000e+00,11,6.17876244e-01,1.56623448e+00
66,1.33000000e+00,11,6.17876244e-01,1.56642389e+00
67,1.35000000e+00,11,6.17876244e-01,1.56661644e+00
68,1.37000000e+00,11,6.17876244e-01,1.56681214e+00
69,1.39000000e+00,11,6.17876244e-01,1.56701098e+00
70,1.41000000e+00,11,6.17876244e-01,1.56721296e+00
71,1.43000000e+00,11,6.17876244e-01,1.56741809e+00
72,1.45000000e+00,11,6.17876244e-01,1.56762636e+00
73,1.47000000e+00,11,6.17876244e-01,1.56783778e+00
74,1.49000000e+00,11,6.17876244e-01,1.56805235e+00
75,1.51000000e+00,11,6.17876244e-01,1.56827007e+00
76,1.53000000e+00,11,6.17876244e-01,1.56849094e+00
77,1.55000000e+00,11,6.17876244e-01,1.56871495e+00
78,1.57000000e+00,11,6.17876244e-01,1.56894212e+00
79,1.59000000e+00,11,6.17876244e-01,1.56917244e+00
80,1.61000000e+00,11,6.17876244e-01,1.56940591e+00
81,1.63000000e+00,11,6.17876244e-01,1.56964253e+00
82,1.65000000e+00,11,6.17876244e-01,1.56988231e+00
83,1.67000000e+00,11,6.17876244e-01,1.57012524e+00
84,1.69000000e+00,11,6.17876244e-01,1.57037133e+00
85,1.71000000e+00,11,6.17876244e-01,1.57062057e+00
86,1.73000000e+00,11,6.17876244e-01,1.57087298e+00
87,1.75000000e+00,11,6.17876244e-01,1.57112854e+00
88,1.77000000e+00,11,6.17876244e-01,1.57138725e+00
89,1.79000000e+00,11,6.17876244e-01,1.57164913e+00
90,1.81000000e+00,11,6.17876244e-01,1.57191417e+00
91,1.83000000e+00,11,6.17876244e-01,1.57218237e+00
92,1.85000000e+00,11,6.17876244e-01,1.57245374e+00
93,1.87000000e+00,11,6.17876244e-01,1.57272827e+00
94,1.89000000e+00,11,6.17876244e-01,1.57300596e+00
95,1.91000000e+00,11,6.17876244e-01,1.57328682e+00
96,1.93000000e+00,11,6.17876244e-01,1.57357084e+00
97,1.95000000e+00,11,6.17876244e-01,1.57385804e+00
98,1.97000000e+00,11,6.17876244e-01,1.57414840e+00
99,1.99000000e+00,11,6.17876244e-01,1.57444193e+00
100,2.01000000e+00,11,6.17876244e-01,1.57473864e+00
101,2.03000000e+00,11,6.17876244e-01,1.57503851e+00
102,2.05000000e+00,11,6.17876244e-01,1.57534156e+00
103,2.07000000e+00,11,6.17876244e-01,1.57564778e+00
104,2.09000000e+00,11,6.17876244e-01,1.57595718e+00
105,2.11000000e+00,11,6.17876244e-01,1.57626975e+00
106,2.13000000e+00,11,6.17876244e-01,1.57658550e+00
107,2.15000000e+00,11,6.17876244e-01,1.57690443e+00
108,2.17000000e+00,11,6.17876244e-01,1.57722654e+00
109,2.19000000e+00,11,6.17876244e-01,1.57755183e+00
110,2.21000000e+00,11,6.17876244e-01,1.57788031e+00
111,2.23000000e+00,11,6.17876244e-01,1.57821196e+00
112,2.25000000e+00,11,6.17876244e-01,1.57854680e+00
113,2.27000000e+00,11,6.17876244e-01,1.57888483e+00
114,2.29000000e+00,11,6.17876244e-01,1.57922604e+00
115,2.31000000e+00,11,6.17876244e-01,1.57957044e+00
116,2.33000000e+00,11,6.17876244e-01,1.57991803e+00
117,2.35000000e+00,11,6.17876244e-01,1.58026881e+00
118,2.37000000e+00,11,6.17876244e-01,1.58062278e+00
119,2.39000000e+00,11,6.17876244e-01,1.58097995e+00
120,2.41000000e+00,11,6.17876244e-01,1.58134031e+00
121,2.43000000e+00,11,6.17876244e-01,1.58170386e+00
122,2.45000000e+00,11,6.17876244e-01,1.58207061e+00
123,2.47000000e+00,11,6.17876244e-01,1.58244056e+00
124,2.49000000e+00,11,6.17876244e-01,1.58281371e+00
125,2.51000000e+00,11,6.17876244e-01,1.58319007e+00
126,2.53000000e+00,11,6.17876244e-01,1.58356962e+00
127,2.55000000e+00,11,6.17876244e-01,1.58395238e+00
128,2.57000000e+00,11,6.17876244e-01,1.58433834e+00
129,2.59000000e+00,11,6.17876244e-01,1.58472751e+00
130,2.61000000e+00,11,6.17876244e-01,1.58511988e+00
131,2.63000000e+00,11,6.17876244e-01,1.58551547e+00
132,2.65000000e+00,11,6.17876244e-01,1.58591426e+00
133,2.67000000e+00,11,6.17876244e-01,1.58631627e+00
134,2.69000000e+00,11,6.17876244e-01,1.58672149e+00
135,2.71000000e+00,11,6.17876244e-01,1.58712993e+00
136,2.73000000e+00,11,6.17876244e-01,1.58754158e+00
137,2.75000000e+00,11,6.17876244e-01,1.58795645e+00
138,2.77000000e+00,11,6.17876244e-01,1.58837454e+00
139,2.79000000e+00,11,6.17876244e-01,1.58879585e+00
140,2.81000000e+00,11,6.17876244e-01,1.58922039e+00
141,2.83000000e+00,11,6.17876244e-01,1.58964814e+00
142,2.85000000e+00,11,6.17876244e-01,1.59007913e+00
143,2.87000000e+00,11,6.17876244e-01,1.59051334e+00
144,2.89000000e+00,11,6.17876244e-01,1.59095077e+00
145,2.91000000e+00,11,6.17876244e-01,1.59139144e+00
146,2.93000000e+00,11,6.17876244e-01,1.59183534e+00
147,2.95000000e+00,11,6.17876244e-01,1.59228248e+00
148,2.97000000e+00,11,6.17876244e-01,1.59273285e+00
149,2.99000000e+00,11,6.17876244e-01,1.59318645e+00
150,3.01000000e+00,11,6.17876244e-01,1.59364330e+00
151,3.03000000e+00,11,6.17876244e-01,1.59410338e+00
152,3.05000000e+00,11,6.17876244e-01,1.59456670e+00
153,3.07000000e+00,11,6.17876244e-01,1.59503327e+00
154,3.09000000e+00,11,6.17876244e-01,1.59550309e+00
155,3.11000000e+00,11,6.17876244e-01,1.59597615e+00
156,3.13000000e+00,11,6.17876244e-01,1.59645245e+00
157,3.15000000e+00,11,6.17876244e-01,1.59693201e+00
158,3.17000000e+00,11,6.17876244e-01,1.59741482e+00
159,3.19000000e+00,11,6.17876244e-01,1.59790089e+00
160,3.21000000e+00,11,6.17876244e-01,1.59839020e+00
161,3.23000000e+00,11,6.17876244e-01,1.59888278e+00
162,3.25000000e+00,11,6.17876244e-01,1.59937861e+00
163,3.27000000e+00,11,6.17876244e-01,1.59987771e+00
164,3.29000000e+00,11,6.17876244e-01,1.60038007e+00
165,3.31000000e+00,11,6.17876244e-01,1.60088569e+00
166,3.33000000e+00,11,6.17876244e-01,1.60139458e+00
167,3.35000000e+00,11,6.17876244e-01,1.60190673e+00
168,3.37000000e+00,11,6.17876244e-01,1.60242216e+00
169,3.39000000e+00,11,6.17876244e-01,1.60294085e+00
170,3.41000000e+00,11,6.17876244e-01,1.60346282e+00
171,3.43000000e+00,11,6.17876244e-01,1.60398807e+00
172,3.45000000e+00,11,6.17876244e-01,1.60451659e+00
173,3.47000000e+00,11,6.17876244e-01,1.60504839e+00
174,3.49000000e+00,11,6.17876244e-01,1.60558347e+00
175,3.51000000e+00,11,6.17876244e-01,1.60612184e+00
176,3.53000000e+00,11,6.17876244e-01,1.60666349e+00
177,3.55000000e+00,11,6.17876244e-01,1.60720842e+00
178,3.57000000e+00,11,6.17876244e-01,1.60775665e+00
179,3.59000000e+00,11,6.17876244e-01,1.60830817e+00
180,3.61000000e+00,11,6.17876244e-01,1.60886298e+00
181,3.63000000e+00,11,6.17876244e-01,1.60942108e+00
182,3.65000000e+00,11,6.17876244e-01,1.60998248e+00
183,3.67000000e+00,11,6.17876244e-01,1.61054718e+00
184,3.69000000e+00,11,6.17876244e-01,1.61111518e+00
185,3.71000000e+00,11,6.17876244e-01,1.61168648e+00
186,3.73000000e+00,11,6.17876244e-01,1.61226109e+00
187,3.75000000e+00,11,6.17876244e-01,1.61283901e+00
188,3.77000000e+00,11,6.17876244e-01,1.61342023e+00
189,3.79000000e+00,11,6.17876244e-01,1.61400477e+00
190,3.81000000e+00,11,6.17876244e-01,1.61459262e+00
191,3.83000000e+00,11,6.17876244e-01,1.61518378e+00
192,3.85000000e+00,11,6.17876244e-01,1.61577826e+00
193,3.87000000e+00,11,6.17876244e-01,1.61637607e+00
194,3.89000000e+00,11,6.17876244e-01,1.61697719e+00
195,3.91000000e+00,11,6.17876244e-01,1.61758164e+00
196,3.93000000e+00,11,6.17876244e-01,1.61818941e+00
197,3.95000000e+00,11,6.17876244e-01,1.61880051e+00
198,3.97000000e+00,11,6.17876244e-01,1.61941495e+00
199,3.99000000e+00,11,6.17876244e-01,1.62003271e+00
200,4.01000000e+00,11,6.17876244e-01,1.62065381e+00
201,4.03000000e+00,11,6.17876244e-01,1.62127825e+00
202,4.05000000e+00,11,6.17876244e-01,1.62190603e+00
203,4.07000000e+00,11,6.17876244e-01,1.62253715e+00
204,4.09000000e+00,11,6.17876244e-01,1.62317161e+00
205,4.11000000e+00,11,6.17876244e-01,1.62380942e+00
206,4.13000000e+00,11,6.17876244e-01,1.62445058e+00
207,4.15000000e+00,11,6.17876244e-01,1.62509509e+00
208,4.17000000e+00,11,6.17876244e-01,1.62574296e+00
209,4.19000000e+00,11,6.17876244e-01,1.62639418e+00
210,4.21000000e+00,11,6.17876244e-01,1.62704875e+00
211,4.23000000e+00,11,6.17876244e-01,1.62770669e+00
212,4.25000000e+00,11,6.17876244e-01,1.62836799e+00
213,4.27000000e+00,11,6.17876244e-01,1.62903266e+00
214,4.29000000e+00,11,6.17876244e-01,1.62970069e+00
215,4.31000000e+00,11,6.17876244e-01,1.63037210e+00
216,4.33000000e+00,11,6.17876244e-01,1.63104687e+00
217,4.35000000e+00,11,6.17876244e-01,1.63172502e+00
218,4.37000000e+00,11,6.17876244e-01,1.63240655e+00
219,4.39000000e+00,11,6.17876244e-01,1.63309146e+00
220,4.41000000e+00,11,6.17876244e-01,1.63377975e+00
221,4.43000000e+00,11,6.17876244e-01,1.63447143e+00
222,4.45000000e+00,11,6.17876244e-01,1.63516649e+00
223,4.47000000e+00,11,6.17876244e-01,1.63586494e+00
224,4.49000000e+00,11,6.17876244e-01,1.63656679e+00
225,4.51000000e+00,11,6.17876244e-01,1.63727203e+00
226,4.53000000e+00,11,6.17876244e-01,1.63798066e+00
227,4.55000000e+00,11,6.17876244e-01,1.63869270e+00
228,4.57000000e+00,11,6.17876244e-01,1.63940814e+00
229,4.59000000e+00,11,6.17876244e-01,1.64012698e+00
230,4.61000000e+00,11,6.17876244e-01,1.64084924e+00
231,4.63000000e+00,11,6.17876244e-01,1.64157490e+00
232,4.65000000e+00,11,6.17876244e-01,1.64230398e+00
233,4.67000000e+00,11,6.17876244e-01,1.64303647e+00
234,4.69000000e+00,11,6.17876244e-01,1.64377238e+00
235,4.71000000e+00,11,6.17876244e-01,1.64451171e+00
236,4.73000000e+00,11,6.17876244e-01,1.64525446e+00
237,4.75000000e+00,11,6.17876244e-01,1.64600064e+00
238,4.77000000e+00,11,6.17876244e-01,1.64675025e+00
239,4.79000000e+00,11,6.17876244e-01,1.64750329e+00
240,4.81000000e+00,11,6.17876244e-01,1.64825977e+00
241,4.83000000e+00,11,6.17876244e-01,1.64901968e+00
242,4.85000000e+00,11,6.17876244e-01,1.64978304e+00
243,4.87000000e+00,11,6.17876244e-01,1.65054983e+00
244,4.89000000e+00,11,6.17876244e-01,1.65132007e+00
245,4.91000000e+00,11,6.17876244e-01,1.65209376e+00
246,4.93000000e+00,11,6.17876244e-01,1.65287090e+00
247,4.95000000e+00,11,6.17876244e-01,1.65365150e+00
248,4.97000000e+00,11,6.17876244e-01,1.65443555e+00
249,4.99000000e+00,11,6.17876244e-01,1.65522306e+00
250,5.01000000e+00,11,6.17876244e-01,1.65601403e+00
251,5.03000000e+00,11,6.17876244e-01,1.65680847e+00
252,5.05000000e+00,11,6.17876244e-01,1.65760638e+00
253,5.07000000e+00,11,6.17876244e-01,1.65840776e+00
254,5.09000000e+00,11,6.17876244e-01,1.65921261e+00
255,5.11000000e+00,11,6.17876244e-01,1.66002094e+00
256,5.13000000e+00,11,6.17876244e-01,1.66083275e+00
257,5.15000000e+00,11,6.17876244e-01,1.66164804e+00
258,5.17000000e+00,11,6.17876244e-01,1.66246681e+00
259,5.19000000e+00,11,6.17876244e-01,1.66328908e+00
260,5.21000000e+00,11,6.17876244e-01,1.66411484e+00
261,5.23000000e+00,11,6.17876244e-01,1.66494409e+00
262,5.25000000e+00,11,6.17876244e-01,1.66577684e+00
263,5.27000000e+00,11,6.17876244e-01,1.66661309e+00
264,5.29000000e+00,11,6.17876244e-01,1.66745284e+00
265,5.31000000e+00,11,6.17876244e-01,1.66829610e+00
266,5.33000000e+00,11,6.17876244e-01,1.66914287e+00
267,5.35000000e+00,11,6.17876244e-01,1.66999316e+00
268,5.37000000e+00,11,6.17876244e-01,1.67084696e+00
269,5.39000000e+00,11,6.17876244e-01,1.67170427e+00
270,5.41000000e+00,11,6.17876244e-01,1.67256511e+00
271,5.43000000e+00,11,6.17876244e-01,1.67342948e+00
272,5.45000000e+00,11,6.17876244e-01,1.67429737e+00
273,5.47000000e+00,11,6.17876244e-01,1.67516880e+00
274,5.49000000e+00,11,6.17876244e-01,1.67604376e+00
275,5.51000000e+00,11,6.17876244e-01,1.67692226e+00
276,5.53000000e+00,11,6.17876244e-01,1.67780430e+00
277,5.55000000e+00,11,6.17876244e-01,1.67868988e+00
278,5.57000000e+00,11,6.17876244e-01,1.67957901e+00
279,5.59000000e+00,11,6.17876244e-01,1.68047169e+00
280,5.61000000e+00,11,6.17876244e-01,1.68136793e+00
281,5.63000000e+00,11,6.17876244e-01,1.68226772e+00
282,5.65000000e+00,11,6.17876244e-01,1.68317108e+00
283,5.67000000e+00,11,6.17876244e-01,1.68407799e+00
284,5.69000000e+00,11,6.17876244e-01,1.68498848e+00
285,5.71000000e+00,11,6.17876244e-01,1.68590253e+00
286,5.73000000e+00,11,6.17876244e-01,1.68682016e+00
287,5.75000000e+00,11,6.17876244e-01,1.68774137e+00
288,5.77000000e+00,11,6.17876244e-01,1.68866615e+00
289,5.79000000e+00,11,6.17876244e-01,1.68959452e+00
290,5.81000000e+00,11,6.17876244e-01,1.69052648e+00
291,5.83000000e+00,11,6.17876244e-01,1.69146203e+00
292,5.85000000e+00,11,6.17876244e-01,1.69240117e+00
293,5.87000000e+00,11,6.17876244e-01,1.69334391e+00
294,5.89000000e+00,11,6.17876244e-01,1.69429025e+00
295,5.91000000e+00,11,6.17876244e-01,1.69524019e+00
296,5.93000000e+00,11,6.17876244e-01,1.69619374e+00
297,5.95000000e+00,11,6.17876244e-01,1.69715090e+00
298,5.97000000e+00,11,6.17876244e-01,1.69811168e+00
299,5.99000000e+00,11,6.17876244e-01,1.69907607e+00
300,6.01000000e+00,11,6.17876244e-01,1.70004409e+00
301,6.03000000e+00,11,6.17876244e-01,1.70101573e+00
302,6.05000000e+00,11,6.17876244e-01,1.70199100e+00
303,6.07000000e+00,11,6.17876244e-01,1.70296990e+00
304,6.09000000e+00,11,6.17876244e-01,1.70395244e+00
305,6.11000000e+00,11,6.17876244e-01,1.70493861e+00
306,6.13000000e+00,11,6.17876244e-01,1.70592843e+00
307,6.15000000e+00,11,6.17876244e-01,1.70692190e+00
308,6.17000000e+00,11,6.17876244e-01,1.70791902e+00
309,6.19000000e+00,11,6.17876244e-01,1.70891979e+00
310,6.21000000e+00,11,6.17876244e-01,1.70992421e+00
311,6.23000000e+00,11,6.17876244e-01,1.71093230e+00
312,6.25000000e+00,11,6.17876244e-01,1.71194405e+00
313,6.27000000e+00,11,6.17876244e-01,1.71295947e+00
314,6.29000000e+00,11,6.17876244e-01,1.71397857e+00
315,6.31000000e+00,11,6.17876244e-01,1.71500134e+00
316,6.33000000e+00,11,6.17876244e-01,1.71602778e+00
317,6.35000000e+00,11,6.17876244e-01,1.71705792e+00
318,6.37000000e+00,11,6.17876244e-01,1.71809173e+00
319,6.39000000e+00,11,6.17876244e-01,1.71912924e+00
320,6.41000000e+00,11,6.17876244e-01,1.72017045e+00
321,6.43000000e+00,11,6.17876244e-01,1.72121535e+00
322,6.45000000e+00,11,6.17876244e-01,1.72226395e+00
323,6.47000000e+00,11,6.17876244e-01,1.72331626e+00
324,6.49000000e+00,11,6.17876244e-01,1.72437228e+00
325,6.51000000e+00,11,6.17876244e-01,1.72543201e+00
326,6.53000000e+00,11,6.17876244e-01,1.72649546e+00
327,6.55000000e+00,11,6.17876244e-01,1.72756263e+00
328,6.57000000e+00,11,6.17876244e-01,1.72863353e+00
329,6.59000000e+00,11,6.17876244e-01,1.72970815e+00
330,6.61000000e+00,11,6.17876244e-01,1.73078651e+00
331,6.63000000e+00,11,6.17876244e-01,1.73186861e+00
332,6.65000000e+00,11,6.17876244e-01,1.73295444e+00
333,6.67000000e+00,11,6.17876244e-01,1.73404402e+00
334,6.69000000e+00,11,6.17876244e-01,1.73513735e+00
335,6.71000000e+00,11,6.17876244e-01,1.73623444e+00
336,6.73000000e+00,11,6.17876244e-01,1.73733528e+00
337,6.75000000e+00,11,6.17876244e-01,1.73843988e+00
338,6.77000000e+00,11,6.17876244e-01,1.73954824e+00
339,6.79000000e+00,11,6.17876244e-01,1.74066037e+00
340,6.81000000e+00,11,6.17876244e-01,1.74177628e+00
341,6.83000000e+00,11,6.17876244e-01,1.74289596e+00
342,6.85000000e+00,11,6.17876244e-01,1.74401943e+00
343,6.87000000e+00,11,6.17876244e-01,1.74514668e+00
344,6.89000000e+00,11,6.17876244e-01,1.74627771e+00
345,6.91000000e+00,11,6.17876244e-01,1.74741255e+00
346,6.93000000e+00,11,6.17876244e-01,1.74855117e+00
347,6.95000000e+00,11,6.17876244e-01,1.74969361e+00
348,6.97000000e+00,11,6.17876244e-01,1.75083984e+00
349,6.99000000e+00,11,6.17876244e-01,1.75198989e+00
350,7.01000000e+00,11,6.17876244e-01,1.75314375e+00
351,7.03000000e+00,11,6.17876244e-01,1.75430143e+00
352,7.05000000e+00,11,6.17876244e-01,1.75546293e+00
353,7.07000000e+00,11,6.17876244e-01,1.75662826e+00
354,7.09000000e+00,11,6.17876244e-01,1.75779742e+00
355,7.11000000e+00,11,6.17876244e-01,1.75897041e+00
356,7.13000000e+00,11,6.17876244e-01,1.76014725e+00
357,7.15000000e+00,11,6.17876244e-01,1.76132792e+00
358,7.17000000e+00,11,6.17876244e-01,1.76251245e+00
359,7.19000000e+00,11,6.17876244e-01,1.76370083e+00
360,7.21000000e+00,11,6.17876244e-01,1.76489307e+00
361,7.23000000e+00,11,6.17876244e-01,1.76608916e+00
362,7.25000000e+00,11,6.17876244e-01,1.76728913e+00
363,7.27000000e+00,11,6.17876244e-01,1.76849296e+00
364,7.29000000e+00,11,6.17876244e-01,1.76970066e+00
365,7.31000000e+00,11,6.17876244e-01,1.77091225e+00
366,7.33000000e+00,11,6.17876244e-01,1.77212772e+00
367,7.35000000e+00,11,6.17876244e-01,1.77334708e+00
368,7.37000000e+00,11,6.17876244e-01,1.77457033e+00
369,7.39000000e+00,11,6.17876244e-01,1.77579747e+00
370,7.41000000e+00,11,6.17876244e-01,1.77702852e+00
371,7.43000000e+00,11,6.17876244e-01,1.77826347e+00
372,7.45000000e+00,11,6.17876244e-01,1.77950233e+00
373,7.47000000e+00,11,6.17876244e-01,1.78074511e+00
374,7.49000000e+00,11,6.17876244e-01,1.78199180e+00
375,7.51000000e+00,11,6.17876244e-01,1.78324242e+00
376,7.53000000e+00,11,6.17876244e-01,1.78449697e+00
377,7.55000000e+00,11,6.17876244e-01,1.78575545e+00
378,7.57000000e+00,11,6.17876244e-01,1.78701787e+00
379,7.59000000e+00,11,6.17876244e-01,1.78828423e+00
380,7.61000000e+00,11,6.17876244e-01,1.78955454e+00
381,7.63000000e+00,11,6.17876244e-01,1.79082880e+00
382,7.65000000e+00,11,6.17876244e-01,1.79210701e+00
383,7.67000000e+00,11,6.17876244e-01,1.79338919e+00
384,7.69000000e+00,11,6.17876244e-01,1.79467533e+00
385,7.71000000e+00,11,6.17876244e-01,1.79596544e+00
386,7.73000000e+00,11,6.17876244e-01,1.79725953e+00
387,7.75000000e+00,11,6.17876244e-01,1.79855760e+00
388,7.77000000e+00,11,6.17876244e-01,1.79985965e+00
389,7.79000000e+00,11,6.17876244e-01,1.80116569e+00
390,7.81000000e+00,11,6.17876244e-01,1.80247573e+00
391,7.83000000e+00,11,6.17876244e-01,1.80378976e+00
392,7.85000000e+00,11,6.17876244e-01,1.80510780e+00
393,7.87000000e+00,11,6.17876244e-01,1.80642984e+00
394,7.89000000e+00,11,6.17876244e-01,1.80775590e+00
395,7.91000000e+00,11,6.17876244e-01,1.80908598e+00
396,7.93000000e+00,11,6.17876244e-01,1.81042008e+00
397,7.95000000e+00,11,6.17876244e-01,1.81175822e+00
398,7.97000000e+00,11,6.17876244e-01,1.81310038e+00
399,7.99000000e+00,11,6.17876244e-01,1.81444658e+00
400,8.01000000e+00,11,6.17876244e-01,1.81579682e+00
401,8.03000000e+00,11,6.17876244e-01,1.81715112e+00
402,8.05000000e+00,11,6.17876244e-01,1.81850946e+00
403,8.07000000e+00,11,6.17876244e-01,1.81987187e+00
404,8.09000000e+00,11,6.17876244e-01,1.82123833e+00
405,8.11000000e+00,11,6.17876244e-01,1.82260887e+00
406,8.13000000e+00,11,6.17876244e-01,1.82398348e+00
407,8.15000000e+00,11,6.17876244e-01,1.82536217e+00
408,8.17000000e+00,11,6.17876244e-01,1.82674494e+00
409,8.19000000e+00,11,6.17876244e-01,1.82813179e+00
410,8.21000000e+00,11,6.17876244e-01,1.82952274e+00
411,8.23000000e+00,11,6.17876244e-01,1.83091779e+00
412,8.25000000e+00,11,6.17876244e-01,1.83231695e+00
413,8.27000000e+00,11,6.17876244e-01,1.83372021e+00
414,8.29000000e+00,11,6.17876244e-01,1.83512758e+00
415,8.31000000e+00,11,6.17876244e-01,1.83653908e+00
416,8.33000000e+00,11,6.17876244e-01,1.83795469e+00
417,8.35000000e+00,11,6.17876244e-01,1.83937444e+00
418,8.37000000e+00,11,6.17876244e-01,1.84079832e+00
419,8.39000000e+00,11,6.17876244e-01,1.84222634e+00
420,8.41000000e+00,11,6.17876244e-01,1.84365850e+00
421,8.43000000e+00,11,6.17876244e-01,1.84509480e+00
422,8.45000000e+00,11,6.17876244e-01,1.84653526e+00
423,8.47000000e+00,11,6.17876244e-01,1.84797988e+00
424,8.49000000e+00,11,6.17876244e-01,1.84942867e+00
425,8.51000000e+00,11,6.17876244e-01,1.85088161e+00
426,8.53000000e+00,11,6.17876244e-01,1.85233873e+00
427,8.55000000e+00,11,6.17876244e-01,1.85380003e+00
428,8.57000000e+00,11,6.17876244e-01,1.85526551e+00
429,8.59000000e+00,11,6.17876244e-01,1.85673517e+00
430,8.61000000e+00,11,6.17876244e-01,1.85820903e+00
431,8.63000000e+00,11,6.17876244e-01,1.85968708e+00
432,8.65000000e+00,11,6.17876244e-01,1.86116932e+00
433,8.67000000e+00,11,6.17876244e-01,1.86265577e+00
434,8.69000000e+00,11,6.17876244e-01,1.86414643e+00
435,8.71000000e+00,11,6.17876244e-01,1.86564130e+00
436,8.73000000e+00,11,6.17876244e-01,1.86714038e+00
437,8.75000000e+00,11,6.17876244e-01,1.86864369e+00
438,8.77000000e+00,11,6.17876244e-01,1.87015121e+00
439,8.79000000e+00,11,6.17876244e-01,1.87166297e+00
440,8.81000000e+00,11,6.17876244e-01,1.87317896e+00
441,8.83000000e+00,11,6.17876244e-01,1.87469919e+00
442,8.85000000e+00,11,6.17876244e-01,1.87622365e+00
443,8.87000000e+00,11,6.17876244e-01,1.87775237e+00
444,8.89000000e+00,11,6.17876244e-01,1.87928534e+00
445,8.91000000e+00,11,6.17876244e-01,1.88082256e+00
446,8.93000000e+00,11,6.17876244e-01,1.88236405e+00
447,8.95000000e+00,11,6.17876244e-01,1.88390981e+00
448,8.97000000e+00,11,6.17876244e-01,1.88545985e+00
449,8.99000000e+00,11,6.17876244e-01,1.88701417e+00
450,9.01000000e+00,11,6.17876244e-01,1.88857279e+00
451,9.03000000e+00,11,6.17876244e-01,1.89013572e+00
452,9.05000000e+00,11,6.17876244e-01,1.89170296e+00
453,9.07000000e+00,11,6.17876244e-01,1.89327453e+00
454,9.09000000e+00,11,6.17876244e-01,1.89485044e+00
455,9.11000000e+00,11,6.17876244e-01,1.89643071e+00
456,9.13000000e+00,11,6.17876244e-01,1.89801536e+00
457,9.15000000e+00,11,6.17876244e-01,1.89960441e+00
458,9.17000000e+00,11,6.17876244e-01,1.90119788e+00
459,9.19000000e+00,11,6.17876244e-01,1.90279580e+00
460,9.21000000e+00,11,6.17876244e-01,1.90439819e+00
461,9.23000000e+00,11,6.17876244e-01,1.90600509e+00
462,9.25000000e+00,11,6.17876244e-01,1.90761653e+00
463,9.27000000e+00,11,6.17876244e-01,1.90923254e+00
464,9.29000000e+00,11,6.17876244e-01,1.91085317e+00
465,9.31000000e+00,11,6.17876244e-01,1.91247846e+00
466,9.33000000e+00,11,6.17876244e-01,1.91410845e+00
467,9.35000000e+00,11,6.17876244e-01,1.91574319e+00
468,9.37000000e+00,11,6.17876244e-01,1.91738273e+00
469,9.39000000e+00,11,6.17876244e-01,1.91902712e+00
470,9.41000000e+00,11,6.17876244e-01,1.92067639e+00
471,9.43000000e+00,11,6.17876244e-01,1.92233061e+00
472,9.45000000e+00,11,6.17876244e-01,1.92398981e+00
473,9.47000000e+00,11,6.17876244e-01,1.92565402e+00
474,9.49000000e+00,11,6.17876244e-01,1.92732329e+00
475,9.51000000e+00,11,6.17876244e-01,1.92899763e+00
476,9.53000000e+00,11,6.17876244e-01,1.93067705e+00
477,9.55000000e+00,11,6.17876244e-01,1.93236155e+00
478,9.57000000e+00,11,6.17876244e-01,1.93405111e+00
479,9.59000000e+00,11,6.17876244e-01,1.93574570e+00
480,9.61000000e+00,11,6.17876244e-01,1.93744528e+00
481,9.63000000e+00,11,6.17876244e-01,1.93914980e+00
482,9.65000000e+00,11,6.17876244e-01,1.94085919e+00
483,9.67000000e+00,11,6.17876244e-01,1.94257341e+00
484,9.69000000e+00,11,6.17876244e-01,1.94429245e+00
485,9.71000000e+00,11,6.17876244e-01,1.94601636e+00
486,9.73000000e+00,11,6.17876244e-01,1.94774528e+00
487,9.75000000e+00,11,6.17876244e-01,1.94947955e+00
488,9.77000000e+00,11,6.17876244e-01,1.95121979e+00
489,9.79000000e+00,11,6.17876244e-01,1.95296703e+00
490,9.81000000e+00,11,6.17876244e-01,1.95472292e+00
491,9.83000000e+00,11,6.17876244e-01,1.95649005e+00
492,9.85000000e+00,11,6.17876244e-01,1.95827225e+00
493,9.87000000e+00,11,6.17876244e-01,1.96007499e+00
494,9.89000000e+00,11,6.17876244e-01,1.96190498e+00
495,9.91000000e+00,11,6.17876244e-01,1.96376626e+00
496,9.93000000e+00,11,6.17876244e-01,1.96564024e+00
497,9.95000000e+00,11,6.17876244e-01,1.96740213e+00
498,9.97000000e+00,11,6.17876244e-01,1.96849104e+00
499,9.99000000e+00,11,6.17876244e-01,1.96663911e+00
0,1.00000000e-02,12,7.55404408e-01,1.56064139e+00
1,3.00000000e-02,12,7.55404408e-01,1.56062439e+00
2,5.00000000e-02,12,7.55404408e-01,1.56060898e+00
3,7.00000000e-02,12,7.55404408e-01,1.56059547e+00
4,9.00000000e-02,12,7.55404408e-01,1.56058653e+00
5,1.10000000e-01,12,7.55404408e-01,1.56058105e+00
6,1.30000000e-01,12,7.55404408e-01,1.56057658e+00
7,1.50000000e-01,12,7.55404408e-01,1.56057708e+00
8,1.70000000e-01,12,7.55404408e-01,1.56058049e+00
9,1.90000000e-01,12,7.55404408e-01,1.56058565e+00
10,2.10000000e-01,12,7.55404408e-01,1.56059611e+00
11,2.30000000e-01,12,7.55404408e-01,1.56060749e+00
12,2.50000000e-01,12,7.55404408e-01,1.56062389e+00
13,2.70000000e-01,12,7.55404408e-01,1.56064199e+00
14,2.90000000e-01,12,7.55404408e-01,1.56066424e+00
15,3.10000000e-01,12,7.55404408e-01,1.56068895e+00
16,3.30000000e-01,12,7.55404408e-01,1.56071723e+00
17,3.50000000e-01,12,7.55404408e-01,1.56074836e+00
18,3.70000000e-01,12,7.55404408e-01,1.56078280e+00
19,3.90000000e-01,12,7.55404408e-01,1.56082027e+00
20,4.10000000e-01,12,7.55404408e-01,1.56086093e+00
21,4.30000000e-01,12,7.55404408e-01,1.56090469e+00
22,4.50000000e-01,12,7.55404408e-01,1.56095159e+00
23,4.70000000e-01,12,7.55404408e-01,1.56100162e+00
24,4.90000000e-01,12,7.55404408e-01,1.56105478e+00
25,5.10000000e-01,12,7.55404408e-01,1.56111107e+00
26,5.30000000e-01,12,7.55404408e-01,1.56117048e+00
27,5.50000000e-01,12,7.55404408e-01,1.56123303e+00
28,5.70000000e-01,12,7.55404408e-01,1.56129870e+00
29,5.90000000e-01,12,7.55404408e-01,1.56136750e+00
30,6.10000000e-01,12,7.55404408e-01,1.56143943e+00
31,6.30000000e-01,12,7.55404408e-01,1.56151449e+00
32,6.50000000e-01,12,7.55404408e-01,1.56159268e+00
33,6.70000000e-01,12,7.55404408e-01,1.56167399e+00
34,6.90000000e-01,12,7.55404408e-01,1.56175844e+00
35,7.10000000e-01,12,7.55404408e-01,1.56184601e+00
36,7.30000000e-01,12,7.55404408e-01,1.56193671e+00
37,7.50000000e-01,12,7.55404408e-01,1.56203054e+00
38,7.70000000e-01,12,7.55404408e-01,1.56212750e+00
39,7.90000000e-01,12,7.55404408e-01,1.56222758e+00
40,8.10000000e-01,12,7.55404408e-01,1.56233080e+00
41,8.30000000e-01,12,7.55404408e-01,1.56243714e+00
42,8.50000000e-01,12,7.55404408e-01,1.56254662e+00
43,8.70000000e-01,12,7.55404408e-01,1.56265923e+00
44,8.90000000e-01,12,7.55404408e-01,1.56277496e+00
45,9.10000000e-01,12,7.55404408e-01,1.56289383e+00
46,9.30000000e-01,12,7.55404408e-01,1.56301583e+00
47,9.50000000e-01,12,7.55404408e-01,1.56314096e+00
48,9.70000000e-01,12,7.55404408e-01,1.56326922e+00
49,9.90000000e-01,12,7.55404408e-01,1.56340061e+00
50,1.01000000e+00,12,7.55404408e-01,1.56353513e+00
51,1.03000000e+00,12,7.55404408e-01,1.56367279e+00
52,1.05000000e+00,12,7.55404408e-01,1.56381359e+00
53,1.07000000e+00,12,7.55404408e-01,1.56395751e+00
54,1.09000000e+00,12,7.55404408e-01,1.56410457e+00
55,1.11000000e+00,12,7.55404408e-01,1.56425477e+00
56,1.13000000e+00,12,7.55404408e-01,1.56440810e+00
57,1.15000000e+00,12,7.55404408e-01,1.56456456e+00
58,1.17000000e+00,12,7.55404408e-01,1.56472417e+00
59,1.19000000e+00,12,7.55404408e-01,1.56488691e+00
60,1.21000000e+00,12,7.55404408e-01,1.56505278e+00
61,1.23000000e+00,12,7.55404408e-01,1.56522180e+00
62,1.25000000e+00,12,7.55404408e-01,1.56539395e+00
63,1.27000000e+00,12,7.55404408e-01,1.56556924e+00
64,1.29000000e+00,12,7.55404408e-01,1.56574767e+00
65,1.31000000e+00,12,7.55404408e-01,1.56592925e+00
66,1.33000000e+00,12,7.55404408e-01,1.56611396e+00
67,1.35000000e+00,12,7.55404408e-01,1.56630181e+00
68,1.37000000e+00,12,7.55404408e-01,1.56649281e+00
69,1.39000000e+00,12,7.55404408e-01,1.56668695e+00
70,1.41000000e+00,12,7.55404408e-01,1.56688424e+00
71,1.43000000e+00,12,7.55404408e-01,1.56708466e+00
72,1.45000000e+00,12,7.55404408e-01,1.56728824e+00
73,1.47000000e+00,12,7.55404408e-01,1.56749495e+00
74,1.49000000e+00,12,7.55404408e-01,1.56770482e+00
75,1.51000000e+00,12,7.55404408e-01,1.56791783e+00
76,1.53000000e+00,12,7.55404408e-01,1.56813399e+00
77,1.55000000e+00,12,7.55404408e-01,1.56835330e+00
78,1.57000000e+00,12,7.55404408e-01,1.56857576e+00
79,1.59000000e+00,12,7.55404408e-01,1.56880137e+00
80,1.61000000e+00,12,7.55404408e-01,1.56903012e+00
81,1.63000000e+00,12,7.55404408e-01,1.56926203e+00
82,1.65000000e+00,12,7.55404408e-01,1.56949710e+00
83,1.67000000e+00,12,7.55404408e-01,1.56973531e+00
84,1.69000000e+00,12,7.55404408e-01,1.56997669e+00
85,1.71000000e+00,12,7.55404408e-01,1.57022121e+00
86,1.73000000e+00,12,7.55404408e-01,1.57046889e+00
87,1.75000000e+00,12,7.55404408e-01,1.57071973e+00
88,1.77000000e+00,12,7.55404408e-01,1.57097373e+00
89,1.79000000e+00,12,7.55404408e-01,1.57123089e+00
90,1.81000000e+00,12,7.55404408e-01,1.57149120e+00
91,1.83000000e+00,12,7.55404408e-01,1.57175468e+00
92,1.85000000e+00,12,7.55404408e-01,1.57202131e+00
93,1.87000000e+00,12,7.55404408e-01,1.57229111e+00
94,1.89000000e+00,12,7.55404408e-01,1.57256407e+00
95,1.91000000e+00,12,7.55404408e-01,1.57284020e+00
96,1.93000000e+00,12,7.55404408e-01,1.57311949e+00
97,1.95000000e+00,12,7.55404408e-01,1.57340195e+00
98,1.97000000e+00,12,7.55404408e-01,1.57368758e+00
99,1.99000000e+00,12,7.55404408e-01,1.57397637e+00
100,2.01000000e+00,12,7.55404408e-01,1.57426834e+00
101,2.03000000e+00,12,7.55404408e-01,1.57456347e+00
102,2.05000000e+00,12,7.55404408e-01,1.57486178e+00
103,2.07000000e+00,12,7.55404408e-01,1.57516325e+00
104,2.09000000e+00,12,7.55404408e-01,1.57546791e+00
105,2.11000000e+00,12,7.55404408e-01,1.57577573e+00
106,2.13000000e+00,12,7.55404408e-01,1.57608673e+00
107,2.15000000e+00,12,7.55404408e-01,1.57640091e+00
108,2.17000000e+00,12,7.55404408e-01,1.57671827e+00
109,2.19000000e+00,12,7.55404408e-01,1.57703881e+00
110,2.21000000e+00,12,7.55404408e-01,1.57736252e+00
111,2.23000000e+00,12,7.55404408e-01,1.57768942e+00
112,2.25000000e+00,12,7.55404408e-01,1.57801950e+00
113,2.27000000e+00,12,7.55404408e-01,1.57835277e+00
114,2.29000000e+00,12,7.55404408e-01,1.57868922e+00
115,2.31000000e+00,12,7.55404408e-01,1.57902885e+00
116,2.33000000e+00,12,7.55404408e-01,1.57937167e+00
117,2.35000000e+00,12,7.55404408e-01,1.57971769e+00
118,2.37000000e+00,12,7.55404408e-01,1.58006689e+00
119,2.39000000e+00,12,7.55404408e-01,1.58041928e+00
120,2.41000000e+00,12,7.55404408e-01,1.58077487e+00
121,2.43000000e+00,12,7.55404408e-01,1.58113365e+00
122,2.45000000e+00,12,7.55404408e-01,1.58149562e+00
123,2.47000000e+00,12,7.55404408e-01,1.58186079e+00
124,2.49000000e+00,12,7.55404408e-01,1.58222916e+00
125,2.51000000e+00,12,7.55404408e-01,1.58260073e+00
126,2.53000000e+00,12,7.55404408e-01,1.58297549e+00
127,2.55000000e+00,12,7.55404408e-01,1.58335346e+00
128,2.57000000e+00,12,7.55404408e-01,1.58373464e+00
129,2.59000000e+00,12,7.55404408e-01,1.58411901e+00
130,2.61000000e+00,12,7.55404408e-01,1.58450659e+00
131,2.63000000e+00,12,7.55404408e-01,1.58489738e+00
132,2.65000000e+00,12,7.55404408e-01,1.58529138e+00
133,2.67000000e+00,12,7.55404408e-01,1.58568859e+00
134,2.69000000e+00,12,7.55404408e-01,1.58608901e+00
135,2.71000000e+00,12,7.55404408e-01,1.58649264e+00
136,2.73000000e+00,12,7.55404408e-01,1.58689949e+00
137,2.75000000e+00,12,7.55404408e-01,1.58730955e+00
138,2.77000000e+00,12,7.55404408e-01,1.58772283e+00
139,2.79000000e+00,12,7.55404408e-01,1.58813933e+00
140,2.81000000e+00,12,7.55404408e-01,1.58855904e+00
141,2.83000000e+00,12,7.55404408e-01,1.58898198e+00
142,2.85000000e+00,12,7.55404408e-01,1.58940815e+00
143,2.87000000e+00,12,7.55404408e-01,1.58983753e+00
144,2.89000000e+00,12,7.55404408e-01,1.59027015e+00
145,2.91000000e+00,12,7.55404408e-01,1.59070599e+00
146,2.93000000e+00,12,7.55404408e-01,1.59114506e+00
147,2.95000000e+00,12,7.55404408e-01,1.59158736e+00
148,2.97000000e+00,12,7.55404408e-01,1.59203290e+00
149,2.99000000e+00,12,7.55404408e-01,1.59248167e+00
150,3.01000000e+00,12,7.55404408e-01,1.59293367e+00
151,3.03000000e+00,12,7.55404408e-01,1.59338892e+00
152,3.05000000e+00,12,7.55404408e-01,1.59384740e+00
153,3.07000000e+00,12,7.55404408e-01,1.59430912e+00
154,3.09000000e+00,12,7.55404408e-01,1.59477409e+00
155,3.11000000e+00,12,7.55404408e-01,1.59524230e+00
156,3.13000000e+00,12,7.55404408e-01,1.59571375e+00
157,3.15000000e+00,12,7.55404408e-01,1.59618845e+00
158,3.17000000e+00,12,7.55404408e-01,1.59666640e+00
159,3.19000000e+00,12,7.55404408e-01,1.59714761e+00
160,3.21000000e+00,12,7.55404408e-01,1.59763206e+00
161,3.23000000e+00,12,7.55404408e-01,1.59811977e+00
162,3.25000000e+00,12,7.55404408e-01,1.59861074e+00
163,3.27000000e+00,12,7.55404408e-01,1.59910496e+00
164,3.29000000e+00,12,7.55404408e-01,1.59960244e+00
165,3.31000000e+00,12,7.55404408e-01,1.60010319e+00
166,3.33000000e+00,12,7.55404408e-01,1.60060719e+00
167,3.35000000e+00,12,7.55404408e-01,1.60111447e+00
168,3.37000000e+00,12,7.55404408e-01,1.60162501e+00
169,3.39000000e+00,12,7.55404408e-01,1.60213882e+00
170,3.41000000e+00,12,7.55404408e-01,1.60265590e+00
171,3.43000000e+00,12,7.55404408e-01,1.60317625e+00
172,3.45000000e+00,12,7.55404408e-01,1.60369987e+00
173,3.47000000e+00,12,7.55404408e-01,1.60422678e+00
174,3.49000000e+00,12,7.55404408e-01,1.60475696e+00
175,3.51000000e+00,12,7.55404408e-01,1.60529042e+00
176,3.53000000e+00,12,7.55404408e-01,1.60582716e+00
177,3.55000000e+00,12,7.55404408e-01,1.60636719e+00
178,3.57000000e+00,12,7.55404408e-01,1.60691050e+00
179,3.59000000e+00,12,7.55404408e-01,1.60745710e+00
180,3.61000000e+00,12,7.55404408e-01,1.60800699e+00
181,3.63000000e+00,12,7.55404408e-01,1.60856017e+00
182,3.65000000e+00,12,7.55404408e-01,1.60911665e+00
183,3.67000000e+00,12,7.55404408e-01,1.60967642e+00
184,3.69000000e+00,12,7.55404408e-01,1.61023949e+00
185,3.71000000e+00,12,7.55404408e-01,1.61080586e+00
186,3.73000000e+00,12,7.55404408e-01,1.61137553e+00
187,3.75000000e+00,12,7.55404408e-01,1.61194851e+00
188,3.77000000e+00,12,7.55404408e-01,1.61252479e+00
189,3.79000000e+00,12,7.55404408e-01,1.61310438e+00
190,3.81000000e+00,12,7.55404408e-01,1.61368728e+00
191,3.83000000e+00,12,7.55404408e-01,1.61427349e+00
192,3.85000000e+00,12,7.55404408e-01,1.61486302e+00
193,3.87000000e+00,12,7.55404408e-01,1.61545586e+00
194,3.89000000e+00,12,7.55404408e-01,1.61605202e+00
195,3.91000000e+00,12,7.55404408e-01,1.61665150e+00
196,3.93000000e+00,12,7.55404408e-01,1.61725431e+00
197,3.95000000e+00,12,7.55404408e-01,1.61786044e+00
198,3.97000000e+00,12,7.55404408e-01,1.61846990e+00
199,3.99000000e+00,12,7.55404408e-01,1.61908269e+00
200,4.01000000e+00,12,7.55404408e-01,1.61969881e+00
201,4.03000000e+00,12,7.55404408e-01,1.62031826e+00
202,4.05000000e+00,12,7.55404408e-01,1.62094105e+00
203,4.07000000e+00,12,7.55404408e-01,1.62156718e+00
204,4.09000000e+00,12,7.55404408e-01,1.62219665e+00
205,4.11000000e+00,12,7.55404408e-01,1.62282946e+00
206,4.13000000e+00,12,7.55404408e-01,1.62346562e+00
207,4.15000000e+00,12,7.55404408e-01,1.62410512e+00
208,4.17000000e+00,12,7.55404408e-01,1.62474798e+00
209,4.19000000e+00,12,7.55404408e-01,1.62539419e+00
210,4.21000000e+00,12,7.55404408e-01,1.62604375e+00
211,4.23000000e+00,12,7.55404408e-01,1.62669667e+00
212,4.25000000e+00,12,7.55404408e-01,1.62735295e+00
213,4.27000000e+00,12,7.55404408e-01,1.62801259e+00
214,4.29000000e+00,12,7.55404408e-01,1.62867559e+00
215,4.31000000e+00,12,7.55404408e-01,1.62934196e+00
216,4.33000000e+00,12,7.55404408e-01,1.63001170e+00
217,4.35000000e+00,12,7.55404408e-01,1.63068481e+00
218,4.37000000e+00,12,7.55404408e-01,1.63136129e+00
219,4.39000000e+00,12,7.55404408e-01,1.63204116e+00
220,4.41000000e+00,12,7.55404408e-01,1.63272439e+00
221,4.43000000e+00,12,7.55404408e-01,1.63341102e+00
222,4.45000000e+00,12,7.55404408e-01,1.63410102e+00
223,4.47000000e+00,12,7.55404408e-01,1.63479441e+00
224,4.49000000e+00,12,7.55404408e-01,1.63549119e+00
225,4.51000000e+00,12,7.55404408e-01,1.63619136e+00
226,4.53000000e+00,12,7.55404408e-01,1.63689492e+00
227,4.55000000e+00,12,7.55404408e-01,1.63760188e+00
228,4.57000000e+00,12,7.55404408e-01,1.63831224e+00
229,4.59000000e+00,12,7.55404408e-01,1.63902600e+00
230,4.61000000e+00,12,7.55404408e-01,1.63974316e+00
231,4.63000000e+00,12,7.55404408e-01,1.64046373e+00
232,4.65000000e+00,12,7.55404408e-01,1.64118771e+00
233,4.67000000e+00,12,7.55404408e-01,1.64191510e+00
234,4.69000000e+00,12,7.55404408e-01,1.64264591e+00
235,4.71000000e+00,12,7.55404408e-01,1.64338013e+00
236,4.73000000e+00,12,7.55404408e-01,1.64411777e+00
237,4.75000000e+00,12,7.55404408e-01,1.64485884e+00
238,4.77000000e+00,12,7.55404408e-01,1.64560333e+00
239,4.79000000e+00,12,7.55404408e-01,1.64635124e+00
240,4.81000000e+00,12,7.55404408e-01,1.64710259e+00
241,4.83000000e+00,12,7.55404408e-01,1.64785737e+00
242,4.85000000e+00,12,7.55404408e-01,1.64861559e+00
243,4.87000000e+00,12,7.55404408e-01,1.64937724e+00
244,4.89000000e+00,12,7.55404408e-01,1.65014234e+00
245,4.91000000e+00,12,7.55404408e-01,1.65091088e+00
246,4.93000000e+00,12,7.55404408e-01,1.65168287e+00
247,4.95000000e+00,12,7.55404408e-01,1.65245831e+00
248,4.97000000e+00,12,7.55404408e-01,1.65323720e+00
249,4.99000000e+00,12,7.55404408e-01,1.65401954e+00
250,5.01000000e+00,12,7.55404408e-01,1.65480535e+00
251,5.03000000e+00,12,7.55404408e-01,1.65559461e+00
252,5.05000000e+00,12,7.55404408e-01,1.65638734e+00
253,5.07000000e+00,12,7.55404408e-01,1.65718353e+00
254,5.09000000e+00,12,7.55404408e-01,1.65798320e+00
255,5.11000000e+00,12,7.55404408e-01,1.65878634e+00
256,5.13000000e+00,12,7.55404408e-01,1.65959295e+00
257,5.15000000e+00,12,7.55404408e-01,1.66040304e+00
258,5.17000000e+00,12,7.55404408e-01,1.66121661e+00
259,5.19000000e+00,12,7.55404408e-01,1.66203367e+00
260,5.21000000e+00,12,7.55404408e-01,1.66285421e+00
261,5.23000000e+00,12,7.55404408e-01,1.66367825e+00
262,5.25000000e+00,12,7.55404408e-01,1.66450578e+00
263,5.27000000e+00,12,7.55404408e-01,1.66533680e+00
264,5.29000000e+00,12,7.55404408e-01,1.66617132e+00
265,5.31000000e+00,12,7.55404408e-01,1.66700935e+00
266,5.33000000e+00,12,7.55404408e-01,1.66785088e+00
267,5.35000000e+00,12,7.55404408e-01,1.66869592e+00
268,5.37000000e+00,12,7.55404408e-01,1.66954447e+00
269,5.39000000e+00,12,7.55404408e-01,1.67039653e+00
270,5.41000000e+00,12,7.55404408e-01,1.67125211e+00
271,5.43000000e+00,12,7.55404408e-01,1.67211122e+00
272,5.45000000e+00,12,7.55404408e-01,1.67297384e+00
273,5.47000000e+00,12,7.55404408e-01,1.67384000e+00
274,5.49000000e+00,12,7.55404408e-01,1.67470968e+00
275,5.51000000e+00,12,7.55404408e-01,1.67558290e+00
276,5.53000000e+00,12,7.55404408e-01,1.67645965e+00
277,5.55000000e+00,12,7.55404408e-01,1.67733994e+00
278,5.57000000e+00,12,7.55404408e-01,1.67822378e+00
279,5.59000000e+00,12,7.55404408e-01,1.67911116e+00
280,5.61000000e+00,12,7.55404408e-01,1.68000209e+00
281,5.63000000e+00,12,7.55404408e-01,1.68089657e+00
282,5.65000000e+00,12,7.55404408e-01,1.68179461e+00
283,5.67000000e+00,12,7.55404408e-01,1.68269621e+00
284,5.69000000e+00,12,7.55404408e-01,1.68360137e+00
285,5.71000000e+00,12,7.55404408e-01,1.68451009e+00
286,5.73000000e+00,12,7.55404408e-01,1.68542238e+00
287,5.75000000e+00,12,7.55404408e-01,1.68633825e+00
288,5.77000000e+00,12,7.55404408e-01,1.68725769e+00
289,5.79000000e+00,12,7.55404408e-01,1.68818071e+00
290,5.81000000e+00,12,7.55404408e-01,1.68910731e+00
291,5.83000000e+00,12,7.55404408e-01,1.69003750e+00
292,5.85000000e+00,12,7.55404408e-01,1.69097128e+00
293,5.87000000e+00,12,7.55404408e-01,1.69190865e+00
294,5.89000000e+00,12,7.55404408e-01,1.69284961e+00
295,5.91000000e+00,12,7.55404408e-01,1.69379417e+00
296,5.93000000e+00,12,7.55404408e-01,1.69474234e+00
297,5.95000000e+00,12,7.55404408e-01,1.69569411e+00
298,5.97000000e+00,12,7.55404408e-01,1.69664949e+00
299,5.99000000e+00,12,7.55404408e-01,1.69760849e+00
300,6.01000000e+00,12,7.55404408e-01,1.69857110e+00
301,6.03000000e+00,12,7.55404408e-01,1.69953733e+00
302,6.05000000e+00,12,7.55404408e-01,1.70050718e+00
303,6.07000000e+00,12,7.55404408e-01,1.70148066e+00
304,6.09000000e+00,12,7.55404408e-01,1.70245777e+00
305,6.11000000e+00,12,7.55404408e-01,1.70343851e+00
306,6.13000000e+00,12,7.55404408e-01,1.70442290e+00
307,6.15000000e+00,12,7.55404408e-01,1.70541092e+00
308,6.17000000e+00,12,7.55404408e-01,1.70640259e+00
309,6.19000000e+00,12,7.55404408e-01,1.70739790e+00
310,6.21000000e+00,12,7.55404408e-01,1.70839687e+00
311,6.23000000e+00,12,7.55404408e-01,1.70939950e+00
312,6.25000000e+00,12,7.55404408e-01,1.71040578e+00
313,6.27000000e+00,12,7.55404408e-01,1.71141572e+00
314,6.29000000e+00,12,7.55404408e-01,1.71242934e+00
315,6.31000000e+00,12,7.55404408e-01,1.71344662e+00
316,6.33000000e+00,12,7.55404408e-01,1.71446757e+00
317,6.35000000e+00,12,7.55404408e-01,1.71549221e+00
318,6.37000000e+00,12,7.55404408e-01,1.71652052e+00
319,6.39000000e+00,12,7.55404408e-01,1.71755252e+00
320,6.41000000e+00,12,7.55404408e-01,1.71858821e+00
321,6.43000000e+00,12,7.55404408e-01,1.71962759e+00
322,6.45000000e+00,12,7.55404408e-01,1.72067067e+00
323,6.47000000e+00,12,7.55404408e-01,1.72171745e+00
324,6.49000000e+00,12,7.55404408e-01,1.72276793e+00
325,6.51000000e+00,12,7.55404408e-01,1.72382212e+00
326,6.53000000e+00,12,7.55404408e-01,1.72488003e+00
327,6.55000000e+00,12,7.55404408e-01,1.72594164e+00
328,6.57000000e+00,12,7.55404408e-01,1.72700698e+00
329,6.59000000e+00,12,7.55404408e-01,1.72807604e+00
330,6.61000000e+00,12,7.55404408e-01,1.72914883e+00
331,6.63000000e+00,12,7.55404408e-01,1.73022534e+00
332,6.65000000e+00,12,7.55404408e-01,1.73130560e+00
333,6.67000000e+00,12,7.55404408e-01,1.73238959e+00
334,6.69000000e+00,12,7.55404408e-01,1.73347733e+00
335,6.71000000e+00,12,7.55404408e-01,1.73456881e+00
336,6.73000000e+00,12,7.55404408e-01,1.73566404e+00
337,6.75000000e+00,12,7.55404408e-01,1.73676303e+00
338,6.77000000e+00,12,7.55404408e-01,1.73786577e+00
339,6.79000000e+00,12,7.55404408e-01,1.73897228e+00
340,6.81000000e+00,12,7.55404408e-01,1.74008256e+00
341,6.83000000e+00,12,7.55404408e-01,1.74119660e+00
342,6.85000000e+00,12,7.55404408e-01,1.74231442e+00
343,6.87000000e+00,12,7.55404408e-01,1.74343603e+00
344,6.89000000e+00,12,7.55404408e-01,1.74456141e+00
345,6.91000000e+00,12,7.55404408e-01,1.74569058e+00
346,6.93000000e+00,12,7.55404408e-01,1.74682354e+00
347,6.95000000e+00,12,7.55404408e-01,1.74796030e+00
348,6.97000000e+00,12,7.55404408e-01,1.74910086e+00
349,6.99000000e+00,12,7.55404408e-01,1.75024522e+00
350,7.01000000e+00,12,7.55404408e-01,1.75139339e+00
351,7.03000000e+00,12,7.55404408e-01,1.75254537e+00
352,7.05000000e+00,12,7.55404408e-01,1.75370116e+00
353,7.07000000e+00,12,7.55404408e-01,1.75486078e+00
354,7.09000000e+00,12,7.55404408e-01,1.75602422e+00
355,7.11000000e+00,12,7.55404408e-01,1.75719149e+00
356,7.13000000e+00,12,7.55404408e-01,1.75836260e+00
357,7.15000000e+00,12,7.55404408e-01,1.75953754e+00
358,7.17000000e+00,12,7.55404408e-01,1.76071633e+00
359,7.19000000e+00,12,7.55404408e-01,1.76189896e+00
360,7.21000000e+00,12,7.55404408e-01,1.76308544e+00
361,7.23000000e+00,12,7.55404408e-01,1.76427577e+00
362,7.25000000e+00,12,7.55404408e-01,1.76546997e+00
363,7.27000000e+00,12,7.55404408e-01,1.76666802e+00
364,7.29000000e+00,12,7.55404408e-01,1.76786995e+00
365,7.31000000e+00,12,7.55404408e-01,1.76907575e+00
366,7.33000000e+00,12,7.55404408e-01,1.77028542e+00
367,7.35000000e+00,12,7.55404408e-01,1.77149898e+00
368,7.37000000e+00,12,7.55404408e-01,1.77271642e+00
369,7.39000000e+00,12,7.55404408e-01,1.77393775e+00
370,7.41000000e+00,12,7.55404408e-01,1.77516297e+00
371,7.43000000e+00,12,7.55404408e-01,1.77639210e+00
372,7.45000000e+00,12,7.55404408e-01,1.77762513e+00
373,7.47000000e+00,12,7.55404408e-01,1.77886206e+00
374,7.49000000e+00,12,7.55404408e-01,1.78010291e+00
375,7.51000000e+00,12,7.55404408e-01,1.78134768e+00
376,7.53000000e+00,12,7.55404408e-01,1.78259636e+00
377,7.55000000e+00,12,7.55404408e-01,1.78384898e+00
378,7.57000000e+00,12,7.55404408e-01,1.78510552e+00
379,7.59000000e+00,12,7.55404408e-01,1.78636600e+00
380,7.61000000e+00,12,7.55404408e-01,1.78763042e+00
381,7.63000000e+00,12,7.55404408e-01,1.78889878e+00
382,7.65000000e+00,12,7.55404408e-01,1.79017109e+00
383,7.67000000e+00,12,7.55404408e-01,1.79144736e+00
384,7.69000000e+00,12,7.55404408e-01,1.79272758e+00
385,7.71000000e+00,12,7.55404408e-01,1.79401177e+00
386,7.73000000e+00,12,7.55404408e-01,1.79529993e+00
387,7.75000000e+00,12,7.55404408e-01,1.79659206e+00
388,7.77000000e+00,12,7.55404408e-01,1.79788816e+00
389,7.79000000e+00,12,7.55404408e-01,1.79918825e+00
390,7.81000000e+00,12,7.55404408e-01,1.80049233e+00
391,7.83000000e+00,12,7.55404408e-01,1.80180039e+00
392,7.85000000e+00,12,7.55404408e-01,1.80311246e+00
393,7.87000000e+00,12,7.55404408e-01,1.80442852e+00
394,7.89000000e+00,12,7.55404408e-01,1.80574860e+00
395,7.91000000e+00,12,7.55404408e-01,1.80707268e+00
396,7.93000000e+00,12,7.55404408e-01,1.80840078e+00
397,7.95000000e+00,12,7.55404408e-01,1.80973290e+00
398,7.97000000e+00,12,7.55404408e-01,1.81106905e+00
399,7.99000000e+00,12,7.55404408e-01,1.81240922e+00
400,8.01000000e+00,12,7.55404408e-01,1.81375344e+00
401,8.03000000e+00,12,7.55404408e-01,1.81510169e+00
402,8.05000000e+00,12,7.55404408e-01,1.81645399e+00
403,8.07000000e+00,12,7.55404408e-01,1.81781034e+00
404,8.09000000e+00,12,7.55404408e-01,1.81917074e+00
405,8.11000000e+00,12,7.55404408e-01,1.82053521e+00
406,8.13000000e+00,12,7.55404408e-01,1.82190374e+00
407,8.15000000e+00,12,7.55404408e-01,1.82327634e+00
408,8.17000000e+00,12,7.55404408e-01,1.82465302e+00
409,8.19000000e+00,12,7.55404408e-01,1.82603378e+00
410,8.21000000e+00,12,7.55404408e-01,1.82741863e+00
411,8.23000000e+00,12,7.55404408e-01,1.82880756e+00
412,8.25000000e+00,12,7.55404408e-01,1.83020059e+00
413,8.27000000e+00,12,7.55404408e-01,1.83159772e+00
414,8.29000000e+00,12,7.55404408e-01,1.83299896e+00
415,8.31000000e+00,12,7.55404408e-01,1.83440431e+00
416,8.33000000e+00,12,7.55404408e-01,1.83581378e+00
417,8.35000000e+00,12,7.55404408e-01,1.83722736e+00
418,8.37000000e+00,12,7.55404408e-01,1.83864507e+00
419,8.39000000e+00,12,7.55404408e-01,1.84006691e+00
420,8.41000000e+00,12,7.55404408e-01,1.84149289e+00
421,8.43000000e+00,12,7.55404408e-01,1.84292301e+00
422,8.45000000e+00,12,7.55404408e-01,1.84435727e+00
423,8.47000000e+00,12,7.55404408e-01,1.84579569e+00
424,8.49000000e+00,12,7.55404408e-01,1.84723826e+00
425,8.51000000e+00,12,7.55404408e-01,1.84868499e+00
426,8.53000000e+00,12,7.55404408e-01,1.85013588e+00
427,8.55000000e+00,12,7.55404408e-01,1.85159094e+00
428,8.57000000e+00,12,7.55404408e-01,1.85305018e+00
429,8.59000000e+00,12,7.55404408e-01,1.85451359e+00
430,8.61000000e+00,12,7.55404408e-01,1.85598119e+00
431,8.63000000e+00,12,7.55404408e-01,1.85745298e+00
432,8.65000000e+00,12,7.55404408e-01,1.85892895e+00
433,8.67000000e+00,12,7.55404408e-01,1.86040912e+00
434,8.69000000e+00,12,7.55404408e-01,1.86189350e+00
435,8.71000000e+00,12,7.55404408e-01,1.86338208e+00
436,8.73000000e+00,12,7.55404408e-01,1.86487486e+00
437,8.75000000e+00,12,7.55404408e-01,1.86637186e+00
438,8.77000000e+00,12,7.55404408e-01,1.86787308e+00
439,8.79000000e+00,12,7.55404408e-01,1.86937852e+00
440,8.81000000e+00,12,7.55404408e-01,1.87088818e+00
441,8.83000000e+00,12,7.55404408e-01,1.87240208e+00
442,8.85000000e+00,12,7.55404408e-01,1.87392021e+00
443,8.87000000e+00,12,7.55404408e-01,1.87544258e+00
444,8.89000000e+00,12,7.55404408e-01,1.87696920e+00
445,8.91000000e+00,12,7.55404408e-01,1.87850007e+00
446,8.93000000e+00,12,7.55404408e-01,1.88003519e+00
447,8.95000000e+00,12,7.55404408e-01,1.88157457e+00
448,8.97000000e+00,12,7.55404408e-01,1.88311823e+00
449,8.99000000e+00,12,7.55404408e-01,1.88466616e+00
450,9.01000000e+00,12,7.55404408e-01,1.88621838e+00
451,9.03000000e+00,12,7.55404408e-01,1.88777489e+00
452,9.05000000e+00,12,7.55404408e-01,1.88933571e+00
453,9.07000000e+00,12,7.55404408e-01,1.89090085e+00
454,9.09000000e+00,12,7.55404408e-01,1.89247031e+00
455,9.11000000e+00,12,7.55404408e-01,1.89404413e+00
456,9.13000000e+00,12,7.55404408e-01,1.89562230e+00
457,9.15000000e+00,12,7.55404408e-01,1.89720485e+00
458,9.17000000e+00,12,7.55404408e-01,1.89879181e+00
459,9.19000000e+00,12,7.55404408e-01,1.90038319e+00
460,9.21000000e+00,12,7.55404408e-01,1.90197902e+00
461,9.23000000e+00,12,7.55404408e-01,1.90357933e+00
462,9.25000000e+00,12,7.55404408e-01,1.90518415e+00
463,9.27000000e+00,12,7.55404408e-01,1.90679351e+00
464,9.29000000e+00,12,7.55404408e-01,1.90840746e+00
465,9.31000000e+00,12,7.55404408e-01,1.91002603e+00
466,9.33000000e+00,12,7.55404408e-01,1.91164926e+00
467,9.35000000e+00,12,7.55404408e-01,1.91327721e+00
468,9.37000000e+00,12,7.55404408e-01,1.91490991e+00
469,9.39000000e+00,12,7.55404408e-01,1.91654742e+00
470,9.41000000e+00,12,7.55404408e-01,1.91818978e+00
471,9.43000000e+00,12,7.55404408e-01,1.91983704e+00
472,9.45000000e+00,12,7.55404408e-01,1.92148924e+00
473,9.47000000e+00,12,7.55404408e-01,1.92314643e+00
474,9.49000000e+00,12,7.55404408e-01,1.92480863e+00
475,9.51000000e+00,12,7.55404408e-01,1.92647587e+00
476,9.53000000e+00,12,7.55404408e-01,1.92814817e+00
477,9.55000000e+00,12,7.55404408e-01,1.92982552e+00
478,9.57000000e+00,12,7.55404408e-01,1.93150789e+00
479,9.59000000e+00,12,7.55404408e-01,1.93319525e+00
480,9.61000000e+00,12,7.55404408e-01,1.93488753e+00
481,9.63000000e+00,12,7.55404408e-01,1.93658462e+00
482,9.65000000e+00,12,7.55404408e-01,1.93828640e+00
483,9.67000000e+00,12,7.55404408e-01,1.93999270e+00
484,9.69000000e+00,12,7.55404408e-01,1.94170332e+00
485,9.71000000e+00,12,7.55404408e-01,1.94341803e+00
486,9.73000000e+00,12,7.55404408e-01,1.94513653e+00
487,9.75000000e+00,12,7.55404408e-01,1.94685853e+00
488,9.77000000e+00,12,7.55404408e-01,1.94858365e+00
489,9.79000000e+00,12,7.55404408e-01,1.95031145e+00
490,9.81000000e+00,12,7.55404408e-01,1.95204142e+00
491,9.83000000e+00,12,7.55404408e-01,1.95377285e+00
492,9.85000000e+00,12,7.55404408e-01,1.95550479e+00
493,9.87000000e+00,12,7.55404408e-01,1.95723607e+00
494,9.89000000e+00,12,7.55404408e-01,1.95896595e+00
495,9.91000000e+00,12,7.55404408e-01,1.96069832e+00
496,9.93000000e+00,12,7.55404408e-01,1.96246057e+00
497,9.95000000e+00,12,7.55404408e-01,1.96438184e+00
498,9.97000000e+00,12,7.55404408e-01,1.96700062e+00
499,9.99000000e+00,12,7.55404408e-01,1.97245050e+00
0,1.00000000e-02,13,8.65631202e-01,1.56063994e+00
1,3.00000000e-02,13,8.65631202e-01,1.56061882e+00
2,5.00000000e-02,13,8.65631202e-01,1.56059961e+00
3,7.00000000e-02,13,8.65631202e-01,1.56058313e+00
4,9.00000000e-02,13,8.65631202e-01,1.56056898e+00
5,1.10000000e-01,13,8.65631202e-01,1.56055934e+00
6,1.30000000e-01,13,8.65631202e-01,1.56055327e+00
7,1.50000000e-01,13,8.65631202e-01,1.56054820e+00
8,1.70000000e-01,13,8.65631202e-01,1.56054765e+00
9,1.90000000e-01,13,8.65631202e-01,1.56055069e+00
10,2.10000000e-01,13,8.65631202e-01,1.56055504e+00
11,2.30000000e-01,13,8.65631202e-01,1.56056472e+00
12,2.50000000e-01,13,8.65631202e-01,1.56057555e+00
13,2.70000000e-01,13,8.65631202e-01,1.56059105e+00
14,2.90000000e-01,13,8.65631202e-01,1.56060858e+00
15,3.10000000e-01,13,8.65631202e-01,1.56062998e+00
16,3.30000000e-01,13,8.65631202e-01,1.56065404e+00
17,3.50000000e-01,13,8.65631202e-01,1.56068152e+00
18,3.70000000e-01,13,8.65631202e-01,1.56071196e+00
19,3.90000000e-01,13,8.65631202e-01,1.56074563e+00
20,4.10000000e-01,13,8.65631202e-01,1.56078237e+00
21,4.30000000e-01,13,8.65631202e-01,1.56082227e+00
22,4.50000000e-01,13,8.65631202e-01,1.56086528e+00
23,4.70000000e-01,13,8.65631202e-01,1.56091143e+00
24,4.90000000e-01,13,8.65631202e-01,1.56096070e+00
25,5.10000000e-01,13,8.65631202e-01,1.56101311e+00
26,5.30000000e-01,13,8.65631202e-01,1.56106864e+00
27,5.50000000e-01,13,8.65631202e-01,1.56112730e+00
28,5.70000000e-01,13,8.65631202e-01,1.56118909e+00
29,5.90000000e-01,13,8.65631202e-01,1.56125400e+00
30,6.10000000e-01,13,8.65631202e-01,1.56132204e+00
31,6.30000000e-01,13,8.65631202e-01,1.56139321e+00
32,6.50000000e-01,13,8.65631202e-01,1.56146751e+00
33,6.70000000e-01,13,8.65631202e-01,1.56154493e+00
34,6.90000000e-01,13,8.65631202e-01,1.56162549e+00
35,7.10000000e-01,13,8.65631202e-01,1.56170917e+00
36,7.30000000e-01,13,8.65631202e-01,1.56179598e+00
37,7.50000000e-01,13,8.65631202e-01,1.56188591e+00
38,7.70000000e-01,13,8.65631202e-01,1.56197898e+00
39,7.90000000e-01,13,8.65631202e-01,1.56207517e+00
40,8.10000000e-01,13,8.65631202e-01,1.56217449e+00
41,8.30000000e-01,13,8.65631202e-01,1.56227694e+00
42,8.50000000e-01,13,8.65631202e-01,1.56238252e+00
43,8.70000000e-01,13,8.65631202e-01,1.56249123e+00
44,8.90000000e-01,13,8.65631202e-01,1.56260307e+00
45,9.10000000e-01,13,8.65631202e-01,1.56271804e+00
46,9.30000000e-01,13,8.65631202e-01,1.56283614e+00
47,9.50000000e-01,13,8.65631202e-01,1.56295737e+00
48,9.70000000e-01,13,8.65631202e-01,1.56308173e+00
49,9.90000000e-01,13,8.65631202e-01,1.56320922e+00
50,1.01000000e+00,13,8.65631202e-01,1.56333984e+00
51,1.03000000e+00,13,8.65631202e-01,1.56347360e+00
52,1.05000000e+00,13,8.65631202e-01,1.56361049e+00
53,1.07000000e+00,13,8.65631202e-01,1.56375051e+00
54,1.09000000e+00,13,8.65631202e-01,1.56389367e+00
55,1.11000000e+00,13,8.65631202e-01,1.56403996e+00
56,1.13000000e+00,13,8.65631202e-01,1.56418939e+00
57,1.15000000e+00,13,8.65631202e-01,1.56434195e+00
58,1.17000000e+00,13,8.65631202e-01,1.56449764e+00
59,1.19000000e+00,13,8.65631202e-01,1.56465648e+00
60,1.21000000e+00,13,8.65631202e-01,1.56481845e+00
61,1.23000000e+00,13,8.65631202e-01,1.56498355e+00
62,1.25000000e+00,13,8.65631202e-01,1.56515180e+00
63,1.27000000e+00,13,8.65631202e-01,1.56532318e+00
64,1.29000000e+00,13,8.65631202e-01,1.56549770e+00
65,1.31000000e+00,13,8.65631202e-01,1.56567536e+00
66,1.33000000e+00,13,8.65631202e-01,1.56585616e+00
67,1.35000000e+00,13,8.65631202e-01,1.56604010e+00
68,1.37000000e+00,13,8.65631202e-01,1.56622719e+00
69,1.39000000e+00,13,8.65631202e-01,1.56641741e+00
70,1.41000000e+00,13,8.65631202e-01,1.56661078e+00
71,1.43000000e+00,13,8.65631202e-01,1.56680729e+00
72,1.45000000e+00,13,8.65631202e-01,1.56700695e+00
73,1.47000000e+00,13,8.65631202e-01,1.56720975e+00
74,1.49000000e+00,13,8.65631202e-01,1.56741569e+00
75,1.51000000e+00,13,8.65631202e-01,1.56762478e+00
76,1.53000000e+00,13,8.65631202e-01,1.56783702e+00
77,1.55000000e+00,13,8.65631202e-01,1.56805241e+00
78,1.57000000e+00,13,8.65631202e-01,1.56827094e+00
79,1.59000000e+00,13,8.65631202e-01,1.56849263e+00
80,1.61000000e+00,13,8.65631202e-01,1.56871746e+00
81,1.63000000e+00,13,8.65631202e-01,1.56894545e+00
82,1.65000000e+00,13,8.65631202e-01,1.56917658e+00
83,1.67000000e+00,13,8.65631202e-01,1.56941087e+00
84,1.69000000e+00,13,8.65631202e-01,1.56964832e+00
85,1.71000000e+00,13,8.65631202e-01,1.56988891e+00
86,1.73000000e+00,13,8.65631202e-01,1.57013266e+00
87,1.75000000e+00,13,8.65631202e-01,1.57037957e+00
88,1.77000000e+00,13,8.65631202e-01,1.57062963e+00
89,1.79000000e+00,13,8.65631202e-01,1.57088286e+00
90,1.81000000e+00,13,8.65631202e-01,1.57113924e+00
91,1.83000000e+00,13,8.65631202e-01,1.57139878e+00
92,1.85000000e+00,13,8.65631202e-01,1.57166147e+00
93,1.87000000e+00,13,8.65631202e-01,1.57192734e+00
94,1.89000000e+00,13,8.65631202e-01,1.57219636e+00
95,1.91000000e+00,13,8.65631202e-01,1.57246854e+00
96,1.93000000e+00,13,8.65631202e-01,1.57274390e+00
97,1.95000000e+00,13,8.65631202e-01,1.57302241e+00
98,1.97000000e+00,13,8.65631202e-01,1.57330409e+00
99,1.99000000e+00,13,8.65631202e-01,1.57358894e+00
100,2.01000000e+00,13,8.65631202e-01,1.57387696e+00
101,2.03000000e+00,13,8.65631202e-01,1.57416814e+00
102,2.05000000e+00,13,8.65631202e-01,1.57446250e+00
103,2.07000000e+00,13,8.65631202e-01,1.57476003e+00
104,2.09000000e+00,13,8.65631202e-01,1.57506073e+00
105,2.11000000e+00,13,8.65631202e-01,1.57536460e+00
106,2.13000000e+00,13,8.65631202e-01,1.57567165e+00
107,2.15000000e+00,13,8.65631202e-01,1.57598187e+00
108,2.17000000e+00,13,8.65631202e-01,1.57629527e+00
109,2.19000000e+00,13,8.65631202e-01,1.57661185e+00
110,2.21000000e+00,13,8.65631202e-01,1.57693160e+00
111,2.23000000e+00,13,8.65631202e-01,1.57725454e+00
112,2.25000000e+00,13,8.65631202e-01,1.57758066e+00
113,2.27000000e+00,13,8.65631202e-01,1.57790996e+00
114,2.29000000e+00,13,8.65631202e-01,1.57824244e+00
115,2.31000000e+00,13,8.65631202e-01,1.57857811e+00
116,2.33000000e+00,13,8.65631202e-01,1.57891696e+00
117,2.35000000e+00,13,8.65631202e-01,1.57925901e+00
118,2.37000000e+00,13,8.65631202e-01,1.57960424e+00
119,2.39000000e+00,13,8.65631202e-01,1.57995266e+00
120,2.41000000e+00,13,8.65631202e-01,1.58030427e+00
121,2.43000000e+00,13,8.65631202e-01,1.58065907e+00
122,2.45000000e+00,13,8.65631202e-01,1.58101707e+00
123,2.47000000e+00,13,8.65631202e-01,1.58137826e+00
124,2.49000000e+00,13,8.65631202e-01,1.58174264e+00
125,2.51000000e+00,13,8.65631202e-01,1.58211023e+00
126,2.53000000e+00,13,8.65631202e-01,1.58248101e+00
127,2.55000000e+00,13,8.65631202e-01,1.58285499e+00
128,2.57000000e+00,13,8.65631202e-01,1.58323218e+00
129,2.59000000e+00,13,8.65631202e-01,1.58361257e+00
130,2.61000000e+00,13,8.65631202e-01,1.58399616e+00
131,2.63000000e+00,13,8.65631202e-01,1.58438295e+00
132,2.65000000e+00,13,8.65631202e-01,1.58477296e+00
133,2.67000000e+00,13,8.65631202e-01,1.58516617e+00
134,2.69000000e+00,13,8.65631202e-01,1.58556259e+00
135,2.71000000e+00,13,8.65631202e-01,1.58596222e+00
136,2.73000000e+00,13,8.65631202e-01,1.58636507e+00
137,2.75000000e+00,13,8.65631202e-01,1.58677113e+00
138,2.77000000e+00,13,8.65631202e-01,1.58718040e+00
139,2.79000000e+00,13,8.65631202e-01,1.58759289e+00
140,2.81000000e+00,13,8.65631202e-01,1.58800860e+00
141,2.83000000e+00,13,8.65631202e-01,1.58842753e+00
142,2.85000000e+00,13,8.65631202e-01,1.58884968e+00
143,2.87000000e+00,13,8.65631202e-01,1.58927506e+00
144,2.89000000e+00,13,8.65631202e-01,1.58970365e+00
145,2.91000000e+00,13,8.65631202e-01,1.59013548e+00
146,2.93000000e+00,13,8.65631202e-01,1.59057053e+00
147,2.95000000e+00,13,8.65631202e-01,1.59100881e+00
148,2.97000000e+00,13,8.65631202e-01,1.59145032e+00
149,2.99000000e+00,13,8.65631202e-01,1.59189507e+00
150,3.01000000e+00,13,8.65631202e-01,1.59234304e+00
151,3.03000000e+00,13,8.65631202e-01,1.59279426e+00
152,3.05000000e+00,13,8.65631202e-01,1.59324871e+00
153,3.07000000e+00,13,8.65631202e-01,1.59370640e+00
154,3.09000000e+00,13,8.65631202e-01,1.59416732e+00
155,3.11000000e+00,13,8.65631202e-01,1.59463150e+00
156,3.13000000e+00,13,8.65631202e-01,1.59509891e+00
157,3.15000000e+00,13,8.65631202e-01,1.59556957e+00
158,3.17000000e+00,13,8.65631202e-01,1.59604348e+00
159,3.19000000e+00,13,8.65631202e-01,1.59652064e+00
160,3.21000000e+00,13,8.65631202e-01,1.59700104e+00
161,3.23000000e+00,13,8.65631202e-01,1.59748470e+00
162,3.25000000e+00,13,8.65631202e-01,1.59797161e+00
163,3.27000000e+00,13,8.65631202e-01,1.59846178e+00
164,3.29000000e+00,13,8.65631202e-01,1.59895521e+00
165,3.31000000e+00,13,8.65631202e-01,1.59945190e+00
166,3.33000000e+00,13,8.65631202e-01,1.59995184e+00
167,3.35000000e+00,13,8.65631202e-01,1.60045505e+00
168,3.37000000e+00,13,8.65631202e-01,1.60096153e+00
169,3.39000000e+00,13,8.65631202e-01,1.60147127e+00
170,3.41000000e+00,13,8.65631202e-01,1.60198428e+00
171,3.43000000e+00,13,8.65631202e-01,1.60250056e+00
172,3.45000000e+00,13,8.65631202e-01,1.60302011e+00
173,3.47000000e+00,13,8.65631202e-01,1.60354293e+00
174,3.49000000e+00,13,8.65631202e-01,1.60406904e+00
175,3.51000000e+00,13,8.65631202e-01,1.60459842e+00
176,3.53000000e+00,13,8.65631202e-01,1.60513107e+00
177,3.55000000e+00,13,8.65631202e-01,1.60566701e+00
178,3.57000000e+00,13,8.65631202e-01,1.60620624e+00
179,3.59000000e+00,13,8.65631202e-01,1.60674875e+00
180,3.61000000e+00,13,8.65631202e-01,1.60729455e+00
181,3.63000000e+00,13,8.65631202e-01,1.60784363e+00
182,3.65000000e+00,13,8.65631202e-01,1.60839601e+00
183,3.67000000e+00,13,8.65631202e-01,1.60895168e+00
184,3.69000000e+00,13,8.65631202e-01,1.60951065e+00
185,3.71000000e+00,13,8.65631202e-01,1.61007291e+00
186,3.73000000e+00,13,8.65631202e-01,1.61063847e+00
187,3.75000000e+00,13,8.65631202e-01,1.61120734e+00
188,3.77000000e+00,13,8.65631202e-01,1.61177951e+00
189,3.79000000e+00,13,8.65631202e-01,1.61235498e+00
190,3.81000000e+00,13,8.65631202e-01,1.61293376e+00
191,3.83000000e+00,13,8.65631202e-01,1.61351585e+00
192,3.85000000e+00,13,8.65631202e-01,1.61410126e+00
193,3.87000000e+00,13,8.65631202e-01,1.61468997e+00
194,3.89000000e+00,13,8.65631202e-01,1.61528201e+00
195,3.91000000e+00,13,8.65631202e-01,1.61587736e+00
196,3.93000000e+00,13,8.65631202e-01,1.61647603e+00
197,3.95000000e+00,13,8.65631202e-01,1.61707802e+00
198,3.97000000e+00,13,8.65631202e-01,1.61768334e+00
199,3.99000000e+00,13,8.65631202e-01,1.61829199e+00
200,4.01000000e+00,13,8.65631202e-01,1.61890396e+00
201,4.03000000e+00,13,8.65631202e-01,1.61951927e+00
202,4.05000000e+00,13,8.65631202e-01,1.62013791e+00
203,4.07000000e+00,13,8.65631202e-01,1.62075988e+00
204,4.09000000e+00,13,8.65631202e-01,1.62138520e+00
205,4.11000000e+00,13,8.65631202e-01,1.62201385e+00
206,4.13000000e+00,13,8.65631202e-01,1.62264585e+00
207,4.15000000e+00,13,8.65631202e-01,1.62328119e+00
208,4.17000000e+00,13,8.65631202e-01,1.62391987e+00
209,4.19000000e+00,13,8.65631202e-01,1.62456191e+00
210,4.21000000e+00,13,8.65631202e-01,1.62520730e+00
211,4.23000000e+00,13,8.65631202e-01,1.62585604e+00
212,4.25000000e+00,13,8.65631202e-01,1.62650814e+00
213,4.27000000e+00,13,8.65631202e-01,1.62716360e+00
214,4.29000000e+00,13,8.65631202e-01,1.62782242e+00
215,4.31000000e+00,13,8.65631202e-01,1.62848461e+00
216,4.33000000e+00,13,8.65631202e-01,1.62915016e+00
217,4.35000000e+00,13,8.65631202e-01,1.62981907e+00
218,4.37000000e+00,13,8.65631202e-01,1.63049136e+00
219,4.39000000e+00,13,8.65631202e-01,1.63116702e+00
220,4.41000000e+00,13,8.65631202e-01,1.63184606e+00
221,4.43000000e+00,13,8.65631202e-01,1.63252848e+00
222,4.45000000e+00,13,8.65631202e-01,1.63321427e+00
223,4.47000000e+00,13,8.65631202e-01,1.63390345e+00
224,4.49000000e+00,13,8.65631202e-01,1.63459601e+00
225,4.51000000e+00,13,8.65631202e-01,1.63529197e+00
226,4.53000000e+00,13,8.65631202e-01,1.63599131e+00
227,4.55000000e+00,13,8.65631202e-01,1.63669405e+00
228,4.57000000e+00,13,8.65631202e-01,1.63740018e+00
229,4.59000000e+00,13,8.65631202e-01,1.63810971e+00
230,4.61000000e+00,13,8.65631202e-01,1.63882264e+00
231,4.63000000e+00,13,8.65631202e-01,1.63953897e+00
232,4.65000000e+00,13,8.65631202e-01,1.64025871e+00
233,4.67000000e+00,13,8.65631202e-01,1.64098186e+00
234,4.69000000e+00,13,8.65631202e-01,1.64170842e+00
235,4.71000000e+00,13,8.65631202e-01,1.64243839e+00
236,4.73000000e+00,13,8.65631202e-01,1.64317178e+00
237,4.75000000e+00,13,8.65631202e-01,1.64390859e+00
238,4.77000000e+00,13,8.65631202e-01,1.64464882e+00
239,4.79000000e+00,13,8.65631202e-01,1.64539247e+00
240,4.81000000e+00,13,8.65631202e-01,1.64613956e+00
241,4.83000000e+00,13,8.65631202e-01,1.64689007e+00
242,4.85000000e+00,13,8.65631202e-01,1.64764401e+00
243,4.87000000e+00,13,8.65631202e-01,1.64840139e+00
244,4.89000000e+00,13,8.65631202e-01,1.64916221e+00
245,4.91000000e+00,13,8.65631202e-01,1.64992647e+00
246,4.93000000e+00,13,8.65631202e-01,1.65069417e+00
247,4.95000000e+00,13,8.65631202e-01,1.65146532e+00
248,4.97000000e+00,13,8.65631202e-01,1.65223991e+00
249,4.99000000e+00,13,8.65631202e-01,1.65301796e+00
250,5.01000000e+00,13,8.65631202e-01,1.65379947e+00
251,5.03000000e+00,13,8.65631202e-01,1.65458443e+00
252,5.05000000e+00,13,8.65631202e-01,1.65537285e+00
253,5.07000000e+00,13,8.65631202e-01,1.65616473e+00
254,5.09000000e+00,13,8.65631202e-01,1.65696009e+00
255,5.11000000e+00,13,8.65631202e-01,1.65775891e+00
256,5.13000000e+00,13,8.65631202e-01,1.65856120e+00
257,5.15000000e+00,13,8.65631202e-01,1.65936696e+00
258,5.17000000e+00,13,8.65631202e-01,1.66017621e+00
259,5.19000000e+00,13,8.65631202e-01,1.66098893e+00
260,5.21000000e+00,13,8.65631202e-01,1.66180514e+00
261,5.23000000e+00,13,8.65631202e-01,1.66262484e+00
262,5.25000000e+00,13,8.65631202e-01,1.66344802e+00
263,5.27000000e+00,13,8.65631202e-01,1.66427470e+00
264,5.29000000e+00,13,8.65631202e-01,1.66510487e+00
265,5.31000000e+00,13,8.65631202e-01,1.66593854e+00
266,5.33000000e+00,13,8.65631202e-01,1.66677572e+00
267,5.35000000e+00,13,8.65631202e-01,1.66761639e+00
268,5.37000000e+00,13,8.65631202e-01,1.66846058e+00
269,5.39000000e+00,13,8.65631202e-01,1.66930827e+00
270,5.41000000e+00,13,8.65631202e-01,1.67015948e+00
271,5.43000000e+00,13,8.65631202e-01,1.67101421e+00
272,5.45000000e+00,13,8.65631202e-01,1.67187245e+00
273,5.47000000e+00,13,8.65631202e-01,1.67273422e+00
274,5.49000000e+00,13,8.65631202e-01,1.67359952e+00
275,5.51000000e+00,13,8.65631202e-01,1.67446834e+00
276,5.53000000e+00,13,8.65631202e-01,1.67534070e+00
277,5.55000000e+00,13,8.65631202e-01,1.67621659e+00
278,5.57000000e+00,13,8.65631202e-01,1.67709603e+00
279,5.59000000e+00,13,8.65631202e-01,1.67797900e+00
280,5.61000000e+00,13,8.65631202e-01,1.67886552e+00
281,5.63000000e+00,13,8.65631202e-01,1.67975559e+00
282,5.65000000e+00,13,8.65631202e-01,1.68064920e+00
283,5.67000000e+00,13,8.65631202e-01,1.68154638e+00
284,5.69000000e+00,13,8.65631202e-01,1.68244711e+00
285,5.71000000e+00,13,8.65631202e-01,1.68335140e+00
286,5.73000000e+00,13,8.65631202e-01,1.68425926e+00
287,5.75000000e+00,13,8.65631202e-01,1.68517069e+00
288,5.77000000e+00,13,8.65631202e-01,1.68608569e+00
289,5.79000000e+00,13,8.65631202e-01,1.68700426e+00
290,5.81000000e+00,13,8.65631202e-01,1.68792641e+00
291,5.83000000e+00,13,8.65631202e-01,1.68885214e+00
292,5.85000000e+00,13,8.65631202e-01,1.68978146e+00
293,5.87000000e+00,13,8.65631202e-01,1.69071436e+00
294,5.89000000e+00,13,8.65631202e-01,1.69165086e+00
295,5.91000000e+00,13,8.65631202e-01,1.69259095e+00
296,5.93000000e+00,13,8.65631202e-01,1.69353463e+00
297,5.95000000e+00,13,8.65631202e-01,1.69448192e+00
298,5.97000000e+00,13,8.65631202e-01,1.69543282e+00
299,5.99000000e+00,13,8.65631202e-01,1.69638732e+00
300,6.01000000e+00,13,8.65631202e-01,1.69734544e+00
301,6.03000000e+00,13,8.65631202e-01,1.69830717e+00
302,6.05000000e+00,13,8.65631202e-01,1.69927252e+00
303,6.07000000e+00,13,8.65631202e-01,1.70024150e+00
304,6.09000000e+00,13,8.65631202e-01,1.70121409e+00
305,6.11000000e+00,13,8.65631202e-01,1.70219032e+00
306,6.13000000e+00,13,8.65631202e-01,1.70317019e+00
307,6.15000000e+00,13,8.65631202e-01,1.70415368e+00
308,6.17000000e+00,13,8.65631202e-01,1.70514082e+00
309,6.19000000e+00,13,8.65631202e-01,1.70613161e+00
310,6.21000000e+00,13,8.65631202e-01,1.70712604e+00
311,6.23000000e+00,13,8.65631202e-01,1.70812412e+00
312,6.25000000e+00,13,8.65631202e-01,1.70912585e+00
313,6.27000000e+00,13,8.65631202e-01,1.71013125e+00
314,6.29000000e+00,13,8.65631202e-01,1.71114030e+00
315,6.31000000e+00,13,8.65631202e-01,1.71215303e+00
316,6.33000000e+00,13,8.65631202e-01,1.71316942e+00
317,6.35000000e+00,13,8.65631202e-01,1.71418948e+00
318,6.37000000e+00,13,8.65631202e-01,1.71521322e+00
319,6.39000000e+00,13,8.65631202e-01,1.71624065e+00
320,6.41000000e+00,13,8.65631202e-01,1.71727175e+00
321,6.43000000e+00,13,8.65631202e-01,1.71830655e+00
322,6.45000000e+00,13,8.65631202e-01,1.71934503e+00
323,6.47000000e+00,13,8.65631202e-01,1.72038721e+00
324,6.49000000e+00,13,8.65631202e-01,1.72143309e+00
325,6.51000000e+00,13,8.65631202e-01,1.72248268e+00
326,6.53000000e+00,13,8.65631202e-01,1.72353597e+00
327,6.55000000e+00,13,8.65631202e-01,1.72459297e+00
328,6.57000000e+00,13,8.65631202e-01,1.72565369e+00
329,6.59000000e+00,13,8.65631202e-01,1.72671812e+00
330,6.61000000e+00,13,8.65631202e-01,1.72778628e+00
331,6.63000000e+00,13,8.65631202e-01,1.72885816e+00
332,6.65000000e+00,13,8.65631202e-01,1.72993377e+00
333,6.67000000e+00,13,8.65631202e-01,1.73101312e+00
334,6.69000000e+00,13,8.65631202e-01,1.73209621e+00
335,6.71000000e+00,13,8.65631202e-01,1.73318303e+00
336,6.73000000e+00,13,8.65631202e-01,1.73427361e+00
337,6.75000000e+00,13,8.65631202e-01,1.73536793e+00
338,6.77000000e+00,13,8.65631202e-01,1.73646601e+00
339,6.79000000e+00,13,8.65631202e-01,1.73756784e+00
340,6.81000000e+00,13,8.65631202e-01,1.73867344e+00
341,6.83000000e+00,13,8.65631202e-01,1.73978280e+00
342,6.85000000e+00,13,8.65631202e-01,1.74089593e+00
343,6.87000000e+00,13,8.65631202e-01,1.74201284e+00
344,6.89000000e+00,13,8.65631202e-01,1.74313352e+00
345,6.91000000e+00,13,8.65631202e-01,1.74425799e+00
346,6.93000000e+00,13,8.65631202e-01,1.74538624e+00
347,6.95000000e+00,13,8.65631202e-01,1.74651829e+00
348,6.97000000e+00,13,8.65631202e-01,1.74765412e+00
349,6.99000000e+00,13,8.65631202e-01,1.74879376e+00
350,7.01000000e+00,13,8.65631202e-01,1.74993720e+00
351,7.03000000e+00,13,8.65631202e-01,1.75108445e+00
352,7.05000000e+00,13,8.65631202e-01,1.75223550e+00
353,7.07000000e+00,13,8.65631202e-01,1.75339038e+00
354,7.09000000e+00,13,8.65631202e-01,1.75454907e+00
355,7.11000000e+00,13,8.65631202e-01,1.75571158e+00
356,7.13000000e+00,13,8.65631202e-01,1.75687793e+00
357,7.15000000e+00,13,8.65631202e-01,1.75804810e+00
358,7.17000000e+00,13,8.65631202e-01,1.75922212e+00
359,7.19000000e+00,13,8.65631202e-01,1.76039997e+00
360,7.21000000e+00,13,8.65631202e-01,1.76158167e+00
361,7.23000000e+00,13,8.65631202e-01,1.76276722e+00
362,7.25000000e+00,13,8.65631202e-01,1.76395662e+00
363,7.27000000e+00,13,8.65631202e-01,1.76514988e+00
364,7.29000000e+00,13,8.65631202e-01,1.76634700e+00
365,7.31000000e+00,13,8.65631202e-01,1.76754799e+00
366,7.33000000e+00,13,8.65631202e-01,1.76875285e+00
367,7.35000000e+00,13,8.65631202e-01,1.76996159e+00
368,7.37000000e+00,13,8.65631202e-01,1.77117420e+00
369,7.39000000e+00,13,8.65631202e-01,1.77239070e+00
370,7.41000000e+00,13,8.65631202e-01,1.77361109e+00
371,7.43000000e+00,13,8.65631202e-01,1.77483538e+00
372,7.45000000e+00,13,8.65631202e-01,1.77606356e+00
373,7.47000000e+00,13,8.65631202e-01,1.77729564e+00
374,7.49000000e+00,13,8.65631202e-01,1.77853163e+00
375,7.51000000e+00,13,8.65631202e-01,1.77977153e+00
376,7.53000000e+00,13,8.65631202e-01,1.78101535e+00
377,7.55000000e+00,13,8.65631202e-01,1.78226309e+00
378,7.57000000e+00,13,8.65631202e-01,1.78351475e+00
379,7.59000000e+00,13,8.65631202e-01,1.78477034e+00
380,7.61000000e+00,13,8.65631202e-01,1.78602987e+00
381,7.63000000e+00,13,8.65631202e-01,1.78729333e+00
382,7.65000000e+00,13,8.65631202e-01,1.78856074e+00
383,7.67000000e+00,13,8.65631202e-01,1.78983210e+00
384,7.69000000e+00,13,8.65631202e-01,1.79110741e+00
385,7.71000000e+00,13,8.65631202e-01,1.79238668e+00
386,7.73000000e+00,13,8.65631202e-01,1.79366991e+00
387,7.75000000e+00,13,8.65631202e-01,1.79495711e+00
388,7.77000000e+00,13,8.65631202e-01,1.79624827e+00
389,7.79000000e+00,13,8.65631202e-01,1.79754342e+00
390,7.81000000e+00,13,8.65631202e-01,1.79884254e+00
391,7.83000000e+00,13,8.65631202e-01,1.80014566e+00
392,7.85000000e+00,13,8.65631202e-01,1.80145276e+00
393,7.87000000e+00,13,8.65631202e-01,1.80276386e+00
394,7.89000000e+00,13,8.65631202e-01,1.80407896e+00
395,7.91000000e+00,13,8.65631202e-01,1.80539806e+00
396,7.93000000e+00,13,8.65631202e-01,1.80672117e+00
397,7.95000000e+00,13,8.65631202e-01,1.80804830e+00
398,7.97000000e+00,13,8.65631202e-01,1.80937945e+00
399,7.99000000e+00,13,8.65631202e-01,1.81071463e+00
400,8.01000000e+00,13,8.65631202e-01,1.81205383e+00
401,8.03000000e+00,13,8.65631202e-01,1.81339707e+00
402,8.05000000e+00,13,8.65631202e-01,1.81474434e+00
403,8.07000000e+00,13,8.65631202e-01,1.81609567e+00
404,8.09000000e+00,13,8.65631202e-01,1.81745104e+00
405,8.11000000e+00,13,8.65631202e-01,1.81881046e+00
406,8.13000000e+00,13,8.65631202e-01,1.82017395e+00
407,8.15000000e+00,13,8.65631202e-01,1.82154150e+00
408,8.17000000e+00,13,8.65631202e-01,1.82291312e+00
409,8.19000000e+00,13,8.65631202e-01,1.82428881e+00
410,8.21000000e+00,13,8.65631202e-01,1.82566859e+00
411,8.23000000e+00,13,8.65631202e-01,1.82705244e+00
412,8.25000000e+00,13,8.65631202e-01,1.82844039e+00
413,8.27000000e+00,13,8.65631202e-01,1.82983243e+00
414,8.29000000e+00,13,8.65631202e-01,1.83122857e+00
415,8.31000000e+00,13,8.65631202e-01,1.83262882e+00
416,8.33000000e+00,13,8.65631202e-01,1.83403318e+00
417,8.35000000e+00,13,8.65631202e-01,1.83544165e+00
418,8.37000000e+00,13,8.65631202e-01,1.83685424e+00
419,8.39000000e+00,13,8.65631202e-01,1.83827095e+00
420,8.41000000e+00,13,8.65631202e-01,1.83969179e+00
421,8.43000000e+00,13,8.65631202e-01,1.84111677e+00
422,8.45000000e+00,13,8.65631202e-01,1.84254589e+00
423,8.47000000e+00,13,8.65631202e-01,1.84397915e+00
424,8.49000000e+00,13,8.65631202e-01,1.84541656e+00
425,8.51000000e+00,13,8.65631202e-01,1.84685812e+00
426,8.53000000e+00,13,8.65631202e-01,1.84830385e+00
427,8.55000000e+00,13,8.65631202e-01,1.84975373e+00
428,8.57000000e+00,13,8.65631202e-01,1.85120778e+00
429,8.59000000e+00,13,8.65631202e-01,1.85266601e+00
430,8.61000000e+00,13,8.65631202e-01,1.85412841e+00
431,8.63000000e+00,13,8.65631202e-01,1.85559499e+00
432,8.65000000e+00,13,8.65631202e-01,1.85706576e+00
433,8.67000000e+00,13,8.65631202e-01,1.85854072e+00
434,8.69000000e+00,13,8.65631202e-01,1.86001988e+00
435,8.71000000e+00,13,8.65631202e-01,1.86150323e+00
436,8.73000000e+00,13,8.65631202e-01,1.86299079e+00
437,8.75000000e+00,13,8.65631202e-01,1.86448255e+00
438,8.77000000e+00,13,8.65631202e-01,1.86597853e+00
439,8.79000000e+00,13,8.65631202e-01,1.86747872e+00
440,8.81000000e+00,13,8.65631202e-01,1.86898313e+00
441,8.83000000e+00,13,8.65631202e-01,1.87049177e+00
442,8.85000000e+00,13,8.65631202e-01,1.87200463e+00
443,8.87000000e+00,13,8.65631202e-01,1.87352174e+00
444,8.89000000e+00,13,8.65631202e-01,1.87504308e+00
445,8.91000000e+00,13,8.65631202e-01,1.87656866e+00
446,8.93000000e+00,13,8.65631202e-01,1.87809850e+00
447,8.95000000e+00,13,8.65631202e-01,1.87963259e+00
448,8.97000000e+00,13,8.65631202e-01,1.88117095e+00
449,8.99000000e+00,13,8.65631202e-01,1.88271357e+00
450,9.01000000e+00,13,8.65631202e-01,1.88426048e+00
451,9.03000000e+00,13,8.65631202e-01,1.88581167e+00
452,9.05000000e+00,13,8.65631202e-01,1.88736716e+00
453,9.07000000e+00,13,8.65631202e-01,1.88892696e+00
454,9.09000000e+00,13,8.65631202e-01,1.89049107e+00
455,9.11000000e+00,13,8.65631202e-01,1.89205952e+00
456,9.13000000e+00,13,8.65631202e-01,1.89363232e+00
457,9.15000000e+00,13,8.65631202e-01,1.89520949e+00
458,9.17000000e+00,13,8.65631202e-01,1.89679104e+00
459,9.19000000e+00,13,8.65631202e-01,1.89837700e+00
460,9.21000000e+00,13,8.65631202e-01,1.89996740e+00
461,9.23000000e+00,13,8.65631202e-01,1.90156224e+00
462,9.25000000e+00,13,8.65631202e-01,1.90316158e+00
463,9.27000000e+00,13,8.65631202e-01,1.90476543e+00
464,9.29000000e+00,13,8.65631202e-01,1.90637383e+00
465,9.31000000e+00,13,8.65631202e-01,1.90798682e+00
466,9.33000000e+00,13,8.65631202e-01,1.90960443e+00
467,9.35000000e+00,13,8.65631202e-01,1.91122671e+00
468,9.37000000e+00,13,8.65631202e-01,1.91285370e+00
469,9.39000000e+00,13,8.65631202e-01,1.91448545e+00
470,9.41000000e+00,13,8.65631202e-01,1.91612198e+00
471,9.43000000e+00,13,8.65631202e-01,1.91776336e+00
472,9.45000000e+00,13,8.65631202e-01,1.91940961e+00
473,9.47000000e+00,13,8.65631202e-01,1.92106078e+00
474,9.49000000e+00,13,8.65631202e-01,1.92271690e+00
475,9.51000000e+00,13,8.65631202e-01,1.92437800e+00
476,9.53000000e+00,13,8.65631202e-01,1.92604410e+00
477,9.55000000e+00,13,8.65631202e-01,1.92771519e+00
478,9.57000000e+00,13,8.65631202e-01,1.92939129e+00
479,9.59000000e+00,13,8.65631202e-01,1.93107239e+00
480,9.61000000e+00,13,8.65631202e-01,1.93275844e+00
481,9.63000000e+00,13,8.65631202e-01,1.93444944e+00
482,9.65000000e+00,13,8.65631202e-01,1.93614533e+00
483,9.67000000e+00,13,8.65631202e-01,1.93784608e+00
484,9.69000000e+00,13,8.65631202e-01,1.93955169e+00
485,9.71000000e+00,13,8.65631202e-01,1.94126219e+00
486,9.73000000e+00,13,8.65631202e-01,1.94297767e+00
487,9.75000000e+00,13,8.65631202e-01,1.94469838e+00
488,9.77000000e+00,13,8.65631202e-01,1.94642475e+00
489,9.79000000e+00,13,8.65631202e-01,1.94815752e+00
490,9.81000000e+00,13,8.65631202e-01,1.94989791e+00
491,9.83000000e+00,13,8.65631202e-01,1.95164780e+00
492,9.85000000e+00,13,8.65631202e-01,1.95341002e+00
493,9.87000000e+00,13,8.65631202e-01,1.95518861e+00
494,9.89000000e+00,13,8.65631202e-01,1.95698841e+00
495,9.91000000e+00,13,8.65631202e-01,1.95881175e+00
496,9.93000000e+00,13,8.65631202e-01,1.96064181e+00
497,9.95000000e+00,13,8.65631202e-01,1.96237322e+00
498,9.97000000e+00,13,8.65631202e-01,1.96353900e+00
499,9.99000000e+00,13,8.65631202e-01,1.96225904e+00
0,1.00000000e-02,14,9.44575023e-01,1.56063950e+00
1,3.00000000e-02,14,9.44575023e-01,1.56061576e+00
2,5.00000000e-02,14,9.44575023e-01,1.56059255e+00
3,7.00000000e-02,14,9.44575023e-01,1.56057359e+00
4,9.00000000e-02,14,9.44575023e-01,1.56055742e+00
5,1.10000000e-01,14,9.44575023e-01,1.56054349e+00
6,1.30000000e-01,14,9.44575023e-01,1.56053353e+00
7,1.50000000e-01,14,9.44575023e-01,1.56052794e+00
8,1.70000000e-01,14,9.44575023e-01,1.56052358e+00
9,1.90000000e-01,14,9.44575023e-01,1.56052263e+00
10,2.10000000e-01,14,9.44575023e-01,1.56052615e+00
11,2.30000000e-01,14,9.44575023e-01,1.56053078e+00
12,2.50000000e-01,14,9.44575023e-01,1.56054044e+00
13,2.70000000e-01,14,9.44575023e-01,1.56055171e+00
14,2.90000000e-01,14,9.44575023e-01,1.56056720e+00
15,3.10000000e-01,14,9.44575023e-01,1.56058507e+00
16,3.30000000e-01,14,9.44575023e-01,1.56060654e+00
17,3.50000000e-01,14,9.44575023e-01,1.56063085e+00
18,3.70000000e-01,14,9.44575023e-01,1.56065846e+00
19,3.90000000e-01,14,9.44575023e-01,1.56068909e+00
20,4.10000000e-01,14,9.44575023e-01,1.56072291e+00
21,4.30000000e-01,14,9.44575023e-01,1.56075983e+00
22,4.50000000e-01,14,9.44575023e-01,1.56079988e+00
23,4.70000000e-01,14,9.44575023e-01,1.56084306e+00
24,4.90000000e-01,14,9.44575023e-01,1.56088937e+00
25,5.10000000e-01,14,9.44575023e-01,1.56093880e+00
26,5.30000000e-01,14,9.44575023e-01,1.56099136e+00
27,5.50000000e-01,14,9.44575023e-01,1.56104705e+00
28,5.70000000e-01,14,9.44575023e-01,1.56110586e+00
29,5.90000000e-01,14,9.44575023e-01,1.56116780e+00
30,6.10000000e-01,14,9.44575023e-01,1.56123287e+00
31,6.30000000e-01,14,9.44575023e-01,1.56130106e+00
32,6.50000000e-01,14,9.44575023e-01,1.56137239e+00
33,6.70000000e-01,14,9.44575023e-01,1.56144683e+00
34,6.90000000e-01,14,9.44575023e-01,1.56152441e+00
35,7.10000000e-01,14,9.44575023e-01,1.56160511e+00
36,7.30000000e-01,14,9.44575023e-01,1.56168894e+00
37,7.50000000e-01,14,9.44575023e-01,1.56177590e+00
38,7.70000000e-01,14,9.44575023e-01,1.56186599e+00
39,7.90000000e-01,14,9.44575023e-01,1.56195920e+00
40,8.10000000e-01,14,9.44575023e-01,1.56205555e+00
41,8.30000000e-01,14,9.44575023e-01,1.56215502e+00
42,8.50000000e-01,14,9.44575023e-01,1.56225762e+00
43,8.70000000e-01,14,9.44575023e-01,1.56236335e+00
44,8.90000000e-01,14,9.44575023e-01,1.56247220e+00
45,9.10000000e-01,14,9.44575023e-01,1.56258419e+00
46,9.30000000e-01,14,9.44575023e-01,1.56269931e+00
47,9.50000000e-01,14,9.44575023e-01,1.56281756e+00
48,9.70000000e-01,14,9.44575023e-01,1.56293894e+00
49,9.90000000e-01,14,9.44575023e-01,1.56306345e+00
50,1.01000000e+00,14,9.44575023e-01,1.56319109e+00
51,1.03000000e+00,14,9.44575023e-01,1.56332187e+00
52,1.05000000e+00,14,9.44575023e-01,1.56345578e+00
53,1.07000000e+00,14,9.44575023e-01,1.56359282e+00
54,1.09000000e+00,14,9.44575023e-01,1.56373299e+00
55,1.11000000e+00,14,9.44575023e-01,1.56387629e+00
56,1.13000000e+00,14,9.44575023e-01,1.56402274e+00
57,1.15000000e+00,14,9.44575023e-01,1.56417231e+00
58,1.17000000e+00,14,9.44575023e-01,1.56432502e+00
59,1.19000000e+00,14,9.44575023e-01,1.56448087e+00
60,1.21000000e+00,14,9.44575023e-01,1.56463985e+00
61,1.23000000e+00,14,9.44575023e-01,1.56480197e+00
62,1.25000000e+00,14,9.44575023e-01,1.56496723e+00
63,1.27000000e+00,14,9.44575023e-01,1.56513562e+00
64,1.29000000e+00,14,9.44575023e-01,1.56530716e+00
65,1.31000000e+00,14,9.44575023e-01,1.56548183e+00
66,1.33000000e+00,14,9.44575023e-01,1.56565964e+00
67,1.35000000e+00,14,9.44575023e-01,1.56584059e+00
68,1.37000000e+00,14,9.44575023e-01,1.56602468e+00
69,1.39000000e+00,14,9.44575023e-01,1.56621192e+00
70,1.41000000e+00,14,9.44575023e-01,1.56640230e+00
71,1.43000000e+00,14,9.44575023e-01,1.56659582e+00
72,1.45000000e+00,14,9.44575023e-01,1.56679248e+00
73,1.47000000e+00,14,9.44575023e-01,1.56699229e+00
74,1.49000000e+00,14,9.44575023e-01,1.56719524e+00
75,1.51000000e+00,14,9.44575023e-01,1.56740134e+00
76,1.53000000e+00,14,9.44575023e-01,1.56761058e+00
77,1.55000000e+00,14,9.44575023e-01,1.56782297e+00
78,1.57000000e+00,14,9.44575023e-01,1.56803851e+00
79,1.59000000e+00,14,9.44575023e-01,1.56825720e+00
80,1.61000000e+00,14,9.44575023e-01,1.56847903e+00
81,1.63000000e+00,14,9.44575023e-01,1.56870402e+00
82,1.65000000e+00,14,9.44575023e-01,1.56893216e+00
83,1.67000000e+00,14,9.44575023e-01,1.56916345e+00
84,1.69000000e+00,14,9.44575023e-01,1.56939789e+00
85,1.71000000e+00,14,9.44575023e-01,1.56963549e+00
86,1.73000000e+00,14,9.44575023e-01,1.56987623e+00
87,1.75000000e+00,14,9.44575023e-01,1.57012014e+00
88,1.77000000e+00,14,9.44575023e-01,1.57036720e+00
89,1.79000000e+00,14,9.44575023e-01,1.57061742e+00
90,1.81000000e+00,14,9.44575023e-01,1.57087079e+00
91,1.83000000e+00,14,9.44575023e-01,1.57112733e+00
92,1.85000000e+00,14,9.44575023e-01,1.57138702e+00
93,1.87000000e+00,14,9.44575023e-01,1.57164987e+00
94,1.89000000e+00,14,9.44575023e-01,1.57191589e+00
95,1.91000000e+00,14,9.44575023e-01,1.57218507e+00
96,1.93000000e+00,14,9.44575023e-01,1.57245741e+00
97,1.95000000e+00,14,9.44575023e-01,1.57273291e+00
98,1.97000000e+00,14,9.44575023e-01,1.57301158e+00
99,1.99000000e+00,14,9.44575023e-01,1.57329342e+00
100,2.01000000e+00,14,9.44575023e-01,1.57357842e+00
101,2.03000000e+00,14,9.44575023e-01,1.57386659e+00
102,2.05000000e+00,14,9.44575023e-01,1.57415793e+00
103,2.07000000e+00,14,9.44575023e-01,1.57445244e+00
104,2.09000000e+00,14,9.44575023e-01,1.57475013e+00
105,2.11000000e+00,14,9.44575023e-01,1.57505098e+00
106,2.13000000e+00,14,9.44575023e-01,1.57535501e+00
107,2.15000000e+00,14,9.44575023e-01,1.57566221e+00
108,2.17000000e+00,14,9.44575023e-01,1.57597259e+00
109,2.19000000e+00,14,9.44575023e-01,1.57628615e+00
110,2.21000000e+00,14,9.44575023e-01,1.57660288e+00
111,2.23000000e+00,14,9.44575023e-01,1.57692279e+00
112,2.25000000e+00,14,9.44575023e-01,1.57724589e+00
113,2.27000000e+00,14,9.44575023e-01,1.57757216e+00
114,2.29000000e+00,14,9.44575023e-01,1.57790162e+00
115,2.31000000e+00,14,9.44575023e-01,1.57823426e+00
116,2.33000000e+00,14,9.44575023e-01,1.57857008e+00
117,2.35000000e+00,14,9.44575023e-01,1.57890909e+00
118,2.37000000e+00,14,9.44575023e-01,1.57925129e+00
119,2.39000000e+00,14,9.44575023e-01,1.57959668e+00
120,2.41000000e+00,14,9.44575023e-01,1.57994525e+00
121,2.43000000e+00,14,9.44575023e-01,1.58029702e+00
122,2.45000000e+00,14,9.44575023e-01,1.58065198e+00
123,2.47000000e+00,14,9.44575023e-01,1.58101014e+00
124,2.49000000e+00,14,9.44575023e-01,1.58137148e+00
125,2.51000000e+00,14,9.44575023e-01,1.58173603e+00
126,2.53000000e+00,14,9.44575023e-01,1.58210377e+00
127,2.55000000e+00,14,9.44575023e-01,1.58247471e+00
128,2.57000000e+00,14,9.44575023e-01,1.58284885e+00
129,2.59000000e+00,14,9.44575023e-01,1.58322620e+00
130,2.61000000e+00,14,9.44575023e-01,1.58360674e+00
131,2.63000000e+00,14,9.44575023e-01,1.58399049e+00
132,2.65000000e+00,14,9.44575023e-01,1.58437745e+00
133,2.67000000e+00,14,9.44575023e-01,1.58476761e+00
134,2.69000000e+00,14,9.44575023e-01,1.58516098e+00
135,2.71000000e+00,14,9.44575023e-01,1.58555756e+00
136,2.73000000e+00,14,9.44575023e-01,1.58595735e+00
137,2.75000000e+00,14,9.44575023e-01,1.58636035e+00
138,2.77000000e+00,14,9.44575023e-01,1.58676657e+00
139,2.79000000e+00,14,9.44575023e-01,1.58717601e+00
140,2.81000000e+00,14,9.44575023e-01,1.58758866e+00
141,2.83000000e+00,14,9.44575023e-01,1.58800453e+00
142,2.85000000e+00,14,9.44575023e-01,1.58842361e+00
143,2.87000000e+00,14,9.44575023e-01,1.58884593e+00
144,2.89000000e+00,14,9.44575023e-01,1.58927146e+00
145,2.91000000e+00,14,9.44575023e-01,1.58970022e+00
146,2.93000000e+00,14,9.44575023e-01,1.59013220e+00
147,2.95000000e+00,14,9.44575023e-01,1.59056741e+00
148,2.97000000e+00,14,9.44575023e-01,1.59100585e+00
149,2.99000000e+00,14,9.44575023e-01,1.59144753e+00
150,3.01000000e+00,14,9.44575023e-01,1.59189243e+00
151,3.03000000e+00,14,9.44575023e-01,1.59234057e+00
152,3.05000000e+00,14,9.44575023e-01,1.59279194e+00
153,3.07000000e+00,14,9.44575023e-01,1.59324655e+00
154,3.09000000e+00,14,9.44575023e-01,1.59370440e+00
155,3.11000000e+00,14,9.44575023e-01,1.59416549e+00
156,3.13000000e+00,14,9.44575023e-01,1.59462983e+00
157,3.15000000e+00,14,9.44575023e-01,1.59509740e+00
158,3.17000000e+00,14,9.44575023e-01,1.59556823e+00
159,3.19000000e+00,14,9.44575023e-01,1.59604230e+00
160,3.21000000e+00,14,9.44575023e-01,1.59651961e+00
161,3.23000000e+00,14,9.44575023e-01,1.59700018e+00
162,3.25000000e+00,14,9.44575023e-01,1.59748400e+00
163,3.27000000e+00,14,9.44575023e-01,1.59797108e+00
164,3.29000000e+00,14,9.44575023e-01,1.59846141e+00
165,3.31000000e+00,14,9.44575023e-01,1.59895500e+00
166,3.33000000e+00,14,9.44575023e-01,1.59945185e+00
167,3.35000000e+00,14,9.44575023e-01,1.59995196e+00
168,3.37000000e+00,14,9.44575023e-01,1.60045533e+00
169,3.39000000e+00,14,9.44575023e-01,1.60096197e+00
170,3.41000000e+00,14,9.44575023e-01,1.60147187e+00
171,3.43000000e+00,14,9.44575023e-01,1.60198504e+00
172,3.45000000e+00,14,9.44575023e-01,1.60250149e+00
173,3.47000000e+00,14,9.44575023e-01,1.60302120e+00
174,3.49000000e+00,14,9.44575023e-01,1.60354419e+00
175,3.51000000e+00,14,9.44575023e-01,1.60407046e+00
176,3.53000000e+00,14,9.44575023e-01,1.60460000e+00
177,3.55000000e+00,14,9.44575023e-01,1.60513282e+00
178,3.57000000e+00,14,9.44575023e-01,1.60566893e+00
179,3.59000000e+00,14,9.44575023e-01,1.60620832e+00
180,3.61000000e+00,14,9.44575023e-01,1.60675099e+00
181,3.63000000e+00,14,9.44575023e-01,1.60729695e+00
182,3.65000000e+00,14,9.44575023e-01,1.60784620e+00
183,3.67000000e+00,14,9.44575023e-01,1.60839875e+00
184,3.69000000e+00,14,9.44575023e-01,1.60895458e+00
185,3.71000000e+00,14,9.44575023e-01,1.60951371e+00
186,3.73000000e+00,14,9.44575023e-01,1.61007614e+00
187,3.75000000e+00,14,9.44575023e-01,1.61064187e+00
188,3.77000000e+00,14,9.44575023e-01,1.61121090e+00
189,3.79000000e+00,14,9.44575023e-01,1.61178324e+00
190,3.81000000e+00,14,9.44575023e-01,1.61235888e+00
191,3.83000000e+00,14,9.44575023e-01,1.61293782e+00
192,3.85000000e+00,14,9.44575023e-01,1.61352008e+00
193,3.87000000e+00,14,9.44575023e-01,1.61410565e+00
194,3.89000000e+00,14,9.44575023e-01,1.61469453e+00
195,3.91000000e+00,14,9.44575023e-01,1.61528673e+00
196,3.93000000e+00,14,9.44575023e-01,1.61588225e+00
197,3.95000000e+00,14,9.44575023e-01,1.61648109e+00
198,3.97000000e+00,14,9.44575023e-01,1.61708325e+00
199,3.99000000e+00,14,9.44575023e-01,1.61768874e+00
200,4.01000000e+00,14,9.44575023e-01,1.61829755e+00
201,4.03000000e+00,14,9.44575023e-01,1.61890969e+00
202,4.05000000e+00,14,9.44575023e-01,1.61952517e+00
203,4.07000000e+00,14,9.44575023e-01,1.62014397e+00
204,4.09000000e+00,14,9.44575023e-01,1.62076612e+00
205,4.11000000e+00,14,9.44575023e-01,1.62139160e+00
206,4.13000000e+00,14,9.44575023e-01,1.62202042e+00
207,4.15000000e+00,14,9.44575023e-01,1.62265258e+00
208,4.17000000e+00,14,9.44575023e-01,1.62328809e+00
209,4.19000000e+00,14,9.44575023e-01,1.62392695e+00
210,4.21000000e+00,14,9.44575023e-01,1.62456916e+00
211,4.23000000e+00,14,9.44575023e-01,1.62521471e+00
212,4.25000000e+00,14,9.44575023e-01,1.62586363e+00
213,4.27000000e+00,14,9.44575023e-01,1.62651590e+00
214,4.29000000e+00,14,9.44575023e-01,1.62717152e+00
215,4.31000000e+00,14,9.44575023e-01,1.62783051e+00
216,4.33000000e+00,14,9.44575023e-01,1.62849287e+00
217,4.35000000e+00,14,9.44575023e-01,1.62915859e+00
218,4.37000000e+00,14,9.44575023e-01,1.62982767e+00
219,4.39000000e+00,14,9.44575023e-01,1.63050013e+00
220,4.41000000e+00,14,9.44575023e-01,1.63117596e+00
221,4.43000000e+00,14,9.44575023e-01,1.63185517e+00
222,4.45000000e+00,14,9.44575023e-01,1.63253776e+00
223,4.47000000e+00,14,9.44575023e-01,1.63322372e+00
224,4.49000000e+00,14,9.44575023e-01,1.63391307e+00
225,4.51000000e+00,14,9.44575023e-01,1.63460581e+00
226,4.53000000e+00,14,9.44575023e-01,1.63530193e+00
227,4.55000000e+00,14,9.44575023e-01,1.63600145e+00
228,4.57000000e+00,14,9.44575023e-01,1.63670436e+00
229,4.59000000e+00,14,9.44575023e-01,1.63741066e+00
230,4.61000000e+00,14,9.44575023e-01,1.63812036e+00
231,4.63000000e+00,14,9.44575023e-01,1.63883346e+00
232,4.65000000e+00,14,9.44575023e-01,1.63954997e+00
233,4.67000000e+00,14,9.44575023e-01,1.64026988e+00
234,4.69000000e+00,14,9.44575023e-01,1.64099320e+00
235,4.71000000e+00,14,9.44575023e-01,1.64171993e+00
236,4.73000000e+00,14,9.44575023e-01,1.64245008e+00
237,4.75000000e+00,14,9.44575023e-01,1.64318364e+00
238,4.77000000e+00,14,9.44575023e-01,1.64392063e+00
239,4.79000000e+00,14,9.44575023e-01,1.64466103e+00
240,4.81000000e+00,14,9.44575023e-01,1.64540486e+00
241,4.83000000e+00,14,9.44575023e-01,1.64615211e+00
242,4.85000000e+00,14,9.44575023e-01,1.64690280e+00
243,4.87000000e+00,14,9.44575023e-01,1.64765692e+00
244,4.89000000e+00,14,9.44575023e-01,1.64841447e+00
245,4.91000000e+00,14,9.44575023e-01,1.64917546e+00
246,4.93000000e+00,14,9.44575023e-01,1.64993990e+00
247,4.95000000e+00,14,9.44575023e-01,1.65070777e+00
248,4.97000000e+00,14,9.44575023e-01,1.65147910e+00
249,4.99000000e+00,14,9.44575023e-01,1.65225387e+00
250,5.01000000e+00,14,9.44575023e-01,1.65303209e+00
251,5.03000000e+00,14,9.44575023e-01,1.65381377e+00
252,5.05000000e+00,14,9.44575023e-01,1.65459891e+00
253,5.07000000e+00,14,9.44575023e-01,1.65538751e+00
254,5.09000000e+00,14,9.44575023e-01,1.65617957e+00
255,5.11000000e+00,14,9.44575023e-01,1.65697509e+00
256,5.13000000e+00,14,9.44575023e-01,1.65777409e+00
257,5.15000000e+00,14,9.44575023e-01,1.65857656e+00
258,5.17000000e+00,14,9.44575023e-01,1.65938250e+00
259,5.19000000e+00,14,9.44575023e-01,1.66019192e+00
260,5.21000000e+00,14,9.44575023e-01,1.66100483e+00
261,5.23000000e+00,14,9.44575023e-01,1.66182121e+00
262,5.25000000e+00,14,9.44575023e-01,1.66264108e+00
263,5.27000000e+00,14,9.44575023e-01,1.66346445e+00
264,5.29000000e+00,14,9.44575023e-01,1.66429130e+00
265,5.31000000e+00,14,9.44575023e-01,1.66512165e+00
266,5.33000000e+00,14,9.44575023e-01,1.66595550e+00
267,5.35000000e+00,14,9.44575023e-01,1.66679285e+00
268,5.37000000e+00,14,9.44575023e-01,1.66763371e+00
269,5.39000000e+00,14,9.44575023e-01,1.66847807e+00
270,5.41000000e+00,14,9.44575023e-01,1.66932595e+00
271,5.43000000e+00,14,9.44575023e-01,1.67017734e+00
272,5.45000000e+00,14,9.44575023e-01,1.67103224e+00
273,5.47000000e+00,14,9.44575023e-01,1.67189067e+00
274,5.49000000e+00,14,9.44575023e-01,1.67275262e+00
275,5.51000000e+00,14,9.44575023e-01,1.67361809e+00
276,5.53000000e+00,14,9.44575023e-01,1.67448710e+00
277,5.55000000e+00,14,9.44575023e-01,1.67535963e+00
278,5.57000000e+00,14,9.44575023e-01,1.67623571e+00
279,5.59000000e+00,14,9.44575023e-01,1.67711532e+00
280,5.61000000e+00,14,9.44575023e-01,1.67799848e+00
281,5.63000000e+00,14,9.44575023e-01,1.67888518e+00
282,5.65000000e+00,14,9.44575023e-01,1.67977542e+00
283,5.67000000e+00,14,9.44575023e-01,1.68066922e+00
284,5.69000000e+00,14,9.44575023e-01,1.68156658e+00
285,5.71000000e+00,14,9.44575023e-01,1.68246749e+00
286,5.73000000e+00,14,9.44575023e-01,1.68337197e+00
287,5.75000000e+00,14,9.44575023e-01,1.68428001e+00
288,5.77000000e+00,14,9.44575023e-01,1.68519162e+00
289,5.79000000e+00,14,9.44575023e-01,1.68610680e+00
290,5.81000000e+00,14,9.44575023e-01,1.68702555e+00
291,5.83000000e+00,14,9.44575023e-01,1.68794789e+00
292,5.85000000e+00,14,9.44575023e-01,1.68887380e+00
293,5.87000000e+00,14,9.44575023e-01,1.68980330e+00
294,5.89000000e+00,14,9.44575023e-01,1.69073639e+00
295,5.91000000e+00,14,9.44575023e-01,1.69167307e+00
296,5.93000000e+00,14,9.44575023e-01,1.69261334e+00
297,5.95000000e+00,14,9.44575023e-01,1.69355722e+00
298,5.97000000e+00,14,9.44575023e-01,1.69450469e+00
299,5.99000000e+00,14,9.44575023e-01,1.69545577e+00
300,6.01000000e+00,14,9.44575023e-01,1.69641046e+00
301,6.03000000e+00,14,9.44575023e-01,1.69736876e+00
302,6.05000000e+00,14,9.44575023e-01,1.69833068e+00
303,6.07000000e+00,14,9.44575023e-01,1.69929621e+00
304,6.09000000e+00,14,9.44575023e-01,1.70026537e+00
305,6.11000000e+00,14,9.44575023e-01,1.70123816e+00
306,6.13000000e+00,14,9.44575023e-01,1.70221457e+00
307,6.15000000e+00,14,9.44575023e-01,1.70319462e+00
308,6.17000000e+00,14,9.44575023e-01,1.70417831e+00
309,6.19000000e+00,14,9.44575023e-01,1.70516563e+00
310,6.21000000e+00,14,9.44575023e-01,1.70615660e+00
311,6.23000000e+00,14,9.44575023e-01,1.70715122e+00
312,6.25000000e+00,14,9.44575023e-01,1.70814949e+00
313,6.27000000e+00,14,9.44575023e-01,1.70915141e+00
314,6.29000000e+00,14,9.44575023e-01,1.71015700e+00
315,6.31000000e+00,14,9.44575023e-01,1.71116624e+00
316,6.33000000e+00,14,9.44575023e-01,1.71217915e+00
317,6.35000000e+00,14,9.44575023e-01,1.71319573e+00
318,6.37000000e+00,14,9.44575023e-01,1.71421598e+00
319,6.39000000e+00,14,9.44575023e-01,1.71523991e+00
320,6.41000000e+00,14,9.44575023e-01,1.71626752e+00
321,6.43000000e+00,14,9.44575023e-01,1.71729882e+00
322,6.45000000e+00,14,9.44575023e-01,1.71833380e+00
323,6.47000000e+00,14,9.44575023e-01,1.71937248e+00
324,6.49000000e+00,14,9.44575023e-01,1.72041485e+00
325,6.51000000e+00,14,9.44575023e-01,1.72146092e+00
326,6.53000000e+00,14,9.44575023e-01,1.72251070e+00
327,6.55000000e+00,14,9.44575023e-01,1.72356418e+00
328,6.57000000e+00,14,9.44575023e-01,1.72462137e+00
329,6.59000000e+00,14,9.44575023e-01,1.72568228e+00
330,6.61000000e+00,14,9.44575023e-01,1.72674690e+00
331,6.63000000e+00,14,9.44575023e-01,1.72781525e+00
332,6.65000000e+00,14,9.44575023e-01,1.72888733e+00
333,6.67000000e+00,14,9.44575023e-01,1.72996313e+00
334,6.69000000e+00,14,9.44575023e-01,1.73104267e+00
335,6.71000000e+00,14,9.44575023e-01,1.73212595e+00
336,6.73000000e+00,14,9.44575023e-01,1.73321297e+00
337,6.75000000e+00,14,9.44575023e-01,1.73430374e+00
338,6.77000000e+00,14,9.44575023e-01,1.73539825e+00
339,6.79000000e+00,14,9.44575023e-01,1.73649652e+00
340,6.81000000e+00,14,9.44575023e-01,1.73759855e+00
341,6.83000000e+00,14,9.44575023e-01,1.73870434e+00
342,6.85000000e+00,14,9.44575023e-01,1.73981390e+00
343,6.87000000e+00,14,9.44575023e-01,1.74092722e+00
344,6.89000000e+00,14,9.44575023e-01,1.74204433e+00
345,6.91000000e+00,14,9.44575023e-01,1.74316520e+00
346,6.93000000e+00,14,9.44575023e-01,1.74428987e+00
347,6.95000000e+00,14,9.44575023e-01,1.74541831e+00
348,6.97000000e+00,14,9.44575023e-01,1.74655055e+00
349,6.99000000e+00,14,9.44575023e-01,1.74768659e+00
350,7.01000000e+00,14,9.44575023e-01,1.74882642e+00
351,7.03000000e+00,14,9.44575023e-01,1.74997006e+00
352,7.05000000e+00,14,9.44575023e-01,1.75111750e+00
353,7.07000000e+00,14,9.44575023e-01,1.75226875e+00
354,7.09000000e+00,14,9.44575023e-01,1.75342382e+00
355,7.11000000e+00,14,9.44575023e-01,1.75458271e+00
356,7.13000000e+00,14,9.44575023e-01,1.75574542e+00
357,7.15000000e+00,14,9.44575023e-01,1.75691197e+00
358,7.17000000e+00,14,9.44575023e-01,1.75808234e+00
359,7.19000000e+00,14,9.44575023e-01,1.75925655e+00
360,7.21000000e+00,14,9.44575023e-01,1.76043460e+00
361,7.23000000e+00,14,9.44575023e-01,1.76161650e+00
362,7.25000000e+00,14,9.44575023e-01,1.76280225e+00
363,7.27000000e+00,14,9.44575023e-01,1.76399185e+00
364,7.29000000e+00,14,9.44575023e-01,1.76518531e+00
365,7.31000000e+00,14,9.44575023e-01,1.76638263e+00
366,7.33000000e+00,14,9.44575023e-01,1.76758382e+00
367,7.35000000e+00,14,9.44575023e-01,1.76878888e+00
368,7.37000000e+00,14,9.44575023e-01,1.76999782e+00
369,7.39000000e+00,14,9.44575023e-01,1.77121063e+00
370,7.41000000e+00,14,9.44575023e-01,1.77242734e+00
371,7.43000000e+00,14,9.44575023e-01,1.77364793e+00
372,7.45000000e+00,14,9.44575023e-01,1.77487241e+00
373,7.47000000e+00,14,9.44575023e-01,1.77610079e+00
374,7.49000000e+00,14,9.44575023e-01,1.77733308e+00
375,7.51000000e+00,14,9.44575023e-01,1.77856927e+00
376,7.53000000e+00,14,9.44575023e-01,1.77980938e+00
377,7.55000000e+00,14,9.44575023e-01,1.78105340e+00
378,7.57000000e+00,14,9.44575023e-01,1.78230134e+00
379,7.59000000e+00,14,9.44575023e-01,1.78355320e+00
380,7.61000000e+00,14,9.44575023e-01,1.78480900e+00
381,7.63000000e+00,14,9.44575023e-01,1.78606873e+00
382,7.65000000e+00,14,9.44575023e-01,1.78733240e+00
383,7.67000000e+00,14,9.44575023e-01,1.78860001e+00
384,7.69000000e+00,14,9.44575023e-01,1.78987158e+00
385,7.71000000e+00,14,9.44575023e-01,1.79114709e+00
386,7.73000000e+00,14,9.44575023e-01,1.79242657e+00
387,7.75000000e+00,14,9.44575023e-01,1.79371000e+00
388,7.77000000e+00,14,9.44575023e-01,1.79499740e+00
389,7.79000000e+00,14,9.44575023e-01,1.79628878e+00
390,7.81000000e+00,14,9.44575023e-01,1.79758413e+00
391,7.83000000e+00,14,9.44575023e-01,1.79888346e+00
392,7.85000000e+00,14,9.44575023e-01,1.80018678e+00
393,7.87000000e+00,14,9.44575023e-01,1.80149409e+00
394,7.89000000e+00,14,9.44575023e-01,1.80280540e+00
395,7.91000000e+00,14,9.44575023e-01,1.80412070e+00
396,7.93000000e+00,14,9.44575023e-01,1.80544002e+00
397,7.95000000e+00,14,9.44575023e-01,1.80676334e+00
398,7.97000000e+00,14,9.44575023e-01,1.80809068e+00
399,7.99000000e+00,14,9.44575023e-01,1.80942203e+00
400,8.01000000e+00,14,9.44575023e-01,1.81075742e+00
401,8.03000000e+00,14,9.44575023e-01,1.81209683e+00
402,8.05000000e+00,14,9.44575023e-01,1.81344028e+00
403,8.07000000e+00,14,9.44575023e-01,1.81478776e+00
404,8.09000000e+00,14,9.44575023e-01,1.81613930e+00
405,8.11000000e+00,14,9.44575023e-01,1.81749488e+00
406,8.13000000e+00,14,9.44575023e-01,1.81885452e+00
407,8.15000000e+00,14,9.44575023e-01,1.82021821e+00
408,8.17000000e+00,14,9.44575023e-01,1.82158597e+00
409,8.19000000e+00,14,9.44575023e-01,1.82295781e+00
410,8.21000000e+00,14,9.44575023e-01,1.82433371e+00
411,8.23000000e+00,14,9.44575023e-01,1.82571370e+00
412,8.25000000e+00,14,9.44575023e-01,1.82709777e+00
413,8.27000000e+00,14,9.44575023e-01,1.82848593e+00
414,8.29000000e+00,14,9.44575023e-01,1.82987818e+00
415,8.31000000e+00,14,9.44575023e-01,1.83127454e+00
416,8.33000000e+00,14,9.44575023e-01,1.83267500e+00
417,8.35000000e+00,14,9.44575023e-01,1.83407956e+00
418,8.37000000e+00,14,9.44575023e-01,1.83548825e+00
419,8.39000000e+00,14,9.44575023e-01,1.83690105e+00
420,8.41000000e+00,14,9.44575023e-01,1.83831798e+00
421,8.43000000e+00,14,9.44575023e-01,1.83973904e+00
422,8.45000000e+00,14,9.44575023e-01,1.84116423e+00
423,8.47000000e+00,14,9.44575023e-01,1.84259356e+00
424,8.49000000e+00,14,9.44575023e-01,1.84402704e+00
425,8.51000000e+00,14,9.44575023e-01,1.84546466e+00
426,8.53000000e+00,14,9.44575023e-01,1.84690644e+00
427,8.55000000e+00,14,9.44575023e-01,1.84835238e+00
428,8.57000000e+00,14,9.44575023e-01,1.84980248e+00
429,8.59000000e+00,14,9.44575023e-01,1.85125674e+00
430,8.61000000e+00,14,9.44575023e-01,1.85271518e+00
431,8.63000000e+00,14,9.44575023e-01,1.85417780e+00
432,8.65000000e+00,14,9.44575023e-01,1.85564459e+00
433,8.67000000e+00,14,9.44575023e-01,1.85711558e+00
434,8.69000000e+00,14,9.44575023e-01,1.85859075e+00
435,8.71000000e+00,14,9.44575023e-01,1.86007012e+00
436,8.73000000e+00,14,9.44575023e-01,1.86155368e+00
437,8.75000000e+00,14,9.44575023e-01,1.86304145e+00
438,8.77000000e+00,14,9.44575023e-01,1.86453343e+00
439,8.79000000e+00,14,9.44575023e-01,1.86602962e+00
440,8.81000000e+00,14,9.44575023e-01,1.86753002e+00
441,8.83000000e+00,14,9.44575023e-01,1.86903465e+00
442,8.85000000e+00,14,9.44575023e-01,1.87054350e+00
443,8.87000000e+00,14,9.44575023e-01,1.87205658e+00
444,8.89000000e+00,14,9.44575023e-01,1.87357390e+00
445,8.91000000e+00,14,9.44575023e-01,1.87509545e+00
446,8.93000000e+00,14,9.44575023e-01,1.87662125e+00
447,8.95000000e+00,14,9.44575023e-01,1.87815131e+00
448,8.97000000e+00,14,9.44575023e-01,1.87968562e+00
449,8.99000000e+00,14,9.44575023e-01,1.88122420e+00
450,9.01000000e+00,14,9.44575023e-01,1.88276705e+00
451,9.03000000e+00,14,9.44575023e-01,1.88431418e+00
452,9.05000000e+00,14,9.44575023e-01,1.88586560e+00
453,9.07000000e+00,14,9.44575023e-01,1.88742132e+00
454,9.09000000e+00,14,9.44575023e-01,1.88898136e+00
455,9.11000000e+00,14,9.44575023e-01,1.89054572e+00
456,9.13000000e+00,14,9.44575023e-01,1.89211443e+00
457,9.15000000e+00,14,9.44575023e-01,1.89368749e+00
458,9.17000000e+00,14,9.44575023e-01,1.89526493e+00
459,9.19000000e+00,14,9.44575023e-01,1.89684677e+00
460,9.21000000e+00,14,9.44575023e-01,1.89843302e+00
461,9.23000000e+00,14,9.44575023e-01,1.90002372e+00
462,9.25000000e+00,14,9.44575023e-01,1.90161889e+00
463,9.27000000e+00,14,9.44575023e-01,1.90321857e+00
464,9.29000000e+00,14,9.44575023e-01,1.90482278e+00
465,9.31000000e+00,14,9.44575023e-01,1.90643156e+00
466,9.33000000e+00,14,9.44575023e-01,1.90804495e+00
467,9.35000000e+00,14,9.44575023e-01,1.90966300e+00
468,9.37000000e+00,14,9.44575023e-01,1.91128573e+00
469,9.39000000e+00,14,9.44575023e-01,1.91291320e+00
470,9.41000000e+00,14,9.44575023e-01,1.91454544e+00
471,9.43000000e+00,14,9.44575023e-01,1.91618251e+00
472,9.45000000e+00,14,9.44575023e-01,1.91782444e+00
473,9.47000000e+00,14,9.44575023e-01,1.91947127e+00
474,9.49000000e+00,14,9.44575023e-01,1.92112304e+00
475,9.51000000e+00,14,9.44575023e-01,1.92277977e+00
476,9.53000000e+00,14,9.44575023e-01,1.92444147e+00
477,9.55000000e+00,14,9.44575023e-01,1.92610816e+00
478,9.57000000e+00,14,9.44575023e-01,1.92777981e+00
479,9.59000000e+00,14,9.44575023e-01,1.92945641e+00
480,9.61000000e+00,14,9.44575023e-01,1.93113791e+00
481,9.63000000e+00,14,9.44575023e-01,1.93282422e+00
482,9.65000000e+00,14,9.44575023e-01,1.93451526e+00
483,9.67000000e+00,14,9.44575023e-01,1.93621090e+00
484,9.69000000e+00,14,9.44575023e-01,1.93791097e+00
485,9.71000000e+00,14,9.44575023e-01,1.93961530e+00
486,9.73000000e+00,14,9.44575023e-01,1.94132367e+00
487,9.75000000e+00,14,9.44575023e-01,1.94303584e+00
488,9.77000000e+00,14,9.44575023e-01,1.94475154e+00
489,9.79000000e+00,14,9.44575023e-01,1.94647045e+00
490,9.81000000e+00,14,9.44575023e-01,1.94819220e+00
491,9.83000000e+00,14,9.44575023e-01,1.94991631e+00
492,9.85000000e+00,14,9.44575023e-01,1.95164216e+00
493,9.87000000e+00,14,9.44575023e-01,1.95336900e+00
494,9.89000000e+00,14,9.44575023e-01,1.95509657e+00
495,9.91000000e+00,14,9.44575023e-01,1.95682843e+00
496,9.93000000e+00,14,9.44575023e-01,1.95858708e+00
497,9.95000000e+00,14,9.44575023e-01,1.96047624e+00
498,9.97000000e+00,14,9.44575023e-01,1.96292515e+00
499,9.99000000e+00,14,9.44575023e-01,1.96762980e+00
0,1.00000000e-02,15,9.89400935e-01,1.56063980e+00
1,3.00000000e-02,15,9.89400935e-01,1.56061558e+00
2,5.00000000e-02,15,9.89400935e-01,1.56058985e+00
3,7.00000000e-02,15,9.89400935e-01,1.56056771e+00
4,9.00000000e-02,15,9.89400935e-01,1.56054970e+00
5,1.10000000e-01,15,9.89400935e-01,1.56053509e+00
6,1.30000000e-01,15,9.89400935e-01,1.56052273e+00
7,1.50000000e-01,15,9.89400935e-01,1.56051319e+00
8,1.70000000e-01,15,9.89400935e-01,1.56050847e+00
9,1.90000000e-01,15,9.89400935e-01,1.56050614e+00
10,2.10000000e-01,15,9.89400935e-01,1.56050603e+00
11,2.30000000e-01,15,9.89400935e-01,1.56051070e+00
12,2.50000000e-01,15,9.89400935e-01,1.56051681e+00
13,2.70000000e-01,15,9.89400935e-01,1.56052739e+00
14,2.90000000e-01,15,9.89400935e-01,1.56054011e+00
15,3.10000000e-01,15,9.89400935e-01,1.56055662e+00
16,3.30000000e-01,15,9.89400935e-01,1.56057581e+00
17,3.50000000e-01,15,9.89400935e-01,1.56059840e+00
18,3.70000000e-01,15,9.89400935e-01,1.56062394e+00
19,3.90000000e-01,15,9.89400935e-01,1.56065271e+00
20,4.10000000e-01,15,9.89400935e-01,1.56068454e+00
21,4.30000000e-01,15,9.89400935e-01,1.56071953e+00
22,4.50000000e-01,15,9.89400935e-01,1.56075763e+00
23,4.70000000e-01,15,9.89400935e-01,1.56079886e+00
24,4.90000000e-01,15,9.89400935e-01,1.56084321e+00
25,5.10000000e-01,15,9.89400935e-01,1.56089069e+00
26,5.30000000e-01,15,9.89400935e-01,1.56094130e+00
27,5.50000000e-01,15,9.89400935e-01,1.56099503e+00
28,5.70000000e-01,15,9.89400935e-01,1.56105189e+00
29,5.90000000e-01,15,9.89400935e-01,1.56111187e+00
30,6.10000000e-01,15,9.89400935e-01,1.56117498e+00
31,6.30000000e-01,15,9.89400935e-01,1.56124122e+00
32,6.50000000e-01,15,9.89400935e-01,1.56131058e+00
33,6.70000000e-01,15,9.89400935e-01,1.56138307e+00
34,6.90000000e-01,15,9.89400935e-01,1.56145869e+00
35,7.10000000e-01,15,9.89400935e-01,1.56153744e+00
36,7.30000000e-01,15,9.89400935e-01,1.56161931e+00
37,7.50000000e-01,15,9.89400935e-01,1.56170431e+00
38,7.70000000e-01,15,9.89400935e-01,1.56179244e+00
39,7.90000000e-01,15,9.89400935e-01,1.56188369e+00
40,8.10000000e-01,15,9.89400935e-01,1.56197808e+00
41,8.30000000e-01,15,9.89400935e-01,1.56207559e+00
42,8.50000000e-01,15,9.89400935e-01,1.56217624e+00
43,8.70000000e-01,15,9.89400935e-01,1.56228001e+00
44,8.90000000e-01,15,9.89400935e-01,1.56238691e+00
45,9.10000000e-01,15,9.89400935e-01,1.56249694e+00
46,9.30000000e-01,15,9.89400935e-01,1.56261010e+00
47,9.50000000e-01,15,9.89400935e-01,1.56272639e+00
48,9.70000000e-01,15,9.89400935e-01,1.56284582e+00
49,9.90000000e-01,15,9.89400935e-01,1.56296837e+00
50,1.01000000e+00,15,9.89400935e-01,1.56309406e+00
51,1.03000000e+00,15,9.89400935e-01,1.56322287e+00
52,1.05000000e+00,15,9.89400935e-01,1.56335482e+00
53,1.07000000e+00,15,9.89400935e-01,1.56348991e+00
54,1.09000000e+00,15,9.89400935e-01,1.56362812e+00
55,1.11000000e+00,15,9.89400935e-01,1.56376947e+00
56,1.13000000e+00,15,9.89400935e-01,1.56391396e+00
57,1.15000000e+00,15,9.89400935e-01,1.56406157e+00
58,1.17000000e+00,15,9.89400935e-01,1.56421233e+00
59,1.19000000e+00,15,9.89400935e-01,1.56436622e+00
60,1.21000000e+00,15,9.89400935e-01,1.56452324e+00
61,1.23000000e+00,15,9.89400935e-01,1.56468340e+00
62,1.25000000e+00,15,9.89400935e-01,1.56484670e+00
63,1.27000000e+00,15,9.89400935e-01,1.56501314e+00
64,1.29000000e+00,15,9.89400935e-01,1.56518271e+00
65,1.31000000e+00,15,9.89400935e-01,1.56535543e+00
66,1.33000000e+00,15,9.89400935e-01,1.56553128e+00
67,1.35000000e+00,15,9.89400935e-01,1.56571027e+00
68,1.37000000e+00,15,9.89400935e-01,1.56589241e+00
69,1.39000000e+00,15,9.89400935e-01,1.56607768e+00
70,1.41000000e+00,15,9.89400935e-01,1.56626610e+00
71,1.43000000e+00,15,9.89400935e-01,1.56645766e+00
72,1.45000000e+00,15,9.89400935e-01,1.56665236e+00
73,1.47000000e+00,15,9.89400935e-01,1.56685021e+00
74,1.49000000e+00,15,9.89400935e-01,1.56705120e+00
75,1.51000000e+00,15,9.89400935e-01,1.56725534e+00
76,1.53000000e+00,15,9.89400935e-01,1.56746262e+00
77,1.55000000e+00,15,9.89400935e-01,1.56767305e+00
78,1.57000000e+00,15,9.89400935e-01,1.56788663e+00
79,1.59000000e+00,15,9.89400935e-01,1.56810335e+00
80,1.61000000e+00,15,9.89400935e-01,1.56832323e+00
81,1.63000000e+00,15,9.89400935e-01,1.56854625e+00
82,1.65000000e+00,15,9.89400935e-01,1.56877242e+00
83,1.67000000e+00,15,9.89400935e-01,1.56900175e+00
84,1.69000000e+00,15,9.89400935e-01,1.56923423e+00
85,1.71000000e+00,15,9.89400935e-01,1.56946986e+00
86,1.73000000e+00,15,9.89400935e-01,1.56970864e+00
87,1.75000000e+00,15,9.89400935e-01,1.56995058e+00
88,1.77000000e+00,15,9.89400935e-01,1.57019568e+00
89,1.79000000e+00,15,9.89400935e-01,1.57044393e+00
90,1.81000000e+00,15,9.89400935e-01,1.57069534e+00
91,1.83000000e+00,15,9.89400935e-01,1.57094990e+00
92,1.85000000e+00,15,9.89400935e-01,1.57120763e+00
93,1.87000000e+00,15,9.89400935e-01,1.57146852e+00
94,1.89000000e+00,15,9.89400935e-01,1.57173256e+00
95,1.91000000e+00,15,9.89400935e-01,1.57199977e+00
96,1.93000000e+00,15,9.89400935e-01,1.57227014e+00
97,1.95000000e+00,15,9.89400935e-01,1.57254368e+00
98,1.97000000e+00,15,9.89400935e-01,1.57282037e+00
99,1.99000000e+00,15,9.89400935e-01,1.57310024e+00
100,2.01000000e+00,15,9.89400935e-01,1.57338327e+00
101,2.03000000e+00,15,9.89400935e-01,1.57366947e+00
102,2.05000000e+00,15,9.89400935e-01,1.57395884e+00
103,2.07000000e+00,15,9.89400935e-01,1.57425138e+00
104,2.09000000e+00,15,9.89400935e-01,1.57454708e+00
105,2.11000000e+00,15,9.89400935e-01,1.57484596e+00
106,2.13000000e+00,15,9.89400935e-01,1.57514802e+00
107,2.15000000e+00,15,9.89400935e-01,1.57545325e+00
108,2.17000000e+00,15,9.89400935e-01,1.57576165e+00
109,2.19000000e+00,15,9.89400935e-01,1.57607323e+00
110,2.21000000e+00,15,9.89400935e-01,1.57638798e+00
111,2.23000000e+00,15,9.89400935e-01,1.57670592e+00
112,2.25000000e+00,15,9.89400935e-01,1.57702703e+00
113,2.27000000e+00,15,9.89400935e-01,1.57735132e+00
114,2.29000000e+00,15,9.89400935e-01,1.57767880e+00
115,2.31000000e+00,15,9.89400935e-01,1.57800946e+00
116,2.33000000e+00,15,9.89400935e-01,1.57834330e+00
117,2.35000000e+00,15,9.89400935e-01,1.57868033e+00
118,2.37000000e+00,15,9.89400935e-01,1.57902055e+00
119,2.39000000e+00,15,9.89400935e-01,1.57936395e+00
120,2.41000000e+00,15,9.89400935e-01,1.57971054e+00
121,2.43000000e+00,15,9.89400935e-01,1.58006032e+00
122,2.45000000e+00,15,9.89400935e-01,1.58041330e+00
123,2.47000000e+00,15,9.89400935e-01,1.58076947e+00
124,2.49000000e+00,15,9.89400935e-01,1.58112883e+00
125,2.51000000e+00,15,9.89400935e-01,1.58149138e+00
126,2.53000000e+00,15,9.89400935e-01,1.58185714e+00
127,2.55000000e+00,15,9.89400935e-01,1.58222609e+00
128,2.57000000e+00,15,9.89400935e-01,1.58259824e+00
129,2.59000000e+00,15,9.89400935e-01,1.58297359e+00
130,2.61000000e+00,15,9.89400935e-01,1.58335214e+00
131,2.63000000e+00,15,9.89400935e-01,1.58373390e+00
132,2.65000000e+00,15,9.89400935e-01,1.58411886e+00
133,2.67000000e+00,15,9.89400935e-01,1.58450703e+00
134,2.69000000e+00,15,9.89400935e-01,1.58489840e+00
135,2.71000000e+00,15,9.89400935e-01,1.58529299e+00
136,2.73000000e+00,15,9.89400935e-01,1.58569078e+00
137,2.75000000e+00,15,9.89400935e-01,1.58609179e+00
138,2.77000000e+00,15,9.89400935e-01,1.58649601e+00
139,2.79000000e+00,15,9.89400935e-01,1.58690344e+00
140,2.81000000e+00,15,9.89400935e-01,1.58731409e+00
141,2.83000000e+00,15,9.89400935e-01,1.58772796e+00
142,2.85000000e+00,15,9.89400935e-01,1.58814504e+00
143,2.87000000e+00,15,9.89400935e-01,1.58856535e+00
144,2.89000000e+00,15,9.89400935e-01,1.58898888e+00
145,2.91000000e+00,15,9.89400935e-01,1.58941563e+00
146,2.93000000e+00,15,9.89400935e-01,1.58984561e+00
147,2.95000000e+00,15,9.89400935e-01,1.59027882e+00
148,2.97000000e+00,15,9.89400935e-01,1.59071525e+00
149,2.99000000e+00,15,9.89400935e-01,1.59115491e+00
150,3.01000000e+00,15,9.89400935e-01,1.59159781e+00
151,3.03000000e+00,15,9.89400935e-01,1.59204394e+00
152,3.05000000e+00,15,9.89400935e-01,1.59249330e+00
153,3.07000000e+00,15,9.89400935e-01,1.59294590e+00
154,3.09000000e+00,15,9.89400935e-01,1.59340173e+00
155,3.11000000e+00,15,9.89400935e-01,1.59386081e+00
156,3.13000000e+00,15,9.89400935e-01,1.59432313e+00
157,3.15000000e+00,15,9.89400935e-01,1.59478869e+00
158,3.17000000e+00,15,9.89400935e-01,1.59525749e+00
159,3.19000000e+00,15,9.89400935e-01,1.59572954e+00
160,3.21000000e+00,15,9.89400935e-01,1.59620484e+00
161,3.23000000e+00,15,9.89400935e-01,1.59668339e+00
162,3.25000000e+00,15,9.89400935e-01,1.59716519e+00
163,3.27000000e+00,15,9.89400935e-01,1.59765024e+00
164,3.29000000e+00,15,9.89400935e-01,1.59813855e+00
165,3.31000000e+00,15,9.89400935e-01,1.59863011e+00
166,3.33000000e+00,15,9.89400935e-01,1.59912493e+00
167,3.35000000e+00,15,9.89400935e-01,1.59962302e+00
168,3.37000000e+00,15,9.89400935e-01,1.60012436e+00
169,3.39000000e+00,15,9.89400935e-01,1.60062897e+00
170,3.41000000e+00,15,9.89400935e-01,1.60113684e+00
171,3.43000000e+00,15,9.89400935e-01,1.60164798e+00
172,3.45000000e+00,15,9.89400935e-01,1.60216239e+00
173,3.47000000e+00,15,9.89400935e-01,1.60268008e+00
174,3.49000000e+00,15,9.89400935e-01,1.60320103e+00
175,3.51000000e+00,15,9.89400935e-01,1.60372526e+00
176,3.53000000e+00,15,9.89400935e-01,1.60425277e+00
177,3.55000000e+00,15,9.89400935e-01,1.60478355e+00
178,3.57000000e+00,15,9.89400935e-01,1.60531762e+00
179,3.59000000e+00,15,9.89400935e-01,1.60585496e+00
180,3.61000000e+00,15,9.89400935e-01,1.60639560e+00
181,3.63000000e+00,15,9.89400935e-01,1.60693951e+00
182,3.65000000e+00,15,9.89400935e-01,1.60748672e+00
183,3.67000000e+00,15,9.89400935e-01,1.60803722e+00
184,3.69000000e+00,15,9.89400935e-01,1.60859101e+00
185,3.71000000e+00,15,9.89400935e-01,1.60914809e+00
186,3.73000000e+00,15,9.89400935e-01,1.60970847e+00
187,3.75000000e+00,15,9.89400935e-01,1.61027215e+00
188,3.77000000e+00,15,9.89400935e-01,1.61083913e+00
189,3.79000000e+00,15,9.89400935e-01,1.61140941e+00
190,3.81000000e+00,15,9.89400935e-01,1.61198300e+00
191,3.83000000e+00,15,9.89400935e-01,1.61255989e+00
192,3.85000000e+00,15,9.89400935e-01,1.61314009e+00
193,3.87000000e+00,15,9.89400935e-01,1.61372360e+00
194,3.89000000e+00,15,9.89400935e-01,1.61431042e+00
195,3.91000000e+00,15,9.89400935e-01,1.61490056e+00
196,3.93000000e+00,15,9.89400935e-01,1.61549402e+00
197,3.95000000e+00,15,9.89400935e-01,1.61609079e+00
198,3.97000000e+00,15,9.89400935e-01,1.61669089e+00
199,3.99000000e+00,15,9.89400935e-01,1.61729431e+00
200,4.01000000e+00,15,9.89400935e-01,1.61790106e+00
201,4.03000000e+00,15,9.89400935e-01,1.61851113e+00
202,4.05000000e+00,15,9.89400935e-01,1.61912454e+00
203,4.07000000e+00,15,9.89400935e-01,1.61974127e+00
204,4.09000000e+00,15,9.89400935e-01,1.62036134e+00
205,4.11000000e+00,15,9.89400935e-01,1.62098475e+00
206,4.13000000e+00,15,9.89400935e-01,1.62161150e+00
207,4.15000000e+00,15,9.89400935e-01,1.62224158e+00
208,4.17000000e+00,15,9.89400935e-01,1.62287502e+00
209,4.19000000e+00,15,9.89400935e-01,1.62351179e+00
210,4.21000000e+00,15,9.89400935e-01,1.62415192e+00
211,4.23000000e+00,15,9.89400935e-01,1.62479540e+00
212,4.25000000e+00,15,9.89400935e-01,1.62544222e+00
213,4.27000000e+00,15,9.89400935e-01,1.62609241e+00
214,4.29000000e+00,15,9.89400935e-01,1.62674595e+00
215,4.31000000e+00,15,9.89400935e-01,1.62740285e+00
216,4.33000000e+00,15,9.89400935e-01,1.62806312e+00
217,4.35000000e+00,15,9.89400935e-01,1.62872674e+00
218,4.37000000e+00,15,9.89400935e-01,1.62939374e+00
219,4.39000000e+00,15,9.89400935e-01,1.63006410e+00
220,4.41000000e+00,15,9.89400935e-01,1.63073784e+00
221,4.43000000e+00,15,9.89400935e-01,1.63141495e+00
222,4.45000000e+00,15,9.89400935e-01,1.63209544e+00
223,4.47000000e+00,15,9.89400935e-01,1.63277931e+00
224,4.49000000e+00,15,9.89400935e-01,1.63346655e+00
225,4.51000000e+00,15,9.89400935e-01,1.63415719e+00
226,4.53000000e+00,15,9.89400935e-01,1.63485121e+00
227,4.55000000e+00,15,9.89400935e-01,1.63554862e+00
228,4.57000000e+00,15,9.89400935e-01,1.63624942e+00
229,4.59000000e+00,15,9.89400935e-01,1.63695361e+00
230,4.61000000e+00,15,9.89400935e-01,1.63766120e+00
231,4.63000000e+00,15,9.89400935e-01,1.63837219e+00
232,4.65000000e+00,15,9.89400935e-01,1.63908658e+00
233,4.67000000e+00,15,9.89400935e-01,1.63980438e+00
234,4.69000000e+00,15,9.89400935e-01,1.64052559e+00
235,4.71000000e+00,15,9.89400935e-01,1.64125020e+00
236,4.73000000e+00,15,9.89400935e-01,1.64197823e+00
237,4.75000000e+00,15,9.89400935e-01,1.64270967e+00
238,4.77000000e+00,15,9.89400935e-01,1.64344453e+00
239,4.79000000e+00,15,9.89400935e-01,1.64418280e+00
240,4.81000000e+00,15,9.89400935e-01,1.64492451e+00
241,4.83000000e+00,15,9.89400935e-01,1.64566963e+00
242,4.85000000e+00,15,9.89400935e-01,1.64641819e+00
243,4.87000000e+00,15,9.89400935e-01,1.64717018e+00
244,4.89000000e+00,15,9.89400935e-01,1.64792560e+00
245,4.91000000e+00,15,9.89400935e-01,1.64868445e+00
246,4.93000000e+00,15,9.89400935e-01,1.64944675e+00
247,4.95000000e+00,15,9.89400935e-01,1.65021249e+00
248,4.97000000e+00,15,9.89400935e-01,1.65098167e+00
249,4.99000000e+00,15,9.89400935e-01,1.65175430e+00
250,5.01000000e+00,15,9.89400935e-01,1.65253038e+00
251,5.03000000e+00,15,9.89400935e-01,1.65330992e+00
252,5.05000000e+00,15,9.89400935e-01,1.65409291e+00
253,5.07000000e+00,15,9.89400935e-01,1.65487936e+00
254,5.09000000e+00,15,9.89400935e-01,1.65566927e+00
255,5.11000000e+00,15,9.89400935e-01,1.65646264e+00
256,5.13000000e+00,15,9.89400935e-01,1.65725949e+00
257,5.15000000e+00,15,9.89400935e-01,1.65805980e+00
258,5.17000000e+00,15,9.89400935e-01,1.65886358e+00
259,5.19000000e+00,15,9.89400935e-01,1.65967085e+00
260,5.21000000e+00,15,9.89400935e-01,1.66048159e+00
261,5.23000000e+00,15,9.89400935e-01,1.66129581e+00
262,5.25000000e+00,15,9.89400935e-01,1.66211352e+00
263,5.27000000e+00,15,9.89400935e-01,1.66293472e+00
264,5.29000000e+00,15,9.89400935e-01,1.66375940e+00
265,5.31000000e+00,15,9.89400935e-01,1.66458758e+00
266,5.33000000e+00,15,9.89400935e-01,1.66541926e+00
267,5.35000000e+00,15,9.89400935e-01,1.66625444e+00
268,5.37000000e+00,15,9.89400935e-01,1.66709312e+00
269,5.39000000e+00,15,9.89400935e-01,1.66793531e+00
270,5.41000000e+00,15,9.89400935e-01,1.66878100e+00
271,5.43000000e+00,15,9.89400935e-01,1.66963021e+00
272,5.45000000e+00,15,9.89400935e-01,1.67048293e+00
273,5.47000000e+00,15,9.89400935e-01,1.67133917e+00
274,5.49000000e+00,15,9.89400935e-01,1.67219893e+00
275,5.51000000e+00,15,9.89400935e-01,1.67306222e+00
276,5.53000000e+00,15,9.89400935e-01,1.67392903e+00
277,5.55000000e+00,15,9.89400935e-01,1.67479938e+00
278,5.57000000e+00,15,9.89400935e-01,1.67567326e+00
279,5.59000000e+00,15,9.89400935e-01,1.67655067e+00
280,5.61000000e+00,15,9.89400935e-01,1.67743163e+00
281,5.63000000e+00,15,9.89400935e-01,1.67831613e+00
282,5.65000000e+00,15,9.89400935e-01,1.67920418e+00
283,5.67000000e+00,15,9.89400935e-01,1.68009577e+00
284,5.69000000e+00,15,9.89400935e-01,1.68099092e+00
285,5.71000000e+00,15,9.89400935e-01,1.68188963e+00
286,5.73000000e+00,15,9.89400935e-01,1.68279189e+00
287,5.75000000e+00,15,9.89400935e-01,1.68369772e+00
288,5.77000000e+00,15,9.89400935e-01,1.68460711e+00
289,5.79000000e+00,15,9.89400935e-01,1.68552008e+00
290,5.81000000e+00,15,9.89400935e-01,1.68643661e+00
291,5.83000000e+00,15,9.89400935e-01,1.68735673e+00
292,5.85000000e+00,15,9.89400935e-01,1.68828042e+00
293,5.87000000e+00,15,9.89400935e-01,1.68920769e+00
294,5.89000000e+00,15,9.89400935e-01,1.69013856e+00
295,5.91000000e+00,15,9.89400935e-01,1.69107301e+00
296,5.93000000e+00,15,9.89400935e-01,1.69201105e+00
297,5.95000000e+00,15,9.89400935e-01,1.69295269e+00
298,5.97000000e+00,15,9.89400935e-01,1.69389793e+00
299,5.99000000e+00,15,9.89400935e-01,1.69484677e+00
300,6.01000000e+00,15,9.89400935e-01,1.69579922e+00
301,6.03000000e+00,15,9.89400935e-01,1.69675528e+00
302,6.05000000e+00,15,9.89400935e-01,1.69771496e+00
303,6.07000000e+00,15,9.89400935e-01,1.69867825e+00
304,6.09000000e+00,15,9.89400935e-01,1.69964516e+00
305,6.11000000e+00,15,9.89400935e-01,1.70061569e+00
306,6.13000000e+00,15,9.89400935e-01,1.70158986e+00
307,6.15000000e+00,15,9.89400935e-01,1.70256765e+00
308,6.17000000e+00,15,9.89400935e-01,1.70354908e+00
309,6.19000000e+00,15,9.89400935e-01,1.70453415e+00
310,6.21000000e+00,15,9.89400935e-01,1.70552286e+00
311,6.23000000e+00,15,9.89400935e-01,1.70651521e+00
312,6.25000000e+00,15,9.89400935e-01,1.70751121e+00
313,6.27000000e+00,15,9.89400935e-01,1.70851087e+00
314,6.29000000e+00,15,9.89400935e-01,1.70951418e+00
315,6.31000000e+00,15,9.89400935e-01,1.71052115e+00
316,6.33000000e+00,15,9.89400935e-01,1.71153179e+00
317,6.35000000e+00,15,9.89400935e-01,1.71254609e+00
318,6.37000000e+00,15,9.89400935e-01,1.71356407e+00
319,6.39000000e+00,15,9.89400935e-01,1.71458572e+00
320,6.41000000e+00,15,9.89400935e-01,1.71561105e+00
321,6.43000000e+00,15,9.89400935e-01,1.71664006e+00
322,6.45000000e+00,15,9.89400935e-01,1.71767275e+00
323,6.47000000e+00,15,9.89400935e-01,1.71870914e+00
324,6.49000000e+00,15,9.89400935e-01,1.71974922e+00
325,6.51000000e+00,15,9.89400935e-01,1.72079299e+00
326,6.53000000e+00,15,9.89400935e-01,1.72184047e+00
327,6.55000000e+00,15,9.89400935e-01,1.72289165e+00
328,6.57000000e+00,15,9.89400935e-01,1.72394654e+00
329,6.59000000e+00,15,9.89400935e-01,1.72500514e+00
330,6.61000000e+00,15,9.89400935e-01,1.72606746e+00
331,6.63000000e+00,15,9.89400935e-01,1.72713350e+00
332,6.65000000e+00,15,9.89400935e-01,1.72820327e+00
333,6.67000000e+00,15,9.89400935e-01,1.72927676e+00
334,6.69000000e+00,15,9.89400935e-01,1.73035398e+00
335,6.71000000e+00,15,9.89400935e-01,1.73143494e+00
336,6.73000000e+00,15,9.89400935e-01,1.73251964e+00
337,6.75000000e+00,15,9.89400935e-01,1.73360808e+00
338,6.77000000e+00,15,9.89400935e-01,1.73470027e+00
339,6.79000000e+00,15,9.89400935e-01,1.73579622e+00
340,6.81000000e+00,15,9.89400935e-01,1.73689591e+00
341,6.83000000e+00,15,9.89400935e-01,1.73799937e+00
342,6.85000000e+00,15,9.89400935e-01,1.73910659e+00
343,6.87000000e+00,15,9.89400935e-01,1.74021758e+00
344,6.89000000e+00,15,9.89400935e-01,1.74133234e+00
345,6.91000000e+00,15,9.89400935e-01,1.74245088e+00
346,6.93000000e+00,15,9.89400935e-01,1.74357319e+00
347,6.95000000e+00,15,9.89400935e-01,1.74469929e+00
348,6.97000000e+00,15,9.89400935e-01,1.74582918e+00
349,6.99000000e+00,15,9.89400935e-01,1.74696286e+00
350,7.01000000e+00,15,9.89400935e-01,1.74810034e+00
351,7.03000000e+00,15,9.89400935e-01,1.74924162e+00
352,7.05000000e+00,15,9.89400935e-01,1.75038670e+00
353,7.07000000e+00,15,9.89400935e-01,1.75153559e+00
354,7.09000000e+00,15,9.89400935e-01,1.75268829e+00
355,7.11000000e+00,15,9.89400935e-01,1.75384481e+00
356,7.13000000e+00,15,9.89400935e-01,1.75500516e+00
357,7.15000000e+00,15,9.89400935e-01,1.75616932e+00
358,7.17000000e+00,15,9.89400935e-01,1.75733732e+00
359,7.19000000e+00,15,9.89400935e-01,1.75850915e+00
360,7.21000000e+00,15,9.89400935e-01,1.75968482e+00
361,7.23000000e+00,15,9.89400935e-01,1.76086434e+00
362,7.25000000e+00,15,9.89400935e-01,1.76204770e+00
363,7.27000000e+00,15,9.89400935e-01,1.76323491e+00
364,7.29000000e+00,15,9.89400935e-01,1.76442598e+00
365,7.31000000e+00,15,9.89400935e-01,1.76562090e+00
366,7.33000000e+00,15,9.89400935e-01,1.76681970e+00
367,7.35000000e+00,15,9.89400935e-01,1.76802236e+00
368,7.37000000e+00,15,9.89400935e-01,1.76922889e+00
369,7.39000000e+00,15,9.89400935e-01,1.77043930e+00
370,7.41000000e+00,15,9.89400935e-01,1.77165360e+00
371,7.43000000e+00,15,9.89400935e-01,1.77287178e+00
372,7.45000000e+00,15,9.89400935e-01,1.77409385e+00
373,7.47000000e+00,15,9.89400935e-01,1.77531981e+00
374,7.49000000e+00,15,9.89400935e-01,1.77654968e+00
375,7.51000000e+00,15,9.89400935e-01,1.77778345e+00
376,7.53000000e+00,15,9.89400935e-01,1.77902113e+00
377,7.55000000e+00,15,9.89400935e-01,1.78026272e+00
378,7.57000000e+00,15,9.89400935e-01,1.78150823e+00
379,7.59000000e+00,15,9.89400935e-01,1.78275766e+00
380,7.61000000e+00,15,9.89400935e-01,1.78401102e+00
381,7.63000000e+00,15,9.89400935e-01,1.78526832e+00
382,7.65000000e+00,15,9.89400935e-01,1.78652954e+00
383,7.67000000e+00,15,9.89400935e-01,1.78779471e+00
384,7.69000000e+00,15,9.89400935e-01,1.78906383e+00
385,7.71000000e+00,15,9.89400935e-01,1.79033689e+00
386,7.73000000e+00,15,9.89400935e-01,1.79161391e+00
387,7.75000000e+00,15,9.89400935e-01,1.79289489e+00
388,7.77000000e+00,15,9.89400935e-01,1.79417984e+00
389,7.79000000e+00,15,9.89400935e-01,1.79546875e+00
390,7.81000000e+00,15,9.89400935e-01,1.79676164e+00
391,7.83000000e+00,15,9.89400935e-01,1.79805850e+00
392,7.85000000e+00,15,9.89400935e-01,1.79935935e+00
393,7.87000000e+00,15,9.89400935e-01,1.80066419e+00
394,7.89000000e+00,15,9.89400935e-01,1.80197302e+00
395,7.91000000e+00,15,9.89400935e-01,1.80328584e+00
396,7.93000000e+00,15,9.89400935e-01,1.80460267e+00
397,7.95000000e+00,15,9.89400935e-01,1.80592351e+00
398,7.97000000e+00,15,9.89400935e-01,1.80724836e+00
399,7.99000000e+00,15,9.89400935e-01,1.80857723e+00
400,8.01000000e+00,15,9.89400935e-01,1.80991012e+00
401,8.03000000e+00,15,9.89400935e-01,1.81124703e+00
402,8.05000000e+00,15,9.89400935e-01,1.81258798e+00
403,8.07000000e+00,15,9.89400935e-01,1.81393296e+00
404,8.09000000e+00,15,9.89400935e-01,1.81528199e+00
405,8.11000000e+00,15,9.89400935e-01,1.81663506e+00
406,8.13000000e+00,15,9.89400935e-01,1.81799219e+00
407,8.15000000e+00,15,9.89400935e-01,1.81935337e+00
408,8.17000000e+00,15,9.89400935e-01,1.82071861e+00
409,8.19000000e+00,15,9.89400935e-01,1.82208792e+00
410,8.21000000e+00,15,9.89400935e-01,1.82346130e+00
411,8.23000000e+00,15,9.89400935e-01,1.82483876e+00
412,8.25000000e+00,15,9.89400935e-01,1.82622030e+00
413,8.27000000e+00,15,9.89400935e-01,1.82760592e+00
414,8.29000000e+00,15,9.89400935e-01,1.82899564e+00
415,8.31000000e+00,15,9.89400935e-01,1.83038946e+00
416,8.33000000e+00,15,9.89400935e-01,1.83178737e+00
417,8.35000000e+00,15,9.89400935e-01,1.83318939e+00
418,8.37000000e+00,15,9.89400935e-01,1.83459553e+00
419,8.39000000e+00,15,9.89400935e-01,1.83600578e+00
420,8.41000000e+00,15,9.89400935e-01,1.83742015e+00
421,8.43000000e+00,15,9.89400935e-01,1.83883865e+00
422,8.45000000e+00,15,9.89400935e-01,1.84026128e+00
423,8.47000000e+00,15,9.89400935e-01,1.84168804e+00
424,8.49000000e+00,15,9.89400935e-01,1.84311895e+00
425,8.51000000e+00,15,9.89400935e-01,1.84455400e+00
426,8.53000000e+00,15,9.89400935e-01,1.84599321e+00
427,8.55000000e+00,15,9.89400935e-01,1.84743657e+00
428,8.57000000e+00,15,9.89400935e-01,1.84888409e+00
429,8.59000000e+00,15,9.89400935e-01,1.85033577e+00
430,8.61000000e+00,15,9.89400935e-01,1.85179162e+00
431,8.63000000e+00,15,9.89400935e-01,1.85325165e+00
432,8.65000000e+00,15,9.89400935e-01,1.85471585e+00
433,8.67000000e+00,15,9.89400935e-01,1.85618424e+00
434,8.69000000e+00,15,9.89400935e-01,1.85765681e+00
435,8.71000000e+00,15,9.89400935e-01,1.85913358e+00
436,8.73000000e+00,15,9.89400935e-01,1.86061454e+00
437,8.75000000e+00,15,9.89400935e-01,1.86209970e+00
438,8.77000000e+00,15,9.89400935e-01,1.86358907e+00
439,8.79000000e+00,15,9.89400935e-01,1.86508264e+00
440,8.81000000e+00,15,9.89400935e-01,1.86658043e+00
441,8.83000000e+00,15,9.89400935e-01,1.86808244e+00
442,8.85000000e+00,15,9.89400935e-01,1.86958867e+00
443,8.87000000e+00,15,9.89400935e-01,1.87109912e+00
444,8.89000000e+00,15,9.89400935e-01,1.87261381e+00
445,8.91000000e+00,15,9.89400935e-01,1.87413274e+00
446,8.93000000e+00,15,9.89400935e-01,1.87565591e+00
447,8.95000000e+00,15,9.89400935e-01,1.87718332e+00
448,8.97000000e+00,15,9.89400935e-01,1.87871500e+00
449,8.99000000e+00,15,9.89400935e-01,1.88025093e+00
450,9.01000000e+00,15,9.89400935e-01,1.88179113e+00
451,9.03000000e+00,15,9.89400935e-01,1.88333562e+00
452,9.05000000e+00,15,9.89400935e-01,1.88488438e+00
453,9.07000000e+00,15,9.89400935e-01,1.88643745e+00
454,9.09000000e+00,15,9.89400935e-01,1.88799483e+00
455,9.11000000e+00,15,9.89400935e-01,1.88955652e+00
456,9.13000000e+00,15,9.89400935e-01,1.89112255e+00
457,9.15000000e+00,15,9.89400935e-01,1.89269294e+00
458,9.17000000e+00,15,9.89400935e-01,1.89426769e+00
459,9.19000000e+00,15,9.89400935e-01,1.89584683e+00
460,9.21000000e+00,15,9.89400935e-01,1.89743039e+00
461,9.23000000e+00,15,9.89400935e-01,1.89901838e+00
462,9.25000000e+00,15,9.89400935e-01,1.90061083e+00
463,9.27000000e+00,15,9.89400935e-01,1.90220777e+00
464,9.29000000e+00,15,9.89400935e-01,1.90380923e+00
465,9.31000000e+00,15,9.89400935e-01,1.90541525e+00
466,9.33000000e+00,15,9.89400935e-01,1.90702585e+00
467,9.35000000e+00,15,9.89400935e-01,1.90864109e+00
468,9.37000000e+00,15,9.89400935e-01,1.91026100e+00
469,9.39000000e+00,15,9.89400935e-01,1.91188562e+00
470,9.41000000e+00,15,9.89400935e-01,1.91351498e+00
471,9.43000000e+00,15,9.89400935e-01,1.91514914e+00
472,9.45000000e+00,15,9.89400935e-01,1.91678813e+00
473,9.47000000e+00,15,9.89400935e-01,1.91843199e+00
474,9.49000000e+00,15,9.89400935e-01,1.92008075e+00
475,9.51000000e+00,15,9.89400935e-01,1.92173444e+00
476,9.53000000e+00,15,9.89400935e-01,1.92339308e+00
477,9.55000000e+00,15,9.89400935e-01,1.92505668e+00
478,9.57000000e+00,15,9.89400935e-01,1.92672524e+00
479,9.59000000e+00,15,9.89400935e-01,1.92839876e+00
480,9.61000000e+00,15,9.89400935e-01,1.93007721e+00
481,9.63000000e+00,15,9.89400935e-01,1.93176057e+00
482,9.65000000e+00,15,9.89400935e-01,1.93344880e+00
483,9.67000000e+00,15,9.89400935e-01,1.93514187e+00
484,9.69000000e+00,15,9.89400935e-01,1.93683974e+00
485,9.71000000e+00,15,9.89400935e-01,1.93854242e+00
486,9.73000000e+00,15,9.89400935e-01,1.94024998e+00
487,9.75000000e+00,15,9.89400935e-01,1.94196256e+00
488,9.77000000e+00,15,9.89400935e-01,1.94368047e+00
489,9.79000000e+00,15,9.89400935e-01,1.94540424e+00
490,9.81000000e+00,15,9.89400935e-01,1.94713477e+00
491,9.83000000e+00,15,9.89400935e-01,1.94887346e+00
492,9.85000000e+00,15,9.89400935e-01,1.95062242e+00
493,9.87000000e+00,15,9.89400935e-01,1.95238469e+00
494,9.89000000e+00,15,9.89400935e-01,1.95416394e+00
495,9.91000000e+00,15,9.89400935e-01,1.95596207e+00
496,9.93000000e+00,15,9.89400935e-01,1.95776720e+00
497,9.95000000e+00,15,9.89400935e-01,1.95950363e+00
498,9.97000000e+00,15,9.89400935e-01,1.96083489e+00
499,9.99000000e+00,15,9.89400935e-01,1.96040607e+00
